{
"type": "FeatureCollection",
"name": "detection_results_lines",
"crs": { "type": "name", "properties": { "name": "urn:ogc:def:crs:EPSG::32640" } },
"features": [
{ "type": "Feature", "properties": { "plot": 1 }, "geometry": { "type": "LineString", "coordinates": [ [ 547101.564999999012798, 6450356.924999989569187 ], [ 547101.591000000014901, 6450356.905299999751151 ] ] } },
{ "type": "Feature", "properties": { "plot": 1 }, "geometry": { "type": "LineString", "coordinates": [ [ 547102.756999999051914, 6450354.585 ], [ 547102.817000000039116, 6450354.587299999780953 ] ] } },
{ "type": "Feature", "properties": { "plot": 1 }, "geometry": { "type": "LineString", "coordinates": [ [ 547117.883999999030493, 6450383.737999989651144 ], [ 547117.824000000022352, 6450383.75829999987036 ] ] } },
{ "type": "Feature", "properties": { "plot": 1 }, "geometry": { "type": "LineString", "coordinates": [ [ 547116.295999999041669, 6450384.65500000026077 ], [ 547116.221000000019558, 6450384.648299999535084 ] ] } },
{ "type": "Feature", "properties": { "plot": 1 }, "geometry": { "type": "LineString", "coordinates": [ [ 547115.398000000044703, 6450347.412999990396202 ], [ 547115.447000000043772, 6450347.346300000324845 ] ] } },
{ "type": "Feature", "properties": { "plot": 1 }, "geometry": { "type": "LineString", "coordinates": [ [ 547113.915000000037253, 6450386.825000000186265 ], [ 547113.846000000019558, 6450386.767300000414252 ] ] } },
{ "type": "Feature", "properties": { "plot": 1 }, "geometry": { "type": "LineString", "coordinates": [ [ 547093.702000000048429, 6450380.157999989576638 ], [ 547093.663999999989755, 6450380.075299999676645 ] ] } },
{ "type": "Feature", "properties": { "plot": 1 }, "geometry": { "type": "LineString", "coordinates": [ [ 547119.709999999031425, 6450336.449 ], [ 547119.75, 6450336.35329999960959 ] ] } },
{ "type": "Feature", "properties": { "plot": 1 }, "geometry": { "type": "LineString", "coordinates": [ [ 547079.412000000011176, 6450402.286000000312924 ], [ 547079.339000000036322, 6450402.183299999684095 ] ] } },
{ "type": "Feature", "properties": { "plot": 1 }, "geometry": { "type": "LineString", "coordinates": [ [ 547082.567999999038875, 6450354.264000000432134 ], [ 547082.562999999965541, 6450354.129300000146031 ] ] } },
{ "type": "Feature", "properties": { "plot": 1 }, "geometry": { "type": "LineString", "coordinates": [ [ 547100.354000000050291, 6450420.595999989658594 ], [ 547100.417999999946915, 6450420.715300000272691 ] ] } },
{ "type": "Feature", "properties": { "plot": 1 }, "geometry": { "type": "LineString", "coordinates": [ [ 547107.255, 6450358.816999989561737 ], [ 547107.304, 6450358.681300000287592 ] ] } },
{ "type": "Feature", "properties": { "plot": 1 }, "geometry": { "type": "LineString", "coordinates": [ [ 547109.236000000033528, 6450372.052000000141561 ], [ 547109.111000000033528, 6450372.1283 ] ] } },
{ "type": "Feature", "properties": { "plot": 1 }, "geometry": { "type": "LineString", "coordinates": [ [ 547093.143000000040047, 6450427.202999990433455 ], [ 547093.101000000024214, 6450427.052299999631941 ] ] } },
{ "type": "Feature", "properties": { "plot": 1 }, "geometry": { "type": "LineString", "coordinates": [ [ 547107.753999999025837, 6450366.424999989569187 ], [ 547107.657, 6450366.301300000399351 ] ] } },
{ "type": "Feature", "properties": { "plot": 1 }, "geometry": { "type": "LineString", "coordinates": [ [ 547119.957999999052845, 6450390.981999989598989 ], [ 547119.799, 6450390.933299999684095 ] ] } },
{ "type": "Feature", "properties": { "plot": 1 }, "geometry": { "type": "LineString", "coordinates": [ [ 547095.969000000040978, 6450337.852 ], [ 547095.804, 6450337.826299999840558 ] ] } },
{ "type": "Feature", "properties": { "plot": 1 }, "geometry": { "type": "LineString", "coordinates": [ [ 547110.282, 6450408.855000000447035 ], [ 547110.446, 6450408.894299999810755 ] ] } },
{ "type": "Feature", "properties": { "plot": 1 }, "geometry": { "type": "LineString", "coordinates": [ [ 547114.047999999020249, 6450387.237999989651144 ], [ 547113.908000000054017, 6450387.143299999646842 ] ] } },
{ "type": "Feature", "properties": { "plot": 1 }, "geometry": { "type": "LineString", "coordinates": [ [ 547096.275000000023283, 6450363.144999990239739 ], [ 547096.234000000054948, 6450362.9803 ] ] } },
{ "type": "Feature", "properties": { "plot": 1 }, "geometry": { "type": "LineString", "coordinates": [ [ 547103.716000000014901, 6450345.993999989703298 ], [ 547103.621000000042841, 6450346.143299999646842 ] ] } },
{ "type": "Feature", "properties": { "plot": 1 }, "geometry": { "type": "LineString", "coordinates": [ [ 547102.689000000013039, 6450343.861999990418553 ], [ 547102.685999999986961, 6450344.039300000295043 ] ] } },
{ "type": "Feature", "properties": { "plot": 1 }, "geometry": { "type": "LineString", "coordinates": [ [ 547103.574999999022111, 6450361.801 ], [ 547103.554, 6450361.982300000265241 ] ] } },
{ "type": "Feature", "properties": { "plot": 1 }, "geometry": { "type": "LineString", "coordinates": [ [ 547118.074000000022352, 6450360.667999990284443 ], [ 547118.103, 6450360.848299999721348 ] ] } },
{ "type": "Feature", "properties": { "plot": 1 }, "geometry": { "type": "LineString", "coordinates": [ [ 547092.040999999037012, 6450342.450000000186265 ], [ 547092.197999999974854, 6450342.354299999773502 ] ] } },
{ "type": "Feature", "properties": { "plot": 1 }, "geometry": { "type": "LineString", "coordinates": [ [ 547091.008999999030493, 6450373.475999989546835 ], [ 547091.020000000018626, 6450373.676300000399351 ] ] } },
{ "type": "Feature", "properties": { "plot": 1 }, "geometry": { "type": "LineString", "coordinates": [ [ 547083.601999999023974, 6450415.036999990232289 ], [ 547083.719000000040978, 6450415.203300000168383 ] ] } },
{ "type": "Feature", "properties": { "plot": 1 }, "geometry": { "type": "LineString", "coordinates": [ [ 547076.562000000034459, 6450367.33999998960644 ], [ 547076.368000000016764, 6450367.4013 ] ] } },
{ "type": "Feature", "properties": { "plot": 1 }, "geometry": { "type": "LineString", "coordinates": [ [ 547079.385, 6450350.49100000038743 ], [ 547079.59699999995064, 6450350.474299999885261 ] ] } },
{ "type": "Feature", "properties": { "plot": 1 }, "geometry": { "type": "LineString", "coordinates": [ [ 547094.988999999011867, 6450360.608 ], [ 547095.047000000020489, 6450360.8153 ] ] } },
{ "type": "Feature", "properties": { "plot": 1 }, "geometry": { "type": "LineString", "coordinates": [ [ 547112.128999999025837, 6450354.396999989636242 ], [ 547112.189000000013039, 6450354.188299999572337 ] ] } },
{ "type": "Feature", "properties": { "plot": 1 }, "geometry": { "type": "LineString", "coordinates": [ [ 547076.136000000056811, 6450362.373999989591539 ], [ 547076.231999999959953, 6450362.177299999631941 ] ] } },
{ "type": "Feature", "properties": { "plot": 1 }, "geometry": { "type": "LineString", "coordinates": [ [ 547120.094999999040738, 6450418.362999989651144 ], [ 547120.285000000032596, 6450418.47829999960959 ] ] } },
{ "type": "Feature", "properties": { "plot": 1 }, "geometry": { "type": "LineString", "coordinates": [ [ 547086.515999999013729, 6450361.122000000439584 ], [ 547086.506000000052154, 6450360.897300000302494 ] ] } },
{ "type": "Feature", "properties": { "plot": 1 }, "geometry": { "type": "LineString", "coordinates": [ [ 547120.648000000044703, 6450389.99100000038743 ], [ 547120.488000000012107, 6450390.1563 ] ] } },
{ "type": "Feature", "properties": { "plot": 1 }, "geometry": { "type": "LineString", "coordinates": [ [ 547085.946, 6450356.506 ], [ 547086.167000000015832, 6450356.4413 ] ] } },
{ "type": "Feature", "properties": { "plot": 1 }, "geometry": { "type": "LineString", "coordinates": [ [ 547108.67000000004191, 6450353.864 ], [ 547108.863000000012107, 6450354.0033 ] ] } },
{ "type": "Feature", "properties": { "plot": 1 }, "geometry": { "type": "LineString", "coordinates": [ [ 547091.545999999041669, 6450332.031999990344048 ], [ 547091.758000000030734, 6450332.14130000025034 ] ] } },
{ "type": "Feature", "properties": { "plot": 1 }, "geometry": { "type": "LineString", "coordinates": [ [ 547103.071, 6450336.599000000394881 ], [ 547103.017, 6450336.837299999780953 ] ] } },
{ "type": "Feature", "properties": { "plot": 1 }, "geometry": { "type": "LineString", "coordinates": [ [ 547085.241999999037944, 6450336.014000000432134 ], [ 547085.444999999948777, 6450335.858300000429153 ] ] } },
{ "type": "Feature", "properties": { "plot": 1 }, "geometry": { "type": "LineString", "coordinates": [ [ 547121.770999999018386, 6450384.077999990433455 ], [ 547121.537000000011176, 6450384.206299999728799 ] ] } },
{ "type": "Feature", "properties": { "plot": 1 }, "geometry": { "type": "LineString", "coordinates": [ [ 547077.300000000046566, 6450341.901999990455806 ], [ 547077.334999999962747, 6450341.63329999987036 ] ] } },
{ "type": "Feature", "properties": { "plot": 1 }, "geometry": { "type": "LineString", "coordinates": [ [ 547087.131999999051914, 6450382.855000000447035 ], [ 547087.38, 6450382.729299999773502 ] ] } },
{ "type": "Feature", "properties": { "plot": 1 }, "geometry": { "type": "LineString", "coordinates": [ [ 547101.954999999026768, 6450378.031000000424683 ], [ 547101.756000000052154, 6450378.226300000213087 ] ] } },
{ "type": "Feature", "properties": { "plot": 1 }, "geometry": { "type": "LineString", "coordinates": [ [ 547112.802000000025146, 6450340.133999990299344 ], [ 547113.062000000034459, 6450340.2363 ] ] } },
{ "type": "Feature", "properties": { "plot": 1 }, "geometry": { "type": "LineString", "coordinates": [ [ 547088.841999999014661, 6450331.651999990455806 ], [ 547088.689999999944121, 6450331.893299999646842 ] ] } },
{ "type": "Feature", "properties": { "plot": 1 }, "geometry": { "type": "LineString", "coordinates": [ [ 547116.971999999019317, 6450414.924999989569187 ], [ 547117.163999999989755, 6450415.137299999594688 ] ] } },
{ "type": "Feature", "properties": { "plot": 1 }, "geometry": { "type": "LineString", "coordinates": [ [ 547079.567999999038875, 6450363.514999990351498 ], [ 547079.665000000037253, 6450363.244300000369549 ] ] } },
{ "type": "Feature", "properties": { "plot": 1 }, "geometry": { "type": "LineString", "coordinates": [ [ 547115.101000000024214, 6450362.620000000111759 ], [ 547114.827000000048429, 6450362.522300000302494 ] ] } },
{ "type": "Feature", "properties": { "plot": 1 }, "geometry": { "type": "LineString", "coordinates": [ [ 547085.991000000038184, 6450331.08 ], [ 547085.853, 6450330.823300000280142 ] ] } },
{ "type": "Feature", "properties": { "plot": 1 }, "geometry": { "type": "LineString", "coordinates": [ [ 547121.299, 6450410.957999990321696 ], [ 547121.398999999975786, 6450411.232300000265241 ] ] } },
{ "type": "Feature", "properties": { "plot": 1 }, "geometry": { "type": "LineString", "coordinates": [ [ 547098.770999999018386, 6450351.360000000335276 ], [ 547099.042000000015832, 6450351.250300000421703 ] ] } },
{ "type": "Feature", "properties": { "plot": 1 }, "geometry": { "type": "LineString", "coordinates": [ [ 547103.604000000050291, 6450359.309999990276992 ], [ 547103.567000000039116, 6450359.018299999646842 ] ] } },
{ "type": "Feature", "properties": { "plot": 1 }, "geometry": { "type": "LineString", "coordinates": [ [ 547080.927000000025146, 6450390.930999989621341 ], [ 547081.037000000011176, 6450390.6513 ] ] } },
{ "type": "Feature", "properties": { "plot": 1 }, "geometry": { "type": "LineString", "coordinates": [ [ 547085.611999999033287, 6450352.497999990358949 ], [ 547085.366000000038184, 6450352.671299999579787 ] ] } },
{ "type": "Feature", "properties": { "plot": 1 }, "geometry": { "type": "LineString", "coordinates": [ [ 547098.542000000015832, 6450346.038999989628792 ], [ 547098.755, 6450346.2533 ] ] } },
{ "type": "Feature", "properties": { "plot": 1 }, "geometry": { "type": "LineString", "coordinates": [ [ 547109.736000000033528, 6450350.608 ], [ 547110.005, 6450350.468299999833107 ] ] } },
{ "type": "Feature", "properties": { "plot": 1 }, "geometry": { "type": "LineString", "coordinates": [ [ 547083.814999999012798, 6450346.83899999037385 ], [ 547083.910000000032596, 6450347.136300000362098 ] ] } },
{ "type": "Feature", "properties": { "plot": 1 }, "geometry": { "type": "LineString", "coordinates": [ [ 547098.714999999036081, 6450353.951999990269542 ], [ 547098.62699999997858, 6450353.650299999862909 ] ] } },
{ "type": "Feature", "properties": { "plot": 1 }, "geometry": { "type": "LineString", "coordinates": [ [ 547106.768999999039806, 6450381.445000000298023 ], [ 547106.474000000045635, 6450381.564299999736249 ] ] } },
{ "type": "Feature", "properties": { "plot": 1 }, "geometry": { "type": "LineString", "coordinates": [ [ 547122.555000000051223, 6450378.809000000357628 ], [ 547122.446, 6450379.108300000429153 ] ] } },
{ "type": "Feature", "properties": { "plot": 1 }, "geometry": { "type": "LineString", "coordinates": [ [ 547106.927999999024905, 6450340.980999990366399 ], [ 547106.631999999983236, 6450341.108300000429153 ] ] } },
{ "type": "Feature", "properties": { "plot": 1 }, "geometry": { "type": "LineString", "coordinates": [ [ 547081.40300000004936, 6450374.122999990358949 ], [ 547081.648000000044703, 6450374.332299999892712 ] ] } },
{ "type": "Feature", "properties": { "plot": 1 }, "geometry": { "type": "LineString", "coordinates": [ [ 547115.932999999029562, 6450351.3219999903813 ], [ 547115.809, 6450351.621299999766052 ] ] } },
{ "type": "Feature", "properties": { "plot": 1 }, "geometry": { "type": "LineString", "coordinates": [ [ 547102.363000000012107, 6450350.059000000357628 ], [ 547102.523999999975786, 6450350.341300000436604 ] ] } },
{ "type": "Feature", "properties": { "plot": 1 }, "geometry": { "type": "LineString", "coordinates": [ [ 547086.109000000054948, 6450337.111999990418553 ], [ 547086.40300000004936, 6450336.9693 ] ] } },
{ "type": "Feature", "properties": { "plot": 1 }, "geometry": { "type": "LineString", "coordinates": [ [ 547112.047999999020249, 6450398.822999989613891 ], [ 547112.297000000020489, 6450398.604299999773502 ] ] } },
{ "type": "Feature", "properties": { "plot": 1 }, "geometry": { "type": "LineString", "coordinates": [ [ 547083.38699999905657, 6450330.344999990426004 ], [ 547083.099000000045635, 6450330.5143 ] ] } },
{ "type": "Feature", "properties": { "plot": 1 }, "geometry": { "type": "LineString", "coordinates": [ [ 547081.962999999057502, 6450383.263000000268221 ], [ 547082.066, 6450382.9403 ] ] } },
{ "type": "Feature", "properties": { "plot": 1 }, "geometry": { "type": "LineString", "coordinates": [ [ 547116.456, 6450347.769000000320375 ], [ 547116.341000000014901, 6450347.447300000116229 ] ] } },
{ "type": "Feature", "properties": { "plot": 1 }, "geometry": { "type": "LineString", "coordinates": [ [ 547074.616999999037944, 6450374.969999990426004 ], [ 547074.353, 6450374.7473 ] ] } },
{ "type": "Feature", "properties": { "plot": 1 }, "geometry": { "type": "LineString", "coordinates": [ [ 547097.837000000057742, 6450344.3219999903813 ], [ 547098.174, 6450344.246299999766052 ] ] } },
{ "type": "Feature", "properties": { "plot": 1 }, "geometry": { "type": "LineString", "coordinates": [ [ 547089.929, 6450333.427000000141561 ], [ 547089.785000000032596, 6450333.74129999987781 ] ] } },
{ "type": "Feature", "properties": { "plot": 1 }, "geometry": { "type": "LineString", "coordinates": [ [ 547121.645999999018386, 6450400.455 ], [ 547121.680999999982305, 6450400.801300000399351 ] ] } },
{ "type": "Feature", "properties": { "plot": 1 }, "geometry": { "type": "LineString", "coordinates": [ [ 547100.175000000046566, 6450367.434999990276992 ], [ 547100.51300000003539, 6450367.5373 ] ] } },
{ "type": "Feature", "properties": { "plot": 1 }, "geometry": { "type": "LineString", "coordinates": [ [ 547117.243999999016523, 6450380.58 ], [ 547116.919, 6450380.740299999713898 ] ] } },
{ "type": "Feature", "properties": { "plot": 1 }, "geometry": { "type": "LineString", "coordinates": [ [ 547088.571, 6450364.785000000149012 ], [ 547088.273000000044703, 6450364.9973 ] ] } },
{ "type": "Feature", "properties": { "plot": 1 }, "geometry": { "type": "LineString", "coordinates": [ [ 547078.606000000028871, 6450346.375 ], [ 547078.930000000051223, 6450346.198300000280142 ] ] } },
{ "type": "Feature", "properties": { "plot": 1 }, "geometry": { "type": "LineString", "coordinates": [ [ 547104.233, 6450411.525000000372529 ], [ 547104.158999999985099, 6450411.160299999639392 ] ] } },
{ "type": "Feature", "properties": { "plot": 1 }, "geometry": { "type": "LineString", "coordinates": [ [ 547102.062000000034459, 6450342.962000000290573 ], [ 547102.366000000038184, 6450342.7423 ] ] } },
{ "type": "Feature", "properties": { "plot": 1 }, "geometry": { "type": "LineString", "coordinates": [ [ 547091.229000000050291, 6450378.674999989569187 ], [ 547091.066, 6450378.3333 ] ] } },
{ "type": "Feature", "properties": { "plot": 1 }, "geometry": { "type": "LineString", "coordinates": [ [ 547103.015999999013729, 6450333.69400000013411 ], [ 547102.832999999984168, 6450333.360299999825656 ] ] } },
{ "type": "Feature", "properties": { "plot": 1 }, "geometry": { "type": "LineString", "coordinates": [ [ 547103.216000000014901, 6450352.767 ], [ 547103.400000000023283, 6450352.433299999684095 ] ] } },
{ "type": "Feature", "properties": { "plot": 1 }, "geometry": { "type": "LineString", "coordinates": [ [ 547115.52800000004936, 6450348.208999989554286 ], [ 547115.716000000014901, 6450348.545300000347197 ] ] } },
{ "type": "Feature", "properties": { "plot": 1 }, "geometry": { "type": "LineString", "coordinates": [ [ 547113.268000000040047, 6450347.21100000012666 ], [ 547112.883000000030734, 6450347.285299999639392 ] ] } },
{ "type": "Feature", "properties": { "plot": 1 }, "geometry": { "type": "LineString", "coordinates": [ [ 547081.27800000004936, 6450363.196000000461936 ], [ 547081.314999999944121, 6450362.80530000012368 ] ] } },
{ "type": "Feature", "properties": { "plot": 1 }, "geometry": { "type": "LineString", "coordinates": [ [ 547104.603, 6450353.064000000245869 ], [ 547104.216999999945983, 6450352.988300000317395 ] ] } },
{ "type": "Feature", "properties": { "plot": 1 }, "geometry": { "type": "LineString", "coordinates": [ [ 547086.809, 6450342.367999989539385 ], [ 547086.576, 6450342.040300000458956 ] ] } },
{ "type": "Feature", "properties": { "plot": 1 }, "geometry": { "type": "LineString", "coordinates": [ [ 547096.910999999032356, 6450353.939000000245869 ], [ 547096.929, 6450353.536299999803305 ] ] } },
{ "type": "Feature", "properties": { "plot": 1 }, "geometry": { "type": "LineString", "coordinates": [ [ 547084.94099999894388, 6450388.438 ], [ 547085.01300000003539, 6450388.83629999961704 ] ] } },
{ "type": "Feature", "properties": { "plot": 1 }, "geometry": { "type": "LineString", "coordinates": [ [ 547116.640999999013729, 6450340.427000000141561 ], [ 547116.824000000022352, 6450340.790300000458956 ] ] } },
{ "type": "Feature", "properties": { "plot": 1 }, "geometry": { "type": "LineString", "coordinates": [ [ 547105.378000000026077, 6450420.775000000372529 ], [ 547105.734000000054948, 6450420.979299999773502 ] ] } },
{ "type": "Feature", "properties": { "plot": 1 }, "geometry": { "type": "LineString", "coordinates": [ [ 547086.437999999034218, 6450384.934999990276992 ], [ 547086.346000000019558, 6450385.33530000038445 ] ] } },
{ "type": "Feature", "properties": { "plot": 1 }, "geometry": { "type": "LineString", "coordinates": [ [ 547106.564999999012798, 6450407.416000000201166 ], [ 547106.844000000040978, 6450407.732300000265241 ] ] } },
{ "type": "Feature", "properties": { "plot": 1 }, "geometry": { "type": "LineString", "coordinates": [ [ 547109.162999999010935, 6450395.514000000432134 ], [ 547109.26300000003539, 6450395.927299999631941 ] ] } },
{ "type": "Feature", "properties": { "plot": 1 }, "geometry": { "type": "LineString", "coordinates": [ [ 547088.532, 6450367.429999990388751 ], [ 547088.133999999961816, 6450367.5943 ] ] } },
{ "type": "Feature", "properties": { "plot": 1 }, "geometry": { "type": "LineString", "coordinates": [ [ 547106.006999999051914, 6450342.549999989569187 ], [ 547106.321, 6450342.251299999654293 ] ] } },
{ "type": "Feature", "properties": { "plot": 1 }, "geometry": { "type": "LineString", "coordinates": [ [ 547108.895000000018626, 6450333.389999990351498 ], [ 547109.334000000031665, 6450333.462299999780953 ] ] } },
{ "type": "Feature", "properties": { "plot": 1 }, "geometry": { "type": "LineString", "coordinates": [ [ 547100.243000000016764, 6450415.646999989636242 ], [ 547100.532, 6450415.307300000451505 ] ] } },
{ "type": "Feature", "properties": { "plot": 1 }, "geometry": { "type": "LineString", "coordinates": [ [ 547089.082000000053085, 6450347.6969999903813 ], [ 547089.525000000023283, 6450347.8383 ] ] } },
{ "type": "Feature", "properties": { "plot": 1 }, "geometry": { "type": "LineString", "coordinates": [ [ 547104.49800000002142, 6450414.523 ], [ 547104.782, 6450414.899299999698997 ] ] } },
{ "type": "Feature", "properties": { "plot": 1 }, "geometry": { "type": "LineString", "coordinates": [ [ 547099.447000000043772, 6450428.179999990388751 ], [ 547099.194000000017695, 6450427.780299999751151 ] ] } },
{ "type": "Feature", "properties": { "plot": 1 }, "geometry": { "type": "LineString", "coordinates": [ [ 547113.339999999036081, 6450374.767 ], [ 547112.971000000019558, 6450375.063299999572337 ] ] } },
{ "type": "Feature", "properties": { "plot": 1 }, "geometry": { "type": "LineString", "coordinates": [ [ 547120.826, 6450403.901999990455806 ], [ 547120.919, 6450404.380300000309944 ] ] } },
{ "type": "Feature", "properties": { "plot": 1 }, "geometry": { "type": "LineString", "coordinates": [ [ 547081.145999999018386, 6450413.059999990276992 ], [ 547081.621999999973923, 6450412.947300000116229 ] ] } },
{ "type": "Feature", "properties": { "plot": 1 }, "geometry": { "type": "LineString", "coordinates": [ [ 547118.481000000028871, 6450387.145999990403652 ], [ 547118.385, 6450387.629300000146031 ] ] } },
{ "type": "Feature", "properties": { "plot": 1 }, "geometry": { "type": "LineString", "coordinates": [ [ 547087.78000000002794, 6450355.37799999024719 ], [ 547088.268000000040047, 6450355.484299999661744 ] ] } },
{ "type": "Feature", "properties": { "plot": 1 }, "geometry": { "type": "LineString", "coordinates": [ [ 547075.621000000042841, 6450350.652999989688396 ], [ 547075.902, 6450350.239299999549985 ] ] } },
{ "type": "Feature", "properties": { "plot": 1 }, "geometry": { "type": "LineString", "coordinates": [ [ 547087.934, 6450411.036000000312924 ], [ 547087.601000000024214, 6450411.409300000406802 ] ] } },
{ "type": "Feature", "properties": { "plot": 1 }, "geometry": { "type": "LineString", "coordinates": [ [ 547111.287999999010935, 6450397.25299999024719 ], [ 547111.680000000051223, 6450397.5653 ] ] } },
{ "type": "Feature", "properties": { "plot": 1 }, "geometry": { "type": "LineString", "coordinates": [ [ 547105.214999999036081, 6450371.478000000119209 ], [ 547104.775000000023283, 6450371.235299999825656 ] ] } },
{ "type": "Feature", "properties": { "plot": 1 }, "geometry": { "type": "LineString", "coordinates": [ [ 547108.567999999038875, 6450382.428000000305474 ], [ 547108.84699999995064, 6450382.001299999654293 ] ] } },
{ "type": "Feature", "properties": { "plot": 1 }, "geometry": { "type": "LineString", "coordinates": [ [ 547101.135, 6450375.42200000025332 ], [ 547100.885, 6450375.87430000025779 ] ] } },
{ "type": "Feature", "properties": { "plot": 1 }, "geometry": { "type": "LineString", "coordinates": [ [ 547094.150999999023043, 6450330.483 ], [ 547094.496999999973923, 6450330.868300000205636 ] ] } },
{ "type": "Feature", "properties": { "plot": 1 }, "geometry": { "type": "LineString", "coordinates": [ [ 547085.02800000004936, 6450350.149000000208616 ], [ 547085.059, 6450350.6722999997437 ] ] } },
{ "type": "Feature", "properties": { "plot": 1 }, "geometry": { "type": "LineString", "coordinates": [ [ 547108.579000000027008, 6450360.332999990321696 ], [ 547108.12, 6450360.587299999780953 ] ] } },
{ "type": "Feature", "properties": { "plot": 1 }, "geometry": { "type": "LineString", "coordinates": [ [ 547111.150999999023043, 6450357.907999989576638 ], [ 547111.657, 6450357.744300000369549 ] ] } },
{ "type": "Feature", "properties": { "plot": 1 }, "geometry": { "type": "LineString", "coordinates": [ [ 547088.976999999023974, 6450373.360999990254641 ], [ 547088.944000000017695, 6450372.823300000280142 ] ] } },
{ "type": "Feature", "properties": { "plot": 1 }, "geometry": { "type": "LineString", "coordinates": [ [ 547074.77899999904912, 6450376.123999989591539 ], [ 547074.451, 6450375.695299999788404 ] ] } },
{ "type": "Feature", "properties": { "plot": 1 }, "geometry": { "type": "LineString", "coordinates": [ [ 547073.466999999014661, 6450340.915 ], [ 547073.853, 6450341.295300000347197 ] ] } },
{ "type": "Feature", "properties": { "plot": 1 }, "geometry": { "type": "LineString", "coordinates": [ [ 547093.957000000053085, 6450369.377000000327826 ], [ 547093.457000000053085, 6450369.592299999669194 ] ] } },
{ "type": "Feature", "properties": { "plot": 1 }, "geometry": { "type": "LineString", "coordinates": [ [ 547078.26199999905657, 6450335.08600000012666 ], [ 547078.795999999972992, 6450335.233300000429153 ] ] } },
{ "type": "Feature", "properties": { "plot": 1 }, "geometry": { "type": "LineString", "coordinates": [ [ 547074.430000000051223, 6450371.610000000335276 ], [ 547074.062000000034459, 6450372.024299999698997 ] ] } },
{ "type": "Feature", "properties": { "plot": 1 }, "geometry": { "type": "LineString", "coordinates": [ [ 547101.44099999894388, 6450339.109000000171363 ], [ 547101.452000000048429, 6450338.551300000399351 ] ] } },
{ "type": "Feature", "properties": { "plot": 1 }, "geometry": { "type": "LineString", "coordinates": [ [ 547106.261000000056811, 6450370.326999990269542 ], [ 547106.816, 6450370.388299999758601 ] ] } },
{ "type": "Feature", "properties": { "plot": 1 }, "geometry": { "type": "LineString", "coordinates": [ [ 547108.51500000001397, 6450337.61600000038743 ], [ 547107.957000000053085, 6450337.637299999594688 ] ] } },
{ "type": "Feature", "properties": { "plot": 1 }, "geometry": { "type": "LineString", "coordinates": [ [ 547098.415000000037253, 6450390.185999990440905 ], [ 547097.979999999981374, 6450390.5373 ] ] } },
{ "type": "Feature", "properties": { "plot": 1 }, "geometry": { "type": "LineString", "coordinates": [ [ 547118.339999999036081, 6450373.793999990448356 ], [ 547117.895999999949709, 6450374.136300000362098 ] ] } },
{ "type": "Feature", "properties": { "plot": 1 }, "geometry": { "type": "LineString", "coordinates": [ [ 547120.270999999018386, 6450337.974000000394881 ], [ 547120.550000000046566, 6450338.46129999961704 ] ] } },
{ "type": "Feature", "properties": { "plot": 1 }, "geometry": { "type": "LineString", "coordinates": [ [ 547075.0, 6450371.651999990455806 ], [ 547075.246000000042841, 6450372.1573 ] ] } },
{ "type": "Feature", "properties": { "plot": 1 }, "geometry": { "type": "LineString", "coordinates": [ [ 547118.601999999023974, 6450367.980000000447035 ], [ 547118.055000000051223, 6450368.129300000146031 ] ] } },
{ "type": "Feature", "properties": { "plot": 1 }, "geometry": { "type": "LineString", "coordinates": [ [ 547111.28000000002794, 6450337.733 ], [ 547111.488999999943189, 6450337.204300000332296 ] ] } },
{ "type": "Feature", "properties": { "plot": 1 }, "geometry": { "type": "LineString", "coordinates": [ [ 547081.63899999903515, 6450350.480999990366399 ], [ 547081.993000000016764, 6450350.926300000399351 ] ] } },
{ "type": "Feature", "properties": { "plot": 1 }, "geometry": { "type": "LineString", "coordinates": [ [ 547080.459000000031665, 6450356.716 ], [ 547080.209000000031665, 6450356.204300000332296 ] ] } },
{ "type": "Feature", "properties": { "plot": 1 }, "geometry": { "type": "LineString", "coordinates": [ [ 547118.76199999905657, 6450359.139999990351498 ], [ 547119.322000000043772, 6450359.251299999654293 ] ] } },
{ "type": "Feature", "properties": { "plot": 1 }, "geometry": { "type": "LineString", "coordinates": [ [ 547079.841000000014901, 6450374.525000000372529 ], [ 547080.224999999976717, 6450374.099299999885261 ] ] } },
{ "type": "Feature", "properties": { "plot": 1 }, "geometry": { "type": "LineString", "coordinates": [ [ 547119.180999999050982, 6450393.977 ], [ 547119.067000000039116, 6450394.559299999848008 ] ] } },
{ "type": "Feature", "properties": { "plot": 1 }, "geometry": { "type": "LineString", "coordinates": [ [ 547095.386000000056811, 6450352.240000000223517 ], [ 547095.408000000054017, 6450351.635300000198185 ] ] } },
{ "type": "Feature", "properties": { "plot": 1 }, "geometry": { "type": "LineString", "coordinates": [ [ 547098.920999999041669, 6450335.144999990239739 ], [ 547099.432999999960884, 6450334.819299999624491 ] ] } },
{ "type": "Feature", "properties": { "plot": 1 }, "geometry": { "type": "LineString", "coordinates": [ [ 547086.177999999024905, 6450374.945000000298023 ], [ 547086.182000000029802, 6450374.33629999961704 ] ] } },
{ "type": "Feature", "properties": { "plot": 1 }, "geometry": { "type": "LineString", "coordinates": [ [ 547077.180000000051223, 6450392.852 ], [ 547076.728, 6450393.263299999758601 ] ] } },
{ "type": "Feature", "properties": { "plot": 1 }, "geometry": { "type": "LineString", "coordinates": [ [ 547076.371000000042841, 6450385.654 ], [ 547076.231999999959953, 6450385.051300000399351 ] ] } },
{ "type": "Feature", "properties": { "plot": 1 }, "geometry": { "type": "LineString", "coordinates": [ [ 547090.300000000046566, 6450424.296 ], [ 547090.604999999981374, 6450423.757299999706447 ] ] } },
{ "type": "Feature", "properties": { "plot": 1 }, "geometry": { "type": "LineString", "coordinates": [ [ 547097.113999999011867, 6450409.939000000245869 ], [ 547096.518999999971129, 6450409.76630000025034 ] ] } },
{ "type": "Feature", "properties": { "plot": 1 }, "geometry": { "type": "LineString", "coordinates": [ [ 547075.38800000003539, 6450391.498999989591539 ], [ 547075.082999999984168, 6450392.03830000013113 ] ] } },
{ "type": "Feature", "properties": { "plot": 1 }, "geometry": { "type": "LineString", "coordinates": [ [ 547121.435000000055879, 6450421.6969999903813 ], [ 547120.829000000027008, 6450421.828300000168383 ] ] } },
{ "type": "Feature", "properties": { "plot": 1 }, "geometry": { "type": "LineString", "coordinates": [ [ 547106.175999999046326, 6450331.094999990426004 ], [ 547105.591000000014901, 6450330.877299999818206 ] ] } },
{ "type": "Feature", "properties": { "plot": 1 }, "geometry": { "type": "LineString", "coordinates": [ [ 547104.631999999051914, 6450410.314000000245869 ], [ 547104.072999999974854, 6450410.027300000190735 ] ] } },
{ "type": "Feature", "properties": { "plot": 1 }, "geometry": { "type": "LineString", "coordinates": [ [ 547103.094000000040978, 6450359.83999998960644 ], [ 547102.471000000019558, 6450359.944299999624491 ] ] } },
{ "type": "Feature", "properties": { "plot": 1 }, "geometry": { "type": "LineString", "coordinates": [ [ 547113.207000000053085, 6450411.876000000163913 ], [ 547112.67000000004191, 6450412.217299999669194 ] ] } },
{ "type": "Feature", "properties": { "plot": 1 }, "geometry": { "type": "LineString", "coordinates": [ [ 547092.609999999054708, 6450349.123999989591539 ], [ 547093.216000000014901, 6450349.3443 ] ] } },
{ "type": "Feature", "properties": { "plot": 1 }, "geometry": { "type": "LineString", "coordinates": [ [ 547083.8719999990426, 6450413.525999990291893 ], [ 547084.047000000020489, 6450414.152300000190735 ] ] } },
{ "type": "Feature", "properties": { "plot": 1 }, "geometry": { "type": "LineString", "coordinates": [ [ 547088.844999999040738, 6450371.502000000327826 ], [ 547088.452999999979511, 6450372.0263 ] ] } },
{ "type": "Feature", "properties": { "plot": 1 }, "geometry": { "type": "LineString", "coordinates": [ [ 547117.898000000044703, 6450419.462000000290573 ], [ 547117.54500000004191, 6450418.910299999639392 ] ] } },
{ "type": "Feature", "properties": { "plot": 1 }, "geometry": { "type": "LineString", "coordinates": [ [ 547107.12, 6450384.166000000201166 ], [ 547106.648000000044703, 6450383.71030000038445 ] ] } },
{ "type": "Feature", "properties": { "plot": 1 }, "geometry": { "type": "LineString", "coordinates": [ [ 547114.331, 6450419.83 ], [ 547113.956, 6450419.291299999691546 ] ] } },
{ "type": "Feature", "properties": { "plot": 1 }, "geometry": { "type": "LineString", "coordinates": [ [ 547116.473, 6450403.098000000230968 ], [ 547116.003999999957159, 6450403.557300000451505 ] ] } },
{ "type": "Feature", "properties": { "plot": 1 }, "geometry": { "type": "LineString", "coordinates": [ [ 547098.447999999043532, 6450361.010999989695847 ], [ 547098.300000000046566, 6450360.36629999987781 ] ] } },
{ "type": "Feature", "properties": { "plot": 1 }, "geometry": { "type": "LineString", "coordinates": [ [ 547103.069999999017455, 6450380.696000000461936 ], [ 547102.484000000054948, 6450381.0033 ] ] } },
{ "type": "Feature", "properties": { "plot": 1 }, "geometry": { "type": "LineString", "coordinates": [ [ 547090.216999999014661, 6450416.684999990276992 ], [ 547090.049, 6450417.329300000332296 ] ] } },
{ "type": "Feature", "properties": { "plot": 1 }, "geometry": { "type": "LineString", "coordinates": [ [ 547110.179, 6450374.492999989539385 ], [ 547110.353, 6450375.136300000362098 ] ] } },
{ "type": "Feature", "properties": { "plot": 1 }, "geometry": { "type": "LineString", "coordinates": [ [ 547105.807999999029562, 6450345.887000000104308 ], [ 547105.162000000011176, 6450346.0543 ] ] } },
{ "type": "Feature", "properties": { "plot": 1 }, "geometry": { "type": "LineString", "coordinates": [ [ 547076.893000000040047, 6450359.883999990299344 ], [ 547076.466000000014901, 6450360.400299999862909 ] ] } },
{ "type": "Feature", "properties": { "plot": 1 }, "geometry": { "type": "LineString", "coordinates": [ [ 547074.581, 6450403.036999990232289 ], [ 547073.993000000016764, 6450403.359299999661744 ] ] } },
{ "type": "Feature", "properties": { "plot": 1 }, "geometry": { "type": "LineString", "coordinates": [ [ 547113.929, 6450344.549999989569187 ], [ 547114.219000000040978, 6450343.944299999624491 ] ] } },
{ "type": "Feature", "properties": { "plot": 1 }, "geometry": { "type": "LineString", "coordinates": [ [ 547092.917999999015592, 6450384.718999990262091 ], [ 547092.256000000052154, 6450384.931300000287592 ] ] } },
{ "type": "Feature", "properties": { "plot": 1 }, "geometry": { "type": "LineString", "coordinates": [ [ 547090.221000000019558, 6450391.430999989621341 ], [ 547089.763999999966472, 6450390.888299999758601 ] ] } },
{ "type": "Feature", "properties": { "plot": 1 }, "geometry": { "type": "LineString", "coordinates": [ [ 547089.096000000019558, 6450374.945000000298023 ], [ 547088.400999999954365, 6450375.095300000160933 ] ] } },
{ "type": "Feature", "properties": { "plot": 1 }, "geometry": { "type": "LineString", "coordinates": [ [ 547100.022, 6450371.508999990299344 ], [ 547099.827000000048429, 6450372.194299999624491 ] ] } },
{ "type": "Feature", "properties": { "plot": 1 }, "geometry": { "type": "LineString", "coordinates": [ [ 547107.092999998945743, 6450361.997999990358949 ], [ 547106.756999999983236, 6450361.36629999987781 ] ] } },
{ "type": "Feature", "properties": { "plot": 1 }, "geometry": { "type": "LineString", "coordinates": [ [ 547074.184, 6450336.832999990321696 ], [ 547073.569000000017695, 6450337.205299999564886 ] ] } },
{ "type": "Feature", "properties": { "plot": 1 }, "geometry": { "type": "LineString", "coordinates": [ [ 547083.314999999012798, 6450410.037999990396202 ], [ 547082.920999999972992, 6450410.6453 ] ] } },
{ "type": "Feature", "properties": { "plot": 1 }, "geometry": { "type": "LineString", "coordinates": [ [ 547095.967999998945743, 6450423.531000000424683 ], [ 547096.677000000025146, 6450423.2983 ] ] } },
{ "type": "Feature", "properties": { "plot": 1 }, "geometry": { "type": "LineString", "coordinates": [ [ 547097.731999999028631, 6450387.368999989703298 ], [ 547097.047999999951571, 6450387.6683 ] ] } },
{ "type": "Feature", "properties": { "plot": 1 }, "geometry": { "type": "LineString", "coordinates": [ [ 547101.359000000054948, 6450335.031999990344048 ], [ 547100.672999999951571, 6450335.3443 ] ] } },
{ "type": "Feature", "properties": { "plot": 1 }, "geometry": { "type": "LineString", "coordinates": [ [ 547096.650000000023283, 6450394.088000000454485 ], [ 547095.917999999946915, 6450394.2933 ] ] } },
{ "type": "Feature", "properties": { "plot": 1 }, "geometry": { "type": "LineString", "coordinates": [ [ 547103.775000000023283, 6450377.743999989703298 ], [ 547104.523000000044703, 6450377.568300000391901 ] ] } },
{ "type": "Feature", "properties": { "plot": 1 }, "geometry": { "type": "LineString", "coordinates": [ [ 547096.868999999016523, 6450334.291000000201166 ], [ 547096.312000000034459, 6450333.761300000362098 ] ] } },
{ "type": "Feature", "properties": { "plot": 1 }, "geometry": { "type": "LineString", "coordinates": [ [ 547079.062000000034459, 6450381.926 ], [ 547079.635, 6450381.4123 ] ] } },
{ "type": "Feature", "properties": { "plot": 1 }, "geometry": { "type": "LineString", "coordinates": [ [ 547077.454000000027008, 6450419.993999989703298 ], [ 547076.913999999989755, 6450420.5433 ] ] } },
{ "type": "Feature", "properties": { "plot": 1 }, "geometry": { "type": "LineString", "coordinates": [ [ 547079.456, 6450383.512000000104308 ], [ 547078.949999999953434, 6450384.1003 ] ] } },
{ "type": "Feature", "properties": { "plot": 1 }, "geometry": { "type": "LineString", "coordinates": [ [ 547113.805000000051223, 6450372.743999989703298 ], [ 547113.302000000025146, 6450372.1513 ] ] } },
{ "type": "Feature", "properties": { "plot": 1 }, "geometry": { "type": "LineString", "coordinates": [ [ 547122.655999999027699, 6450372.930999989621341 ], [ 547122.582000000053085, 6450373.705299999564886 ] ] } },
{ "type": "Feature", "properties": { "plot": 1 }, "geometry": { "type": "LineString", "coordinates": [ [ 547093.212999999057502, 6450342.088000000454485 ], [ 547092.71999999997206, 6450341.482300000265241 ] ] } },
{ "type": "Feature", "properties": { "plot": 1 }, "geometry": { "type": "LineString", "coordinates": [ [ 547121.983, 6450382.583999989554286 ], [ 547121.571, 6450381.893299999646842 ] ] } },
{ "type": "Feature", "properties": { "plot": 1 }, "geometry": { "type": "LineString", "coordinates": [ [ 547114.594999999040738, 6450418.145999990403652 ], [ 547113.790000000037253, 6450418.224299999885261 ] ] } },
{ "type": "Feature", "properties": { "plot": 1 }, "geometry": { "type": "LineString", "coordinates": [ [ 547116.082000000053085, 6450391.120000000111759 ], [ 547116.886000000056811, 6450391.21129999961704 ] ] } },
{ "type": "Feature", "properties": { "plot": 1 }, "geometry": { "type": "LineString", "coordinates": [ [ 547121.283999999053776, 6450394.453999989666045 ], [ 547121.701, 6450395.153300000354648 ] ] } },
{ "type": "Feature", "properties": { "plot": 1 }, "geometry": { "type": "LineString", "coordinates": [ [ 547088.851999999023974, 6450337.650000000372529 ], [ 547088.794, 6450336.837299999780953 ] ] } },
{ "type": "Feature", "properties": { "plot": 1 }, "geometry": { "type": "LineString", "coordinates": [ [ 547102.756999999051914, 6450409.475999989546835 ], [ 547103.28000000002794, 6450410.1053 ] ] } },
{ "type": "Feature", "properties": { "plot": 1 }, "geometry": { "type": "LineString", "coordinates": [ [ 547076.729000000050291, 6450351.572999989613891 ], [ 547077.204000000027008, 6450352.24129999987781 ] ] } },
{ "type": "Feature", "properties": { "plot": 1 }, "geometry": { "type": "LineString", "coordinates": [ [ 547118.37399999902118, 6450338.708999989554286 ], [ 547118.979000000050291, 6450338.136300000362098 ] ] } },
{ "type": "Feature", "properties": { "plot": 1 }, "geometry": { "type": "LineString", "coordinates": [ [ 547112.721000000019558, 6450343.218000000342727 ], [ 547112.386999999987893, 6450342.442300000227988 ] ] } },
{ "type": "Feature", "properties": { "plot": 1 }, "geometry": { "type": "LineString", "coordinates": [ [ 547079.930000000051223, 6450371.275000000372529 ], [ 547079.756000000052154, 6450370.448300000280142 ] ] } },
{ "type": "Feature", "properties": { "plot": 1 }, "geometry": { "type": "LineString", "coordinates": [ [ 547091.297999999020249, 6450343.345999989658594 ], [ 547090.471000000019558, 6450343.535299999639392 ] ] } },
{ "type": "Feature", "properties": { "plot": 1 }, "geometry": { "type": "LineString", "coordinates": [ [ 547093.910999999032356, 6450418.892 ], [ 547094.37300000002142, 6450418.1722999997437 ] ] } },
{ "type": "Feature", "properties": { "plot": 1 }, "geometry": { "type": "LineString", "coordinates": [ [ 547102.39000000001397, 6450379.821000000461936 ], [ 547101.533999999985099, 6450379.7983 ] ] } },
{ "type": "Feature", "properties": { "plot": 1 }, "geometry": { "type": "LineString", "coordinates": [ [ 547085.569999999017455, 6450391.946000000461936 ], [ 547086.376000000047497, 6450391.6563 ] ] } },
{ "type": "Feature", "properties": { "plot": 1 }, "geometry": { "type": "LineString", "coordinates": [ [ 547077.359999999054708, 6450388.898 ], [ 547078.197999999974854, 6450388.659300000406802 ] ] } },
{ "type": "Feature", "properties": { "plot": 1 }, "geometry": { "type": "LineString", "coordinates": [ [ 547104.765999999013729, 6450337.382000000216067 ], [ 547105.540000000037253, 6450336.979299999773502 ] ] } },
{ "type": "Feature", "properties": { "plot": 1 }, "geometry": { "type": "LineString", "coordinates": [ [ 547111.993000000016764, 6450385.325000000186265 ], [ 547111.126000000047497, 6450385.1733 ] ] } },
{ "type": "Feature", "properties": { "plot": 1 }, "geometry": { "type": "LineString", "coordinates": [ [ 547075.745, 6450333.076999990269542 ], [ 547075.584000000031665, 6450332.1963 ] ] } },
{ "type": "Feature", "properties": { "plot": 1 }, "geometry": { "type": "LineString", "coordinates": [ [ 547081.961000000010245, 6450419.831000000238419 ], [ 547081.853, 6450420.724299999885261 ] ] } },
{ "type": "Feature", "properties": { "plot": 1 }, "geometry": { "type": "LineString", "coordinates": [ [ 547103.317000000039116, 6450405.888000000268221 ], [ 547103.022, 6450406.74129999987781 ] ] } },
{ "type": "Feature", "properties": { "plot": 1 }, "geometry": { "type": "LineString", "coordinates": [ [ 547086.952000000048429, 6450338.527999989688396 ], [ 547086.647, 6450339.393299999646842 ] ] } },
{ "type": "Feature", "properties": { "plot": 1 }, "geometry": { "type": "LineString", "coordinates": [ [ 547085.863999999011867, 6450417.827999990433455 ], [ 547085.104000000050291, 6450418.348299999721348 ] ] } },
{ "type": "Feature", "properties": { "plot": 1 }, "geometry": { "type": "LineString", "coordinates": [ [ 547082.192000000039116, 6450332.409 ], [ 547082.915000000037253, 6450331.83629999961704 ] ] } },
{ "type": "Feature", "properties": { "plot": 1 }, "geometry": { "type": "LineString", "coordinates": [ [ 547101.199999999022111, 6450348.725999989546835 ], [ 547100.285000000032596, 6450348.871299999766052 ] ] } },
{ "type": "Feature", "properties": { "plot": 1 }, "geometry": { "type": "LineString", "coordinates": [ [ 547102.155999999027699, 6450408.620000000111759 ], [ 547101.365, 6450408.136300000362098 ] ] } },
{ "type": "Feature", "properties": { "plot": 1 }, "geometry": { "type": "LineString", "coordinates": [ [ 547111.51199999905657, 6450383.121000000275671 ], [ 547110.966000000014901, 6450382.371299999766052 ] ] } },
{ "type": "Feature", "properties": { "plot": 1 }, "geometry": { "type": "LineString", "coordinates": [ [ 547117.560000000055879, 6450426.822999989613891 ], [ 547116.848, 6450426.212299999780953 ] ] } },
{ "type": "Feature", "properties": { "plot": 1 }, "geometry": { "type": "LineString", "coordinates": [ [ 547078.505, 6450356.894000000320375 ], [ 547078.696, 6450357.817300000227988 ] ] } },
{ "type": "Feature", "properties": { "plot": 1 }, "geometry": { "type": "LineString", "coordinates": [ [ 547116.518000000040047, 6450413.120000000111759 ], [ 547117.01300000003539, 6450413.933299999684095 ] ] } },
{ "type": "Feature", "properties": { "plot": 1 }, "geometry": { "type": "LineString", "coordinates": [ [ 547078.709999999031425, 6450394.665 ], [ 547079.63, 6450394.943300000391901 ] ] } },
{ "type": "Feature", "properties": { "plot": 1 }, "geometry": { "type": "LineString", "coordinates": [ [ 547091.506000000052154, 6450345.093000000342727 ], [ 547092.412000000011176, 6450345.427299999631941 ] ] } },
{ "type": "Feature", "properties": { "plot": 1 }, "geometry": { "type": "LineString", "coordinates": [ [ 547075.351999999023974, 6450338.686999989673495 ], [ 547076.314000000013039, 6450338.573300000280142 ] ] } },
{ "type": "Feature", "properties": { "plot": 1 }, "geometry": { "type": "LineString", "coordinates": [ [ 547081.99800000002142, 6450343.025000000372529 ], [ 547081.067999999970198, 6450343.301300000399351 ] ] } },
{ "type": "Feature", "properties": { "plot": 1 }, "geometry": { "type": "LineString", "coordinates": [ [ 547106.626000000047497, 6450427.707000000402331 ], [ 547105.650000000023283, 6450427.808299999684095 ] ] } },
{ "type": "Feature", "properties": { "plot": 1 }, "geometry": { "type": "LineString", "coordinates": [ [ 547105.924, 6450376.458999989554286 ], [ 547105.12300000002142, 6450375.8843 ] ] } },
{ "type": "Feature", "properties": { "plot": 1 }, "geometry": { "type": "LineString", "coordinates": [ [ 547102.479000000050291, 6450339.182 ], [ 547103.302000000025146, 6450339.734299999661744 ] ] } },
{ "type": "Feature", "properties": { "plot": 1 }, "geometry": { "type": "LineString", "coordinates": [ [ 547091.555999999050982, 6450335.163999989628792 ], [ 547092.525999999954365, 6450335.432300000451505 ] ] } },
{ "type": "Feature", "properties": { "plot": 1 }, "geometry": { "type": "LineString", "coordinates": [ [ 547108.071, 6450350.21399999037385 ], [ 547108.99, 6450349.778300000354648 ] ] } },
{ "type": "Feature", "properties": { "plot": 1 }, "geometry": { "type": "LineString", "coordinates": [ [ 547092.231999999028631, 6450366.815999990329146 ], [ 547093.256000000052154, 6450366.83530000038445 ] ] } },
{ "type": "Feature", "properties": { "plot": 1 }, "geometry": { "type": "LineString", "coordinates": [ [ 547077.755, 6450395.855000000447035 ], [ 547078.790000000037253, 6450395.718299999833107 ] ] } },
{ "type": "Feature", "properties": { "plot": 1 }, "geometry": { "type": "LineString", "coordinates": [ [ 547078.432000000029802, 6450359.400000000372529 ], [ 547078.846000000019558, 6450360.359299999661744 ] ] } },
{ "type": "Feature", "properties": { "plot": 1 }, "geometry": { "type": "LineString", "coordinates": [ [ 547109.334000000031665, 6450360.180999989621341 ], [ 547110.233, 6450360.734299999661744 ] ] } },
{ "type": "Feature", "properties": { "plot": 1 }, "geometry": { "type": "LineString", "coordinates": [ [ 547086.270000000018626, 6450427.302000000141561 ], [ 547085.432000000029802, 6450426.655299999751151 ] ] } },
{ "type": "Feature", "properties": { "plot": 1 }, "geometry": { "type": "LineString", "coordinates": [ [ 547079.736000000033528, 6450358.702999990433455 ], [ 547079.677000000025146, 6450357.638299999758601 ] ] } },
{ "type": "Feature", "properties": { "plot": 1 }, "geometry": { "type": "LineString", "coordinates": [ [ 547111.118999999016523, 6450344.854000000283122 ], [ 547111.709000000031665, 6450343.9583 ] ] } },
{ "type": "Feature", "properties": { "plot": 1 }, "geometry": { "type": "LineString", "coordinates": [ [ 547116.111999999033287, 6450364.544999989680946 ], [ 547116.177999999956228, 6450365.620299999602139 ] ] } },
{ "type": "Feature", "properties": { "plot": 1 }, "geometry": { "type": "LineString", "coordinates": [ [ 547095.944999999017455, 6450384.882000000216067 ], [ 547095.089000000036322, 6450385.5472999997437 ] ] } },
{ "type": "Feature", "properties": { "plot": 1 }, "geometry": { "type": "LineString", "coordinates": [ [ 547108.412999999010935, 6450376.083999989554286 ], [ 547107.327000000048429, 6450376.1343 ] ] } },
{ "type": "Feature", "properties": { "plot": 1 }, "geometry": { "type": "LineString", "coordinates": [ [ 547114.228, 6450384.019999990239739 ], [ 547113.212000000057742, 6450384.408300000242889 ] ] } },
{ "type": "Feature", "properties": { "plot": 1 }, "geometry": { "type": "LineString", "coordinates": [ [ 547100.12300000002142, 6450396.633999990299344 ], [ 547099.033999999985099, 6450396.596300000324845 ] ] } },
{ "type": "Feature", "properties": { "plot": 1 }, "geometry": { "type": "LineString", "coordinates": [ [ 547084.773999999044463, 6450359.686999989673495 ], [ 547083.685000000055879, 6450359.7253 ] ] } },
{ "type": "Feature", "properties": { "plot": 1 }, "geometry": { "type": "LineString", "coordinates": [ [ 547072.854000000050291, 6450351.849000000394881 ], [ 547073.334999999962747, 6450352.839300000108778 ] ] } },
{ "type": "Feature", "properties": { "plot": 1 }, "geometry": { "type": "LineString", "coordinates": [ [ 547079.805000000051223, 6450378.390999989584088 ], [ 547078.691, 6450378.394299999810755 ] ] } },
{ "type": "Feature", "properties": { "plot": 1 }, "geometry": { "type": "LineString", "coordinates": [ [ 547098.321, 6450418.08899999037385 ], [ 547099.354000000050291, 6450417.625300000421703 ] ] } },
{ "type": "Feature", "properties": { "plot": 1 }, "geometry": { "type": "LineString", "coordinates": [ [ 547088.65500000002794, 6450415.353000000119209 ], [ 547088.959000000031665, 6450414.252299999818206 ] ] } },
{ "type": "Feature", "properties": { "plot": 1 }, "geometry": { "type": "LineString", "coordinates": [ [ 547077.246000000042841, 6450343.974999990314245 ], [ 547076.608, 6450344.939299999736249 ] ] } },
{ "type": "Feature", "properties": { "plot": 1 }, "geometry": { "type": "LineString", "coordinates": [ [ 547119.160999999032356, 6450401.33 ], [ 547118.037000000011176, 6450401.05530000012368 ] ] } },
{ "type": "Feature", "properties": { "plot": 1 }, "geometry": { "type": "LineString", "coordinates": [ [ 547099.636000000056811, 6450360.808000000193715 ], [ 547099.145999999949709, 6450359.74129999987781 ] ] } },
{ "type": "Feature", "properties": { "plot": 1 }, "geometry": { "type": "LineString", "coordinates": [ [ 547117.647, 6450358.824 ], [ 547116.99, 6450359.7972999997437 ] ] } },
{ "type": "Feature", "properties": { "plot": 1 }, "geometry": { "type": "LineString", "coordinates": [ [ 547114.385, 6450366.848000000230968 ], [ 547114.511000000056811, 6450365.6793 ] ] } },
{ "type": "Feature", "properties": { "plot": 1 }, "geometry": { "type": "LineString", "coordinates": [ [ 547121.452000000048429, 6450349.0 ], [ 547121.74, 6450347.85329999960959 ] ] } },
{ "type": "Feature", "properties": { "plot": 1 }, "geometry": { "type": "LineString", "coordinates": [ [ 547087.442000000039116, 6450424.804999990388751 ], [ 547086.572000000043772, 6450425.613300000317395 ] ] } },
{ "type": "Feature", "properties": { "plot": 1 }, "geometry": { "type": "LineString", "coordinates": [ [ 547112.984999999054708, 6450331.661999990232289 ], [ 547112.572000000043772, 6450330.5313 ] ] } },
{ "type": "Feature", "properties": { "plot": 1 }, "geometry": { "type": "LineString", "coordinates": [ [ 547081.231999999028631, 6450359.847 ], [ 547081.701, 6450358.732300000265241 ] ] } },
{ "type": "Feature", "properties": { "plot": 1 }, "geometry": { "type": "LineString", "coordinates": [ [ 547113.067999999038875, 6450336.077999990433455 ], [ 547111.849000000045635, 6450336.144299999810755 ] ] } },
{ "type": "Feature", "properties": { "plot": 1 }, "geometry": { "type": "LineString", "coordinates": [ [ 547094.226999999023974, 6450392.731999989598989 ], [ 547095.256999999983236, 6450392.039300000295043 ] ] } },
{ "type": "Feature", "properties": { "plot": 1 }, "geometry": { "type": "LineString", "coordinates": [ [ 547081.147, 6450425.640999989584088 ], [ 547079.957000000053085, 6450426.0203 ] ] } },
{ "type": "Feature", "properties": { "plot": 1 }, "geometry": { "type": "LineString", "coordinates": [ [ 547076.466999999014661, 6450337.576000000350177 ], [ 547076.025000000023283, 6450336.398299999535084 ] ] } },
{ "type": "Feature", "properties": { "plot": 1 }, "geometry": { "type": "LineString", "coordinates": [ [ 547107.564999999012798, 6450345.666000000201166 ], [ 547108.699000000022352, 6450346.212299999780953 ] ] } },
{ "type": "Feature", "properties": { "plot": 1 }, "geometry": { "type": "LineString", "coordinates": [ [ 547081.488000000012107, 6450376.597 ], [ 547080.297000000020489, 6450376.1793 ] ] } },
{ "type": "Feature", "properties": { "plot": 1 }, "geometry": { "type": "LineString", "coordinates": [ [ 547091.231000000028871, 6450388.178999990224838 ], [ 547091.135, 6450389.457299999892712 ] ] } },
{ "type": "Feature", "properties": { "plot": 1 }, "geometry": { "type": "LineString", "coordinates": [ [ 547113.817999999038875, 6450335.127000000327826 ], [ 547114.76500000001397, 6450334.252299999818206 ] ] } },
{ "type": "Feature", "properties": { "plot": 1 }, "geometry": { "type": "LineString", "coordinates": [ [ 547079.99899999902118, 6450366.335 ], [ 547079.998999999952503, 6450365.004300000146031 ] ] } },
{ "type": "Feature", "properties": { "plot": 1 }, "geometry": { "type": "LineString", "coordinates": [ [ 547120.881000000052154, 6450406.963000000454485 ], [ 547121.322999999974854, 6450408.2473 ] ] } },
{ "type": "Feature", "properties": { "plot": 1 }, "geometry": { "type": "LineString", "coordinates": [ [ 547096.086000000010245, 6450340.808000000193715 ], [ 547097.38800000003539, 6450340.3673 ] ] } },
{ "type": "Feature", "properties": { "plot": 1 }, "geometry": { "type": "LineString", "coordinates": [ [ 547118.652, 6450422.281999990344048 ], [ 547117.63, 6450423.21129999961704 ] ] } },
{ "type": "Feature", "properties": { "plot": 1 }, "geometry": { "type": "LineString", "coordinates": [ [ 547078.783999999053776, 6450404.468000000342727 ], [ 547079.822999999974854, 6450405.394299999810755 ] ] } },
{ "type": "Feature", "properties": { "plot": 1 }, "geometry": { "type": "LineString", "coordinates": [ [ 547074.462000000057742, 6450386.707000000402331 ], [ 547073.359000000054948, 6450385.842299999669194 ] ] } },
{ "type": "Feature", "properties": { "plot": 1 }, "geometry": { "type": "LineString", "coordinates": [ [ 547094.072999999043532, 6450382.036000000312924 ], [ 547095.182000000029802, 6450381.169300000183284 ] ] } },
{ "type": "Feature", "properties": { "plot": 1 }, "geometry": { "type": "LineString", "coordinates": [ [ 547112.062000000034459, 6450365.813 ], [ 547110.983, 6450366.731300000101328 ] ] } },
{ "type": "Feature", "properties": { "plot": 1 }, "geometry": { "type": "LineString", "coordinates": [ [ 547103.854000000050291, 6450417.11600000038743 ], [ 547103.079000000027008, 6450418.3043 ] ] } },
{ "type": "Feature", "properties": { "plot": 1 }, "geometry": { "type": "LineString", "coordinates": [ [ 547077.729999999050051, 6450340.58 ], [ 547077.40500000002794, 6450341.9923 ] ] } },
{ "type": "Feature", "properties": { "plot": 1 }, "geometry": { "type": "LineString", "coordinates": [ [ 547078.052000000025146, 6450379.79700000025332 ], [ 547076.579000000027008, 6450379.800300000235438 ] ] } },
{ "type": "Feature", "properties": { "plot": 1 }, "geometry": { "type": "LineString", "coordinates": [ [ 547078.361000000033528, 6450338.184000000357628 ], [ 547079.844000000040978, 6450338.238300000317395 ] ] } },
{ "type": "Feature", "properties": { "plot": 1 }, "geometry": { "type": "LineString", "coordinates": [ [ 547086.946, 6450379.75800000037998 ], [ 547087.694999999948777, 6450381.092299999669194 ] ] } },
{ "type": "Feature", "properties": { "plot": 1 }, "geometry": { "type": "LineString", "coordinates": [ [ 547119.133000000030734, 6450356.632000000216067 ], [ 547120.356000000028871, 6450355.688299999572337 ] ] } },
{ "type": "Feature", "properties": { "plot": 1 }, "geometry": { "type": "LineString", "coordinates": [ [ 547074.668999998946674, 6450415.572999989613891 ], [ 547074.525000000023283, 6450414.022300000302494 ] ] } },
{ "type": "Feature", "properties": { "plot": 1 }, "geometry": { "type": "LineString", "coordinates": [ [ 547090.290000000037253, 6450362.727 ], [ 547091.049, 6450361.3503 ] ] } },
{ "type": "Feature", "properties": { "plot": 1 }, "geometry": { "type": "LineString", "coordinates": [ [ 547120.471000000019558, 6450366.434999990276992 ], [ 547121.930000000051223, 6450365.812300000339746 ] ] } },
{ "type": "Feature", "properties": { "plot": 1 }, "geometry": { "type": "LineString", "coordinates": [ [ 547092.932999999029562, 6450404.656999990344048 ], [ 547094.503000000026077, 6450404.398299999535084 ] ] } },
{ "type": "Feature", "properties": { "plot": 1 }, "geometry": { "type": "LineString", "coordinates": [ [ 547073.094000000040978, 6450339.844999990426004 ], [ 547072.550000000046566, 6450341.340300000272691 ] ] } },
{ "type": "Feature", "properties": { "plot": 1 }, "geometry": { "type": "LineString", "coordinates": [ [ 547102.059, 6450420.450000000186265 ], [ 547102.62699999997858, 6450418.9063 ] ] } },
{ "type": "Feature", "properties": { "plot": 1 }, "geometry": { "type": "LineString", "coordinates": [ [ 547107.01199999905657, 6450389.873999989591539 ], [ 547105.393999999971129, 6450389.553299999795854 ] ] } },
{ "type": "Feature", "properties": { "plot": 1 }, "geometry": { "type": "LineString", "coordinates": [ [ 547088.822000000043772, 6450416.94400000013411 ], [ 547089.822000000043772, 6450418.268299999646842 ] ] } },
{ "type": "Feature", "properties": { "plot": 1 }, "geometry": { "type": "LineString", "coordinates": [ [ 547119.92000000004191, 6450344.094999990426004 ], [ 547119.915000000037253, 6450342.434299999848008 ] ] } },
{ "type": "Feature", "properties": { "plot": 1 }, "geometry": { "type": "LineString", "coordinates": [ [ 547106.474000000045635, 6450423.309999990276992 ], [ 547107.540000000037253, 6450424.631299999542534 ] ] } },
{ "type": "Feature", "properties": { "plot": 1 }, "geometry": { "type": "LineString", "coordinates": [ [ 547087.74899999902118, 6450427.188 ], [ 547089.425999999977648, 6450426.802299999631941 ] ] } },
{ "type": "Feature", "properties": { "plot": 1 }, "geometry": { "type": "LineString", "coordinates": [ [ 547077.072999999043532, 6450406.129999989643693 ], [ 547078.598, 6450407.4063 ] ] } },
{ "type": "Feature", "properties": { "plot": 1 }, "geometry": { "type": "LineString", "coordinates": [ [ 547091.442999999038875, 6450415.551 ], [ 547092.935999999986961, 6450414.188299999572337 ] ] } },
{ "type": "Feature", "properties": { "plot": 1 }, "geometry": { "type": "LineString", "coordinates": [ [ 547083.765999999013729, 6450422.265999989584088 ], [ 547081.932000000029802, 6450423.6623 ] ] } },
{ "type": "Feature", "properties": { "plot": 1 }, "geometry": { "type": "LineString", "coordinates": [ [ 547078.211000000010245, 6450419.019999990239739 ], [ 547078.405999999959022, 6450416.368300000205636 ] ] } },
{ "type": "Feature", "properties": { "plot": 1 }, "geometry": { "type": "LineString", "coordinates": [ [ 547093.772, 6450374.126000000163913 ], [ 547093.430999999982305, 6450376.856300000101328 ] ] } },
{ "type": "Feature", "properties": { "plot": 1 }, "geometry": { "type": "LineString", "coordinates": [ [ 547116.594999999040738, 6450391.951999990269542 ], [ 547114.62, 6450394.448300000280142 ] ] } },
{ "type": "Feature", "properties": { "plot": 1 }, "geometry": { "type": "LineString", "coordinates": [ [ 547084.224000000045635, 6450404.125 ], [ 547087.853, 6450406.007299999706447 ] ] } },
{ "type": "Feature", "properties": { "plot": 2 }, "geometry": { "type": "LineString", "coordinates": [ [ 546972.74800000002142, 6450028.093000000342727 ], [ 546972.724000000045635, 6450028.10329999960959 ] ] } },
{ "type": "Feature", "properties": { "plot": 2 }, "geometry": { "type": "LineString", "coordinates": [ [ 546939.87, 6450053.049999989569187 ], [ 546939.851000000024214, 6450053.084300000220537 ] ] } },
{ "type": "Feature", "properties": { "plot": 2 }, "geometry": { "type": "LineString", "coordinates": [ [ 546980.44099999894388, 6450008.940000000409782 ], [ 546980.42000000004191, 6450008.995299999602139 ] ] } },
{ "type": "Feature", "properties": { "plot": 2 }, "geometry": { "type": "LineString", "coordinates": [ [ 547004.618000000016764, 6450038.968000000342727 ], [ 547004.587000000057742, 6450039.021300000138581 ] ] } },
{ "type": "Feature", "properties": { "plot": 2 }, "geometry": { "type": "LineString", "coordinates": [ [ 546980.596999999019317, 6450002.184999990276992 ], [ 546980.506999999983236, 6450002.194299999624491 ] ] } },
{ "type": "Feature", "properties": { "plot": 2 }, "geometry": { "type": "LineString", "coordinates": [ [ 546989.449999999022111, 6450032.382000000216067 ], [ 546989.547000000020489, 6450032.428299999795854 ] ] } },
{ "type": "Feature", "properties": { "plot": 2 }, "geometry": { "type": "LineString", "coordinates": [ [ 546919.457000000053085, 6450033.96100000012666 ], [ 546919.408000000054017, 6450034.057300000451505 ] ] } },
{ "type": "Feature", "properties": { "plot": 2 }, "geometry": { "type": "LineString", "coordinates": [ [ 547008.949999999022111, 6450023.936999989673495 ], [ 547008.932000000029802, 6450024.044300000183284 ] ] } },
{ "type": "Feature", "properties": { "plot": 2 }, "geometry": { "type": "LineString", "coordinates": [ [ 546961.584999999031425, 6450011.881 ], [ 546961.65300000004936, 6450011.785299999639392 ] ] } },
{ "type": "Feature", "properties": { "plot": 2 }, "geometry": { "type": "LineString", "coordinates": [ [ 546948.383000000030734, 6450035.196000000461936 ], [ 546948.26, 6450035.233300000429153 ] ] } },
{ "type": "Feature", "properties": { "plot": 2 }, "geometry": { "type": "LineString", "coordinates": [ [ 546974.51, 6450012.168999990448356 ], [ 546974.375, 6450012.12430000025779 ] ] } },
{ "type": "Feature", "properties": { "plot": 2 }, "geometry": { "type": "LineString", "coordinates": [ [ 546999.518000000040047, 6450041.843000000342727 ], [ 546999.459000000031665, 6450041.9863 ] ] } },
{ "type": "Feature", "properties": { "plot": 2 }, "geometry": { "type": "LineString", "coordinates": [ [ 546926.023999999044463, 6450049.807 ], [ 546925.942000000039116, 6450049.939299999736249 ] ] } },
{ "type": "Feature", "properties": { "plot": 2 }, "geometry": { "type": "LineString", "coordinates": [ [ 546968.898000000044703, 6450038.138000000268221 ], [ 546969.011000000056811, 6450038.023299999535084 ] ] } },
{ "type": "Feature", "properties": { "plot": 2 }, "geometry": { "type": "LineString", "coordinates": [ [ 546943.435999999055639, 6450039.179999990388751 ], [ 546943.562000000034459, 6450039.283300000242889 ] ] } },
{ "type": "Feature", "properties": { "plot": 2 }, "geometry": { "type": "LineString", "coordinates": [ [ 546920.400000000023283, 6450048.58 ], [ 546920.28000000002794, 6450048.46129999961704 ] ] } },
{ "type": "Feature", "properties": { "plot": 2 }, "geometry": { "type": "LineString", "coordinates": [ [ 546947.187000000034459, 6450052.811999989673495 ], [ 546947.258000000030734, 6450052.650299999862909 ] ] } },
{ "type": "Feature", "properties": { "plot": 2 }, "geometry": { "type": "LineString", "coordinates": [ [ 546960.969000000040978, 6450043.036000000312924 ], [ 546960.787000000011176, 6450043.057300000451505 ] ] } },
{ "type": "Feature", "properties": { "plot": 2 }, "geometry": { "type": "LineString", "coordinates": [ [ 546947.467999998945743, 6450048.109000000171363 ], [ 546947.283999999985099, 6450048.087299999780953 ] ] } },
{ "type": "Feature", "properties": { "plot": 2 }, "geometry": { "type": "LineString", "coordinates": [ [ 546979.856000000028871, 6450039.371000000275671 ], [ 546979.966999999945983, 6450039.222299999557436 ] ] } },
{ "type": "Feature", "properties": { "plot": 2 }, "geometry": { "type": "LineString", "coordinates": [ [ 546941.858, 6450049.966 ], [ 546941.697999999974854, 6450050.0603 ] ] } },
{ "type": "Feature", "properties": { "plot": 2 }, "geometry": { "type": "LineString", "coordinates": [ [ 546952.861000000033528, 6450050.138000000268221 ], [ 546952.856000000028871, 6450049.947300000116229 ] ] } },
{ "type": "Feature", "properties": { "plot": 2 }, "geometry": { "type": "LineString", "coordinates": [ [ 546946.342999998945743, 6450019.525000000372529 ], [ 546946.184, 6450019.419300000183284 ] ] } },
{ "type": "Feature", "properties": { "plot": 2 }, "geometry": { "type": "LineString", "coordinates": [ [ 547017.016999998944812, 6450025.525000000372529 ], [ 547016.827999999979511, 6450025.4633 ] ] } },
{ "type": "Feature", "properties": { "plot": 2 }, "geometry": { "type": "LineString", "coordinates": [ [ 546986.54500000004191, 6450016.285000000149012 ], [ 546986.415999999968335, 6450016.130300000309944 ] ] } },
{ "type": "Feature", "properties": { "plot": 2 }, "geometry": { "type": "LineString", "coordinates": [ [ 547004.854000000050291, 6450033.536999990232289 ], [ 547004.946, 6450033.3553 ] ] } },
{ "type": "Feature", "properties": { "plot": 2 }, "geometry": { "type": "LineString", "coordinates": [ [ 546945.253000000026077, 6450068.576999990269542 ], [ 546945.356999999959953, 6450068.396300000138581 ] ] } },
{ "type": "Feature", "properties": { "plot": 2 }, "geometry": { "type": "LineString", "coordinates": [ [ 546962.491000000038184, 6450059.888000000268221 ], [ 546962.415000000037253, 6450060.0943 ] ] } },
{ "type": "Feature", "properties": { "plot": 2 }, "geometry": { "type": "LineString", "coordinates": [ [ 546965.876000000047497, 6450025.9469999903813 ], [ 546965.795999999972992, 6450026.16330000013113 ] ] } },
{ "type": "Feature", "properties": { "plot": 2 }, "geometry": { "type": "LineString", "coordinates": [ [ 546974.706, 6450020.003999990411103 ], [ 546974.635, 6450019.783300000242889 ] ] } },
{ "type": "Feature", "properties": { "plot": 2 }, "geometry": { "type": "LineString", "coordinates": [ [ 546987.837000000057742, 6450042.190000000409782 ], [ 546988.066, 6450042.240299999713898 ] ] } },
{ "type": "Feature", "properties": { "plot": 2 }, "geometry": { "type": "LineString", "coordinates": [ [ 547008.462999999057502, 6450009.049999989569187 ], [ 547008.70499999995809, 6450009.098299999721348 ] ] } },
{ "type": "Feature", "properties": { "plot": 2 }, "geometry": { "type": "LineString", "coordinates": [ [ 546942.488999999011867, 6450048.137000000104308 ], [ 546942.609000000054948, 6450048.354299999773502 ] ] } },
{ "type": "Feature", "properties": { "plot": 2 }, "geometry": { "type": "LineString", "coordinates": [ [ 546979.795999999041669, 6450016.38300000037998 ], [ 546979.863000000012107, 6450016.6233 ] ] } },
{ "type": "Feature", "properties": { "plot": 2 }, "geometry": { "type": "LineString", "coordinates": [ [ 546948.675999999046326, 6450065.373999989591539 ], [ 546948.731000000028871, 6450065.629300000146031 ] ] } },
{ "type": "Feature", "properties": { "plot": 2 }, "geometry": { "type": "LineString", "coordinates": [ [ 546975.812999999034218, 6450040.058000000193715 ], [ 546976.033999999985099, 6450039.9183 ] ] } },
{ "type": "Feature", "properties": { "plot": 2 }, "geometry": { "type": "LineString", "coordinates": [ [ 546929.64000000001397, 6450047.574 ], [ 546929.562999999965541, 6450047.849299999885261 ] ] } },
{ "type": "Feature", "properties": { "plot": 2 }, "geometry": { "type": "LineString", "coordinates": [ [ 546971.549, 6450021.224000000394881 ], [ 546971.346000000019558, 6450021.005300000309944 ] ] } },
{ "type": "Feature", "properties": { "plot": 2 }, "geometry": { "type": "LineString", "coordinates": [ [ 546998.589999999036081, 6449994.13300000037998 ], [ 546998.810999999986961, 6449994.33629999961704 ] ] } },
{ "type": "Feature", "properties": { "plot": 2 }, "geometry": { "type": "LineString", "coordinates": [ [ 546977.682999999029562, 6450048.065999990329146 ], [ 546977.844000000040978, 6450047.801300000399351 ] ] } },
{ "type": "Feature", "properties": { "plot": 2 }, "geometry": { "type": "LineString", "coordinates": [ [ 546929.045999999041669, 6450030.082999990321696 ], [ 546928.919, 6450030.369300000369549 ] ] } },
{ "type": "Feature", "properties": { "plot": 2 }, "geometry": { "type": "LineString", "coordinates": [ [ 547008.109999999054708, 6450027.281999990344048 ], [ 547007.861000000033528, 6450027.500300000421703 ] ] } },
{ "type": "Feature", "properties": { "plot": 2 }, "geometry": { "type": "LineString", "coordinates": [ [ 546956.895000000018626, 6450046.203999989666045 ], [ 546956.576, 6450046.3273 ] ] } },
{ "type": "Feature", "properties": { "plot": 2 }, "geometry": { "type": "LineString", "coordinates": [ [ 546951.386000000056811, 6450065.252000000327826 ], [ 546951.408999999985099, 6450065.596300000324845 ] ] } },
{ "type": "Feature", "properties": { "plot": 2 }, "geometry": { "type": "LineString", "coordinates": [ [ 546994.594999999040738, 6450012.997999990358949 ], [ 546994.253999999957159, 6450012.916299999691546 ] ] } },
{ "type": "Feature", "properties": { "plot": 2 }, "geometry": { "type": "LineString", "coordinates": [ [ 546959.542999999015592, 6450011.479000000283122 ], [ 546959.88800000003539, 6450011.398299999535084 ] ] } },
{ "type": "Feature", "properties": { "plot": 2 }, "geometry": { "type": "LineString", "coordinates": [ [ 546963.341999999014661, 6450049.358 ], [ 546963.525000000023283, 6450049.6733 ] ] } },
{ "type": "Feature", "properties": { "plot": 2 }, "geometry": { "type": "LineString", "coordinates": [ [ 546973.064999999012798, 6450039.007000000216067 ], [ 546972.854000000050291, 6450038.705299999564886 ] ] } },
{ "type": "Feature", "properties": { "plot": 2 }, "geometry": { "type": "LineString", "coordinates": [ [ 546944.65300000004936, 6450034.805999989621341 ], [ 546944.339000000036322, 6450035.050300000235438 ] ] } },
{ "type": "Feature", "properties": { "plot": 2 }, "geometry": { "type": "LineString", "coordinates": [ [ 546936.939999999012798, 6450061.33899999037385 ], [ 546937.147, 6450060.993300000205636 ] ] } },
{ "type": "Feature", "properties": { "plot": 2 }, "geometry": { "type": "LineString", "coordinates": [ [ 546970.251000000047497, 6450039.974000000394881 ], [ 546969.841999999945983, 6450039.9923 ] ] } },
{ "type": "Feature", "properties": { "plot": 2 }, "geometry": { "type": "LineString", "coordinates": [ [ 546991.322000000043772, 6450020.722 ], [ 546991.694000000017695, 6450020.5263 ] ] } },
{ "type": "Feature", "properties": { "plot": 2 }, "geometry": { "type": "LineString", "coordinates": [ [ 546959.251999999047257, 6450026.642 ], [ 546958.929, 6450026.364299999549985 ] ] } },
{ "type": "Feature", "properties": { "plot": 2 }, "geometry": { "type": "LineString", "coordinates": [ [ 546971.839000000036322, 6450045.983 ], [ 546971.410999999963678, 6450046.005300000309944 ] ] } },
{ "type": "Feature", "properties": { "plot": 2 }, "geometry": { "type": "LineString", "coordinates": [ [ 546963.540000000037253, 6450012.969999990426004 ], [ 546963.755, 6450013.351300000213087 ] ] } },
{ "type": "Feature", "properties": { "plot": 2 }, "geometry": { "type": "LineString", "coordinates": [ [ 546975.675999999046326, 6450015.285000000149012 ], [ 546975.246000000042841, 6450015.193300000391901 ] ] } },
{ "type": "Feature", "properties": { "plot": 2 }, "geometry": { "type": "LineString", "coordinates": [ [ 546966.015999999013729, 6450054.174999989569187 ], [ 546966.400000000023283, 6450054.396300000138581 ] ] } },
{ "type": "Feature", "properties": { "plot": 2 }, "geometry": { "type": "LineString", "coordinates": [ [ 546986.866000000038184, 6450012.389000000432134 ], [ 546986.528999999980442, 6450012.098299999721348 ] ] } },
{ "type": "Feature", "properties": { "plot": 2 }, "geometry": { "type": "LineString", "coordinates": [ [ 546925.109000000054948, 6450044.233 ], [ 546924.684, 6450044.386300000362098 ] ] } },
{ "type": "Feature", "properties": { "plot": 2 }, "geometry": { "type": "LineString", "coordinates": [ [ 546974.484999999054708, 6450038.548999990336597 ], [ 546974.486000000033528, 6450039.0093 ] ] } },
{ "type": "Feature", "properties": { "plot": 2 }, "geometry": { "type": "LineString", "coordinates": [ [ 546978.579000000027008, 6450038.167000000365078 ], [ 546978.952000000048429, 6450038.438299999572337 ] ] } },
{ "type": "Feature", "properties": { "plot": 2 }, "geometry": { "type": "LineString", "coordinates": [ [ 546941.668999998946674, 6450040.821000000461936 ], [ 546941.702999999979511, 6450041.308299999684095 ] ] } },
{ "type": "Feature", "properties": { "plot": 2 }, "geometry": { "type": "LineString", "coordinates": [ [ 546928.677999999024905, 6450044.394999990239739 ], [ 546928.729000000050291, 6450044.8843 ] ] } },
{ "type": "Feature", "properties": { "plot": 2 }, "geometry": { "type": "LineString", "coordinates": [ [ 546976.305000000051223, 6450051.872000000439584 ], [ 546975.834000000031665, 6450052.0323 ] ] } },
{ "type": "Feature", "properties": { "plot": 2 }, "geometry": { "type": "LineString", "coordinates": [ [ 546996.611000000033528, 6450046.622999990358949 ], [ 546996.10999999998603, 6450046.6513 ] ] } },
{ "type": "Feature", "properties": { "plot": 2 }, "geometry": { "type": "LineString", "coordinates": [ [ 546993.881000000052154, 6450023.144000000320375 ], [ 546994.121999999973923, 6450023.590300000272691 ] ] } },
{ "type": "Feature", "properties": { "plot": 2 }, "geometry": { "type": "LineString", "coordinates": [ [ 546965.685000000055879, 6450052.384999990463257 ], [ 546965.959000000031665, 6450052.812300000339746 ] ] } },
{ "type": "Feature", "properties": { "plot": 2 }, "geometry": { "type": "LineString", "coordinates": [ [ 546983.63800000003539, 6450042.034 ], [ 546983.12, 6450042.036299999803305 ] ] } },
{ "type": "Feature", "properties": { "plot": 2 }, "geometry": { "type": "LineString", "coordinates": [ [ 547010.025999999023043, 6450014.815000000409782 ], [ 547010.096000000019558, 6450014.292299999855459 ] ] } },
{ "type": "Feature", "properties": { "plot": 2 }, "geometry": { "type": "LineString", "coordinates": [ [ 546968.527, 6450050.731999989598989 ], [ 546968.204000000027008, 6450050.3043 ] ] } },
{ "type": "Feature", "properties": { "plot": 2 }, "geometry": { "type": "LineString", "coordinates": [ [ 546960.2469999990426, 6450052.279 ], [ 546959.777, 6450052.5472999997437 ] ] } },
{ "type": "Feature", "properties": { "plot": 2 }, "geometry": { "type": "LineString", "coordinates": [ [ 546940.464000000036322, 6450046.456000000238419 ], [ 546939.961000000010245, 6450046.665300000458956 ] ] } },
{ "type": "Feature", "properties": { "plot": 2 }, "geometry": { "type": "LineString", "coordinates": [ [ 546923.707000000053085, 6450029.072999989613891 ], [ 546923.15500000002794, 6450029.006299999542534 ] ] } },
{ "type": "Feature", "properties": { "plot": 2 }, "geometry": { "type": "LineString", "coordinates": [ [ 546955.75, 6450040.188 ], [ 546955.199999999953434, 6450040.279299999587238 ] ] } },
{ "type": "Feature", "properties": { "plot": 2 }, "geometry": { "type": "LineString", "coordinates": [ [ 546933.848, 6450044.118999989703298 ], [ 546933.316, 6450043.919300000183284 ] ] } },
{ "type": "Feature", "properties": { "plot": 2 }, "geometry": { "type": "LineString", "coordinates": [ [ 546989.466000000014901, 6450047.121000000275671 ], [ 546988.902, 6450047.206299999728799 ] ] } },
{ "type": "Feature", "properties": { "plot": 2 }, "geometry": { "type": "LineString", "coordinates": [ [ 547017.616000000038184, 6450032.798000000417233 ], [ 547017.081, 6450033.0033 ] ] } },
{ "type": "Feature", "properties": { "plot": 2 }, "geometry": { "type": "LineString", "coordinates": [ [ 546984.64000000001397, 6450030.234000000171363 ], [ 546984.17000000004191, 6450029.905299999751151 ] ] } },
{ "type": "Feature", "properties": { "plot": 2 }, "geometry": { "type": "LineString", "coordinates": [ [ 546968.696, 6450057.307 ], [ 546968.287000000011176, 6450057.717299999669194 ] ] } },
{ "type": "Feature", "properties": { "plot": 2 }, "geometry": { "type": "LineString", "coordinates": [ [ 546922.766999998944812, 6450048.25 ], [ 546922.189000000013039, 6450048.318300000391901 ] ] } },
{ "type": "Feature", "properties": { "plot": 2 }, "geometry": { "type": "LineString", "coordinates": [ [ 546998.305999999050982, 6450029.299999989569187 ], [ 546998.574000000022352, 6450028.778300000354648 ] ] } },
{ "type": "Feature", "properties": { "plot": 2 }, "geometry": { "type": "LineString", "coordinates": [ [ 546950.662999999010935, 6450024.222 ], [ 546950.211000000010245, 6450024.607300000265241 ] ] } },
{ "type": "Feature", "properties": { "plot": 2 }, "geometry": { "type": "LineString", "coordinates": [ [ 546990.687999999034218, 6450044.33 ], [ 546990.363000000012107, 6450044.83629999961704 ] ] } },
{ "type": "Feature", "properties": { "plot": 2 }, "geometry": { "type": "LineString", "coordinates": [ [ 546958.751999999047257, 6450038.712000000290573 ], [ 546958.214999999967404, 6450038.9973 ] ] } },
{ "type": "Feature", "properties": { "plot": 2 }, "geometry": { "type": "LineString", "coordinates": [ [ 546933.287000000011176, 6450036.162999990396202 ], [ 546932.674, 6450036.1733 ] ] } },
{ "type": "Feature", "properties": { "plot": 2 }, "geometry": { "type": "LineString", "coordinates": [ [ 546917.721000000019558, 6450039.697999989613891 ], [ 546918.334000000031665, 6450039.712299999780953 ] ] } },
{ "type": "Feature", "properties": { "plot": 2 }, "geometry": { "type": "LineString", "coordinates": [ [ 546975.131000000052154, 6450049.718000000342727 ], [ 546974.973, 6450049.1113 ] ] } },
{ "type": "Feature", "properties": { "plot": 2 }, "geometry": { "type": "LineString", "coordinates": [ [ 546929.51500000001397, 6450025.432 ], [ 546928.927000000025146, 6450025.212299999780953 ] ] } },
{ "type": "Feature", "properties": { "plot": 2 }, "geometry": { "type": "LineString", "coordinates": [ [ 546974.111000000033528, 6450055.96399999037385 ], [ 546973.574999999953434, 6450056.302299999631941 ] ] } },
{ "type": "Feature", "properties": { "plot": 2 }, "geometry": { "type": "LineString", "coordinates": [ [ 546945.918999998946674, 6450045.186999989673495 ], [ 546946.182000000029802, 6450045.76630000025034 ] ] } },
{ "type": "Feature", "properties": { "plot": 2 }, "geometry": { "type": "LineString", "coordinates": [ [ 546990.027, 6450037.251000000163913 ], [ 546989.628999999957159, 6450037.752299999818206 ] ] } },
{ "type": "Feature", "properties": { "plot": 2 }, "geometry": { "type": "LineString", "coordinates": [ [ 546962.094000000040978, 6450038.923999990336597 ], [ 546961.457000000053085, 6450039.0493 ] ] } },
{ "type": "Feature", "properties": { "plot": 2 }, "geometry": { "type": "LineString", "coordinates": [ [ 546959.027, 6450058.518000000156462 ], [ 546958.415999999968335, 6450058.286299999803305 ] ] } },
{ "type": "Feature", "properties": { "plot": 2 }, "geometry": { "type": "LineString", "coordinates": [ [ 546957.967999998945743, 6450034.559000000357628 ], [ 546957.319999999948777, 6450034.454300000332296 ] ] } },
{ "type": "Feature", "properties": { "plot": 2 }, "geometry": { "type": "LineString", "coordinates": [ [ 546938.228, 6450030.701999990269542 ], [ 546937.682000000029802, 6450031.069299999624491 ] ] } },
{ "type": "Feature", "properties": { "plot": 2 }, "geometry": { "type": "LineString", "coordinates": [ [ 546990.351000000024214, 6450049.475999989546835 ], [ 546989.88, 6450049.007299999706447 ] ] } },
{ "type": "Feature", "properties": { "plot": 2 }, "geometry": { "type": "LineString", "coordinates": [ [ 547005.087999999057502, 6450006.896999989636242 ], [ 547004.442000000039116, 6450006.733300000429153 ] ] } },
{ "type": "Feature", "properties": { "plot": 2 }, "geometry": { "type": "LineString", "coordinates": [ [ 546964.31599999894388, 6450023.020999990403652 ], [ 546963.650999999954365, 6450022.9523 ] ] } },
{ "type": "Feature", "properties": { "plot": 2 }, "geometry": { "type": "LineString", "coordinates": [ [ 546969.01300000003539, 6450049.760999989695847 ], [ 546968.794, 6450049.12430000025779 ] ] } },
{ "type": "Feature", "properties": { "plot": 2 }, "geometry": { "type": "LineString", "coordinates": [ [ 546958.51300000003539, 6450062.549999989569187 ], [ 546959.089999999967404, 6450062.927299999631941 ] ] } },
{ "type": "Feature", "properties": { "plot": 2 }, "geometry": { "type": "LineString", "coordinates": [ [ 547012.251999999047257, 6450034.58899999037385 ], [ 547011.697999999974854, 6450035.029299999587238 ] ] } },
{ "type": "Feature", "properties": { "plot": 2 }, "geometry": { "type": "LineString", "coordinates": [ [ 546989.702999999048188, 6450014.28000000026077 ], [ 546988.993999999947846, 6450014.2083 ] ] } },
{ "type": "Feature", "properties": { "plot": 2 }, "geometry": { "type": "LineString", "coordinates": [ [ 546995.461000000010245, 6450008.879999989643693 ], [ 546994.731000000028871, 6450008.808299999684095 ] ] } },
{ "type": "Feature", "properties": { "plot": 2 }, "geometry": { "type": "LineString", "coordinates": [ [ 546984.738999999011867, 6450004.33600000012666 ], [ 546984.959999999962747, 6450005.042299999855459 ] ] } },
{ "type": "Feature", "properties": { "plot": 2 }, "geometry": { "type": "LineString", "coordinates": [ [ 546950.508999999030493, 6450049.426 ], [ 546950.652, 6450048.699300000444055 ] ] } },
{ "type": "Feature", "properties": { "plot": 2 }, "geometry": { "type": "LineString", "coordinates": [ [ 546949.729000000050291, 6450057.666000000201166 ], [ 546950.079000000027008, 6450058.324300000444055 ] ] } },
{ "type": "Feature", "properties": { "plot": 2 }, "geometry": { "type": "LineString", "coordinates": [ [ 546964.082000000053085, 6450033.28000000026077 ], [ 546964.234000000054948, 6450032.540300000458956 ] ] } },
{ "type": "Feature", "properties": { "plot": 2 }, "geometry": { "type": "LineString", "coordinates": [ [ 546982.454999999026768, 6450025.432 ], [ 546982.854000000050291, 6450026.0773 ] ] } },
{ "type": "Feature", "properties": { "plot": 2 }, "geometry": { "type": "LineString", "coordinates": [ [ 546990.332000000053085, 6450030.048999990336597 ], [ 546990.464999999967404, 6450029.2993 ] ] } },
{ "type": "Feature", "properties": { "plot": 2 }, "geometry": { "type": "LineString", "coordinates": [ [ 546970.819999999017455, 6450028.963000000454485 ], [ 546970.253999999957159, 6450028.428299999795854 ] ] } },
{ "type": "Feature", "properties": { "plot": 2 }, "geometry": { "type": "LineString", "coordinates": [ [ 546999.795999999041669, 6450003.8219999903813 ], [ 547000.577000000048429, 6450003.83530000038445 ] ] } },
{ "type": "Feature", "properties": { "plot": 2 }, "geometry": { "type": "LineString", "coordinates": [ [ 546966.381000000052154, 6450013.174999989569187 ], [ 546966.674, 6450012.4403 ] ] } },
{ "type": "Feature", "properties": { "plot": 2 }, "geometry": { "type": "LineString", "coordinates": [ [ 546977.050999999046326, 6450040.151999990455806 ], [ 546977.636999999987893, 6450040.697300000116229 ] ] } },
{ "type": "Feature", "properties": { "plot": 2 }, "geometry": { "type": "LineString", "coordinates": [ [ 546978.064999999012798, 6450037.332999990321696 ], [ 546978.476999999955297, 6450036.636300000362098 ] ] } },
{ "type": "Feature", "properties": { "plot": 2 }, "geometry": { "type": "LineString", "coordinates": [ [ 546964.668999998946674, 6450011.060999990440905 ], [ 546965.491000000038184, 6450011.062300000339746 ] ] } },
{ "type": "Feature", "properties": { "plot": 2 }, "geometry": { "type": "LineString", "coordinates": [ [ 546988.817000000039116, 6450016.826000000350177 ], [ 546987.991000000038184, 6450016.654299999587238 ] ] } },
{ "type": "Feature", "properties": { "plot": 2 }, "geometry": { "type": "LineString", "coordinates": [ [ 546994.44099999894388, 6450018.628999990411103 ], [ 546995.277, 6450018.4923 ] ] } },
{ "type": "Feature", "properties": { "plot": 2 }, "geometry": { "type": "LineString", "coordinates": [ [ 546941.106000000028871, 6450020.54 ], [ 546940.407, 6450021.0713 ] ] } },
{ "type": "Feature", "properties": { "plot": 2 }, "geometry": { "type": "LineString", "coordinates": [ [ 546967.973, 6450017.042000000365078 ], [ 546967.748999999952503, 6450016.187300000339746 ] ] } },
{ "type": "Feature", "properties": { "plot": 2 }, "geometry": { "type": "LineString", "coordinates": [ [ 546983.952999999048188, 6450025.432 ], [ 546983.557000000029802, 6450026.227300000376999 ] ] } },
{ "type": "Feature", "properties": { "plot": 2 }, "geometry": { "type": "LineString", "coordinates": [ [ 546999.895999999018386, 6450043.520999990403652 ], [ 546999.755, 6450044.415300000458956 ] ] } },
{ "type": "Feature", "properties": { "plot": 2 }, "geometry": { "type": "LineString", "coordinates": [ [ 546961.981000000028871, 6450041.102 ], [ 546961.464000000036322, 6450040.3333 ] ] } },
{ "type": "Feature", "properties": { "plot": 2 }, "geometry": { "type": "LineString", "coordinates": [ [ 546984.937999999034218, 6450049.495000000111759 ], [ 546984.182999999960884, 6450050.034300000406802 ] ] } },
{ "type": "Feature", "properties": { "plot": 2 }, "geometry": { "type": "LineString", "coordinates": [ [ 546952.53000000002794, 6450034.024000000208616 ], [ 546951.746000000042841, 6450034.5493 ] ] } },
{ "type": "Feature", "properties": { "plot": 2 }, "geometry": { "type": "LineString", "coordinates": [ [ 546936.643000000040047, 6450036.818 ], [ 546935.751000000047497, 6450037.1563 ] ] } },
{ "type": "Feature", "properties": { "plot": 2 }, "geometry": { "type": "LineString", "coordinates": [ [ 546944.74800000002142, 6450031.753999990411103 ], [ 546944.136999999987893, 6450031.021300000138581 ] ] } },
{ "type": "Feature", "properties": { "plot": 2 }, "geometry": { "type": "LineString", "coordinates": [ [ 546991.322999999043532, 6450048.314000000245869 ], [ 546992.202999999979511, 6450047.879300000146031 ] ] } },
{ "type": "Feature", "properties": { "plot": 2 }, "geometry": { "type": "LineString", "coordinates": [ [ 546921.592999998945743, 6450053.610000000335276 ], [ 546922.226000000024214, 6450054.365299999713898 ] ] } },
{ "type": "Feature", "properties": { "plot": 2 }, "geometry": { "type": "LineString", "coordinates": [ [ 546979.202000000048429, 6450015.053000000305474 ], [ 546978.212000000057742, 6450014.947300000116229 ] ] } },
{ "type": "Feature", "properties": { "plot": 2 }, "geometry": { "type": "LineString", "coordinates": [ [ 546956.26500000001397, 6450014.274000000208616 ], [ 546956.883000000030734, 6450013.484299999661744 ] ] } },
{ "type": "Feature", "properties": { "plot": 2 }, "geometry": { "type": "LineString", "coordinates": [ [ 546923.687000000034459, 6450033.559000000357628 ], [ 546924.469000000040978, 6450032.914300000295043 ] ] } },
{ "type": "Feature", "properties": { "plot": 2 }, "geometry": { "type": "LineString", "coordinates": [ [ 546943.040000000037253, 6450057.439000000245869 ], [ 546942.148999999975786, 6450057.9353 ] ] } },
{ "type": "Feature", "properties": { "plot": 2 }, "geometry": { "type": "LineString", "coordinates": [ [ 546950.261000000056811, 6450047.514000000432134 ], [ 546949.604000000050291, 6450048.302299999631941 ] ] } },
{ "type": "Feature", "properties": { "plot": 2 }, "geometry": { "type": "LineString", "coordinates": [ [ 546945.351000000024214, 6450051.740000000223517 ], [ 546945.419, 6450052.790300000458956 ] ] } },
{ "type": "Feature", "properties": { "plot": 2 }, "geometry": { "type": "LineString", "coordinates": [ [ 546960.824000000022352, 6450061.599999990314245 ], [ 546960.395999999949709, 6450062.568300000391901 ] ] } },
{ "type": "Feature", "properties": { "plot": 2 }, "geometry": { "type": "LineString", "coordinates": [ [ 546959.452999999048188, 6450034.733 ], [ 546960.517, 6450034.859299999661744 ] ] } },
{ "type": "Feature", "properties": { "plot": 2 }, "geometry": { "type": "LineString", "coordinates": [ [ 546963.900000000023283, 6450016.549999989569187 ], [ 546964.775000000023283, 6450015.927299999631941 ] ] } },
{ "type": "Feature", "properties": { "plot": 2 }, "geometry": { "type": "LineString", "coordinates": [ [ 546964.04500000004191, 6450035.947999989613891 ], [ 546963.684, 6450036.96129999961704 ] ] } },
{ "type": "Feature", "properties": { "plot": 2 }, "geometry": { "type": "LineString", "coordinates": [ [ 546927.736000000033528, 6450043.782999989576638 ], [ 546927.488000000012107, 6450044.837299999780953 ] ] } },
{ "type": "Feature", "properties": { "plot": 2 }, "geometry": { "type": "LineString", "coordinates": [ [ 546999.618000000016764, 6450037.684000000357628 ], [ 546998.824999999953434, 6450036.916299999691546 ] ] } },
{ "type": "Feature", "properties": { "plot": 2 }, "geometry": { "type": "LineString", "coordinates": [ [ 546957.603, 6450061.662999990396202 ], [ 546956.723, 6450062.377299999818206 ] ] } },
{ "type": "Feature", "properties": { "plot": 2 }, "geometry": { "type": "LineString", "coordinates": [ [ 546985.476000000024214, 6450032.157999989576638 ], [ 546985.187000000034459, 6450033.256299999542534 ] ] } },
{ "type": "Feature", "properties": { "plot": 2 }, "geometry": { "type": "LineString", "coordinates": [ [ 546981.797000000020489, 6450040.536000000312924 ], [ 546982.924, 6450040.71030000038445 ] ] } },
{ "type": "Feature", "properties": { "plot": 2 }, "geometry": { "type": "LineString", "coordinates": [ [ 546934.552000000025146, 6450050.546 ], [ 546933.57999999995809, 6450049.9243 ] ] } },
{ "type": "Feature", "properties": { "plot": 2 }, "geometry": { "type": "LineString", "coordinates": [ [ 546948.359000000054948, 6450032.061999989673495 ], [ 546947.196, 6450031.802299999631941 ] ] } },
{ "type": "Feature", "properties": { "plot": 2 }, "geometry": { "type": "LineString", "coordinates": [ [ 546974.422000000020489, 6450042.205 ], [ 546974.052000000025146, 6450041.010300000198185 ] ] } },
{ "type": "Feature", "properties": { "plot": 2 }, "geometry": { "type": "LineString", "coordinates": [ [ 546969.805000000051223, 6450036.434999990276992 ], [ 546969.138999999966472, 6450035.3333 ] ] } },
{ "type": "Feature", "properties": { "plot": 2 }, "geometry": { "type": "LineString", "coordinates": [ [ 546992.246000000042841, 6450032.347 ], [ 546992.14000000001397, 6450031.0543 ] ] } },
{ "type": "Feature", "properties": { "plot": 2 }, "geometry": { "type": "LineString", "coordinates": [ [ 547006.273000000044703, 6450005.216 ], [ 547007.104000000050291, 6450006.245299999602139 ] ] } },
{ "type": "Feature", "properties": { "plot": 2 }, "geometry": { "type": "LineString", "coordinates": [ [ 546955.287000000011176, 6450047.207999990321696 ], [ 546954.268000000040047, 6450048.0773 ] ] } },
{ "type": "Feature", "properties": { "plot": 2 }, "geometry": { "type": "LineString", "coordinates": [ [ 547008.805000000051223, 6450034.913999989628792 ], [ 547010.13, 6450035.170300000347197 ] ] } },
{ "type": "Feature", "properties": { "plot": 2 }, "geometry": { "type": "LineString", "coordinates": [ [ 546968.704999999026768, 6450043.29 ], [ 546969.701, 6450042.3553 ] ] } },
{ "type": "Feature", "properties": { "plot": 2 }, "geometry": { "type": "LineString", "coordinates": [ [ 546966.305000000051223, 6450008.740000000223517 ], [ 546965.302000000025146, 6450007.7703 ] ] } },
{ "type": "Feature", "properties": { "plot": 2 }, "geometry": { "type": "LineString", "coordinates": [ [ 546944.543999998946674, 6450050.173000000417233 ], [ 546945.101000000024214, 6450051.507299999706447 ] ] } },
{ "type": "Feature", "properties": { "plot": 2 }, "geometry": { "type": "LineString", "coordinates": [ [ 546956.459000000031665, 6450037.118999989703298 ], [ 546955.99, 6450038.517300000414252 ] ] } },
{ "type": "Feature", "properties": { "plot": 2 }, "geometry": { "type": "LineString", "coordinates": [ [ 546948.209000000031665, 6450025.318 ], [ 546948.839000000036322, 6450023.939299999736249 ] ] } },
{ "type": "Feature", "properties": { "plot": 2 }, "geometry": { "type": "LineString", "coordinates": [ [ 547014.309, 6450025.292999990284443 ], [ 547013.694000000017695, 6450023.900299999862909 ] ] } },
{ "type": "Feature", "properties": { "plot": 2 }, "geometry": { "type": "LineString", "coordinates": [ [ 546971.364999998942949, 6450052.65500000026077 ], [ 546969.932000000029802, 6450053.218299999833107 ] ] } },
{ "type": "Feature", "properties": { "plot": 2 }, "geometry": { "type": "LineString", "coordinates": [ [ 546977.189999999012798, 6450033.202999990433455 ], [ 546975.658000000054017, 6450032.950299999676645 ] ] } },
{ "type": "Feature", "properties": { "plot": 2 }, "geometry": { "type": "LineString", "coordinates": [ [ 546961.88699999905657, 6450056.690000000409782 ], [ 546962.356000000028871, 6450058.251299999654293 ] ] } },
{ "type": "Feature", "properties": { "plot": 2 }, "geometry": { "type": "LineString", "coordinates": [ [ 546989.38, 6450005.885999989695847 ], [ 546987.726000000024214, 6450005.518299999646842 ] ] } },
{ "type": "Feature", "properties": { "plot": 2 }, "geometry": { "type": "LineString", "coordinates": [ [ 546940.662999999010935, 6450020.026999990455806 ], [ 546939.329000000027008, 6450021.138299999758601 ] ] } },
{ "type": "Feature", "properties": { "plot": 2 }, "geometry": { "type": "LineString", "coordinates": [ [ 546934.079999999026768, 6450058.798000000417233 ], [ 546932.517, 6450057.964300000108778 ] ] } },
{ "type": "Feature", "properties": { "plot": 2 }, "geometry": { "type": "LineString", "coordinates": [ [ 546924.503999999025837, 6450040.165 ], [ 546923.826, 6450041.848299999721348 ] ] } },
{ "type": "Feature", "properties": { "plot": 2 }, "geometry": { "type": "LineString", "coordinates": [ [ 546970.908999999053776, 6450011.407999989576638 ], [ 546969.24, 6450012.149299999698997 ] ] } },
{ "type": "Feature", "properties": { "plot": 2 }, "geometry": { "type": "LineString", "coordinates": [ [ 546918.647, 6450045.366999990306795 ], [ 546920.547000000020489, 6450045.636300000362098 ] ] } },
{ "type": "Feature", "properties": { "plot": 2 }, "geometry": { "type": "LineString", "coordinates": [ [ 546975.12300000002142, 6450005.572999989613891 ], [ 546973.317999999970198, 6450006.33530000038445 ] ] } },
{ "type": "Feature", "properties": { "plot": 2 }, "geometry": { "type": "LineString", "coordinates": [ [ 546957.082999999052845, 6450061.457000000402331 ], [ 546955.067000000039116, 6450061.822300000116229 ] ] } },
{ "type": "Feature", "properties": { "plot": 2 }, "geometry": { "type": "LineString", "coordinates": [ [ 547001.02800000004936, 6450031.233 ], [ 547002.206, 6450032.933299999684095 ] ] } },
{ "type": "Feature", "properties": { "plot": 2 }, "geometry": { "type": "LineString", "coordinates": [ [ 546981.022, 6450029.574 ], [ 546979.809, 6450031.250300000421703 ] ] } },
{ "type": "Feature", "properties": { "plot": 2 }, "geometry": { "type": "LineString", "coordinates": [ [ 547003.552000000025146, 6450019.986999990418553 ], [ 547005.018000000040047, 6450018.4243 ] ] } },
{ "type": "Feature", "properties": { "plot": 2 }, "geometry": { "type": "LineString", "coordinates": [ [ 546951.165999999037012, 6450062.639000000432134 ], [ 546951.358, 6450060.10329999960959 ] ] } },
{ "type": "Feature", "properties": { "plot": 2 }, "geometry": { "type": "LineString", "coordinates": [ [ 546935.599000000045635, 6450070.75 ], [ 546936.218, 6450067.6913 ] ] } },
{ "type": "Feature", "properties": { "plot": 2 }, "geometry": { "type": "LineString", "coordinates": [ [ 546968.408999999053776, 6450007.191999989561737 ], [ 546971.447000000043772, 6450006.4693 ] ] } },
{ "type": "Feature", "properties": { "plot": 2 }, "geometry": { "type": "LineString", "coordinates": [ [ 546927.398000000044703, 6450054.25800000037998 ], [ 546927.410999999963678, 6450057.447300000116229 ] ] } },
{ "type": "Feature", "properties": { "plot": 2 }, "geometry": { "type": "LineString", "coordinates": [ [ 546940.361000000033528, 6450044.849000000394881 ], [ 546937.216000000014901, 6450046.7763 ] ] } },
{ "type": "Feature", "properties": { "plot": 3 }, "geometry": { "type": "LineString", "coordinates": [ [ 546623.397556000039913, 6450168.09326000045985 ], [ 546623.341000000014901, 6450168.126299999654293 ] ] } },
{ "type": "Feature", "properties": { "plot": 3 }, "geometry": { "type": "LineString", "coordinates": [ [ 546636.339844999019988, 6450166.825079989619553 ], [ 546636.268999999971129, 6450166.785299999639392 ] ] } },
{ "type": "Feature", "properties": { "plot": 3 }, "geometry": { "type": "LineString", "coordinates": [ [ 546664.238382000010461, 6450124.932400000281632 ], [ 546664.329000000027008, 6450124.886300000362098 ] ] } },
{ "type": "Feature", "properties": { "plot": 3 }, "geometry": { "type": "LineString", "coordinates": [ [ 546673.312054999056272, 6450161.128100000321865 ], [ 546673.343, 6450161.240299999713898 ] ] } },
{ "type": "Feature", "properties": { "plot": 3 }, "geometry": { "type": "LineString", "coordinates": [ [ 546613.032254999037832, 6450191.924929990433156 ], [ 546612.99, 6450191.8043 ] ] } },
{ "type": "Feature", "properties": { "plot": 3 }, "geometry": { "type": "LineString", "coordinates": [ [ 546618.90708799904678, 6450170.526739990338683 ], [ 546619.03000000002794, 6450170.564299999736249 ] ] } },
{ "type": "Feature", "properties": { "plot": 3 }, "geometry": { "type": "LineString", "coordinates": [ [ 546667.914108, 6450124.09307000041008 ], [ 546667.800000000046566, 6450124.011300000362098 ] ] } },
{ "type": "Feature", "properties": { "plot": 3 }, "geometry": { "type": "LineString", "coordinates": [ [ 546667.174730999046005, 6450163.08600000012666 ], [ 546667.152, 6450162.944299999624491 ] ] } },
{ "type": "Feature", "properties": { "plot": 3 }, "geometry": { "type": "LineString", "coordinates": [ [ 546642.254196000052616, 6450155.41354 ], [ 546642.182000000029802, 6450155.218299999833107 ] ] } },
{ "type": "Feature", "properties": { "plot": 3 }, "geometry": { "type": "LineString", "coordinates": [ [ 546597.686567, 6450174.52233 ], [ 546597.927000000025146, 6450174.4413 ] ] } },
{ "type": "Feature", "properties": { "plot": 3 }, "geometry": { "type": "LineString", "coordinates": [ [ 546666.895873000030406, 6450131.73943 ], [ 546666.871000000042841, 6450131.476300000213087 ] ] } },
{ "type": "Feature", "properties": { "plot": 3 }, "geometry": { "type": "LineString", "coordinates": [ [ 546645.319849999039434, 6450139.004150000400841 ], [ 546645.344000000040978, 6450138.727300000376999 ] ] } },
{ "type": "Feature", "properties": { "plot": 3 }, "geometry": { "type": "LineString", "coordinates": [ [ 546670.085479, 6450146.8081099903211 ], [ 546670.054, 6450146.511300000362098 ] ] } },
{ "type": "Feature", "properties": { "plot": 3 }, "geometry": { "type": "LineString", "coordinates": [ [ 546608.883263000054285, 6450177.651200000196695 ], [ 546608.853, 6450177.283300000242889 ] ] } },
{ "type": "Feature", "properties": { "plot": 3 }, "geometry": { "type": "LineString", "coordinates": [ [ 546655.475248, 6450171.48711999040097 ], [ 546655.574000000022352, 6450171.127299999818206 ] ] } },
{ "type": "Feature", "properties": { "plot": 3 }, "geometry": { "type": "LineString", "coordinates": [ [ 546611.217223000014201, 6450151.122829990461469 ], [ 546611.300999999977648, 6450151.494300000369549 ] ] } },
{ "type": "Feature", "properties": { "plot": 3 }, "geometry": { "type": "LineString", "coordinates": [ [ 546614.822124000056647, 6450179.645580000244081 ], [ 546614.917999999946915, 6450179.273299999535084 ] ] } },
{ "type": "Feature", "properties": { "plot": 3 }, "geometry": { "type": "LineString", "coordinates": [ [ 546631.141396000050008, 6450163.79024 ], [ 546630.797000000020489, 6450163.5943 ] ] } },
{ "type": "Feature", "properties": { "plot": 3 }, "geometry": { "type": "LineString", "coordinates": [ [ 546654.360670999041758, 6450132.823040000163019 ], [ 546653.961000000010245, 6450132.854299999773502 ] ] } },
{ "type": "Feature", "properties": { "plot": 3 }, "geometry": { "type": "LineString", "coordinates": [ [ 546650.335619000019506, 6450162.716599989682436 ], [ 546649.993000000016764, 6450162.932300000451505 ] ] } },
{ "type": "Feature", "properties": { "plot": 3 }, "geometry": { "type": "LineString", "coordinates": [ [ 546634.593235000036657, 6450153.42442 ], [ 546634.5, 6450153.819299999624491 ] ] } },
{ "type": "Feature", "properties": { "plot": 3 }, "geometry": { "type": "LineString", "coordinates": [ [ 546621.037055999040604, 6450166.027929989621043 ], [ 546621.425000000046566, 6450165.88329999987036 ] ] } },
{ "type": "Feature", "properties": { "plot": 3 }, "geometry": { "type": "LineString", "coordinates": [ [ 546612.835096, 6450171.260429989546537 ], [ 546612.878000000026077, 6450171.676300000399351 ] ] } },
{ "type": "Feature", "properties": { "plot": 3 }, "geometry": { "type": "LineString", "coordinates": [ [ 546654.785187999019399, 6450166.822610000148416 ], [ 546654.785000000032596, 6450167.2423 ] ] } },
{ "type": "Feature", "properties": { "plot": 3 }, "geometry": { "type": "LineString", "coordinates": [ [ 546643.430013000033796, 6450169.018400000408292 ], [ 546643.211000000010245, 6450168.659300000406802 ] ] } },
{ "type": "Feature", "properties": { "plot": 3 }, "geometry": { "type": "LineString", "coordinates": [ [ 546603.164286999031901, 6450184.664599989540875 ], [ 546602.756999999983236, 6450184.7703 ] ] } },
{ "type": "Feature", "properties": { "plot": 3 }, "geometry": { "type": "LineString", "coordinates": [ [ 546602.963923000032082, 6450161.560829989612103 ], [ 546603.393000000040047, 6450161.523299999535084 ] ] } },
{ "type": "Feature", "properties": { "plot": 3 }, "geometry": { "type": "LineString", "coordinates": [ [ 546600.534127000020817, 6450169.867960000410676 ], [ 546600.131000000052154, 6450170.097299999557436 ] ] } },
{ "type": "Feature", "properties": { "plot": 3 }, "geometry": { "type": "LineString", "coordinates": [ [ 546606.564446000033058, 6450171.519249989651144 ], [ 546606.709000000031665, 6450171.973299999721348 ] ] } },
{ "type": "Feature", "properties": { "plot": 3 }, "geometry": { "type": "LineString", "coordinates": [ [ 546658.617781999055296, 6450138.395340000279248 ], [ 546659.082999999984168, 6450138.28830000013113 ] ] } },
{ "type": "Feature", "properties": { "plot": 3 }, "geometry": { "type": "LineString", "coordinates": [ [ 546662.242930999025702, 6450165.87562 ], [ 546661.794, 6450165.698300000280142 ] ] } },
{ "type": "Feature", "properties": { "plot": 3 }, "geometry": { "type": "LineString", "coordinates": [ [ 546614.303419, 6450172.201949990354478 ], [ 546614.532, 6450171.772300000302494 ] ] } },
{ "type": "Feature", "properties": { "plot": 3 }, "geometry": { "type": "LineString", "coordinates": [ [ 546658.505892000044696, 6450123.284180000424385 ], [ 546658.310000000055879, 6450123.752299999818206 ] ] } },
{ "type": "Feature", "properties": { "plot": 3 }, "geometry": { "type": "LineString", "coordinates": [ [ 546664.336642, 6450136.259519999846816 ], [ 546664.672999999951571, 6450136.649299999698997 ] ] } },
{ "type": "Feature", "properties": { "plot": 3 }, "geometry": { "type": "LineString", "coordinates": [ [ 546650.203790000057779, 6450138.21454999037087 ], [ 546650.47199999995064, 6450137.762299999594688 ] ] } },
{ "type": "Feature", "properties": { "plot": 3 }, "geometry": { "type": "LineString", "coordinates": [ [ 546639.498442000010982, 6450156.882020000368357 ], [ 546639.728, 6450156.404299999587238 ] ] } },
{ "type": "Feature", "properties": { "plot": 3 }, "geometry": { "type": "LineString", "coordinates": [ [ 546659.304577999049798, 6450143.47896 ], [ 546659.805000000051223, 6450143.683299999684095 ] ] } },
{ "type": "Feature", "properties": { "plot": 3 }, "geometry": { "type": "LineString", "coordinates": [ [ 546601.064492000034079, 6450164.846789989620447 ], [ 546600.763999999966472, 6450165.300300000235438 ] ] } },
{ "type": "Feature", "properties": { "plot": 3 }, "geometry": { "type": "LineString", "coordinates": [ [ 546596.754568999051116, 6450170.485790000297129 ], [ 546596.348, 6450170.86629999987781 ] ] } },
{ "type": "Feature", "properties": { "plot": 3 }, "geometry": { "type": "LineString", "coordinates": [ [ 546656.994108999031596, 6450151.992189990356565 ], [ 546657.113999999943189, 6450151.4463 ] ] } },
{ "type": "Feature", "properties": { "plot": 3 }, "geometry": { "type": "LineString", "coordinates": [ [ 546677.276500000036322, 6450134.24591 ], [ 546677.805000000051223, 6450134.433299999684095 ] ] } },
{ "type": "Feature", "properties": { "plot": 3 }, "geometry": { "type": "LineString", "coordinates": [ [ 546650.271607000031509, 6450150.689489989541471 ], [ 546649.73499999998603, 6450150.857300000265241 ] ] } },
{ "type": "Feature", "properties": { "plot": 3 }, "geometry": { "type": "LineString", "coordinates": [ [ 546620.276000999030657, 6450191.415439990349114 ], [ 546619.907, 6450190.966300000436604 ] ] } },
{ "type": "Feature", "properties": { "plot": 3 }, "geometry": { "type": "LineString", "coordinates": [ [ 546639.57382699905429, 6450160.887330000288785 ], [ 546640.125, 6450161.080299999564886 ] ] } },
{ "type": "Feature", "properties": { "plot": 3 }, "geometry": { "type": "LineString", "coordinates": [ [ 546692.58345499902498, 6450153.656390000134706 ], [ 546692.371000000042841, 6450154.201299999840558 ] ] } },
{ "type": "Feature", "properties": { "plot": 3 }, "geometry": { "type": "LineString", "coordinates": [ [ 546597.186006000032648, 6450167.336450000293553 ], [ 546596.604999999981374, 6450167.16330000013113 ] ] } },
{ "type": "Feature", "properties": { "plot": 3 }, "geometry": { "type": "LineString", "coordinates": [ [ 546677.532155000022613, 6450126.631819990463555 ], [ 546676.922000000020489, 6450126.729299999773502 ] ] } },
{ "type": "Feature", "properties": { "plot": 3 }, "geometry": { "type": "LineString", "coordinates": [ [ 546638.899813, 6450134.26272 ], [ 546638.334000000031665, 6450134.001299999654293 ] ] } },
{ "type": "Feature", "properties": { "plot": 3 }, "geometry": { "type": "LineString", "coordinates": [ [ 546610.217836000025272, 6450195.094580000266433 ], [ 546609.685000000055879, 6450195.426300000399351 ] ] } },
{ "type": "Feature", "properties": { "plot": 3 }, "geometry": { "type": "LineString", "coordinates": [ [ 546603.553026000037789, 6450168.655279990285635 ], [ 546602.927000000025146, 6450168.593299999833107 ] ] } },
{ "type": "Feature", "properties": { "plot": 3 }, "geometry": { "type": "LineString", "coordinates": [ [ 546665.876687000039965, 6450151.27233 ], [ 546666.011999999987893, 6450150.646300000138581 ] ] } },
{ "type": "Feature", "properties": { "plot": 3 }, "geometry": { "type": "LineString", "coordinates": [ [ 546598.126370999030769, 6450178.861820000223815 ], [ 546598.562000000034459, 6450178.362300000153482 ] ] } },
{ "type": "Feature", "properties": { "plot": 3 }, "geometry": { "type": "LineString", "coordinates": [ [ 546680.930077999946661, 6450153.171869999729097 ], [ 546680.895999999949709, 6450153.83629999961704 ] ] } },
{ "type": "Feature", "properties": { "plot": 3 }, "geometry": { "type": "LineString", "coordinates": [ [ 546662.901443999027833, 6450138.526510000228882 ], [ 546662.486000000033528, 6450137.990299999713898 ] ] } },
{ "type": "Feature", "properties": { "plot": 3 }, "geometry": { "type": "LineString", "coordinates": [ [ 546660.085266, 6450162.491860000416636 ], [ 546659.439000000013039, 6450162.700299999676645 ] ] } },
{ "type": "Feature", "properties": { "plot": 3 }, "geometry": { "type": "LineString", "coordinates": [ [ 546658.300748000037856, 6450164.028559990227222 ], [ 546657.88800000003539, 6450164.569299999624491 ] ] } },
{ "type": "Feature", "properties": { "plot": 3 }, "geometry": { "type": "LineString", "coordinates": [ [ 546649.937742999056354, 6450161.669859989546239 ], [ 546649.645000000018626, 6450162.300300000235438 ] ] } },
{ "type": "Feature", "properties": { "plot": 3 }, "geometry": { "type": "LineString", "coordinates": [ [ 546662.770066000055522, 6450152.62744 ], [ 546663.464000000036322, 6450152.671299999579787 ] ] } },
{ "type": "Feature", "properties": { "plot": 3 }, "geometry": { "type": "LineString", "coordinates": [ [ 546613.256541999056935, 6450189.950070000253618 ], [ 546613.851000000024214, 6450190.33530000038445 ] ] } },
{ "type": "Feature", "properties": { "plot": 3 }, "geometry": { "type": "LineString", "coordinates": [ [ 546616.848742999020033, 6450163.117870000191033 ], [ 546617.452000000048429, 6450162.738300000317395 ] ] } },
{ "type": "Feature", "properties": { "plot": 3 }, "geometry": { "type": "LineString", "coordinates": [ [ 546611.513085998944007, 6450188.566920000128448 ], [ 546612.223, 6450188.632299999706447 ] ] } },
{ "type": "Feature", "properties": { "plot": 3 }, "geometry": { "type": "LineString", "coordinates": [ [ 546680.240853999042884, 6450152.100569990463555 ], [ 546680.050000000046566, 6450152.791299999691546 ] ] } },
{ "type": "Feature", "properties": { "plot": 3 }, "geometry": { "type": "LineString", "coordinates": [ [ 546662.843331999029033, 6450162.100479990243912 ], [ 546663.01500000001397, 6450161.402300000190735 ] ] } },
{ "type": "Feature", "properties": { "plot": 3 }, "geometry": { "type": "LineString", "coordinates": [ [ 546647.868234999012202, 6450150.14463 ], [ 546648.302999999956228, 6450149.5653 ] ] } },
{ "type": "Feature", "properties": { "plot": 3 }, "geometry": { "type": "LineString", "coordinates": [ [ 546619.755515999044292, 6450163.88925 ], [ 546619.297000000020489, 6450163.3273 ] ] } },
{ "type": "Feature", "properties": { "plot": 3 }, "geometry": { "type": "LineString", "coordinates": [ [ 546681.248564, 6450142.866179989650846 ], [ 546681.520999999949709, 6450142.184299999848008 ] ] } },
{ "type": "Feature", "properties": { "plot": 3 }, "geometry": { "type": "LineString", "coordinates": [ [ 546665.569074, 6450127.967269989661872 ], [ 546665.834000000031665, 6450128.6793 ] ] } },
{ "type": "Feature", "properties": { "plot": 3 }, "geometry": { "type": "LineString", "coordinates": [ [ 546676.058089999016374, 6450120.666740000247955 ], [ 546676.248999999952503, 6450119.926300000399351 ] ] } },
{ "type": "Feature", "properties": { "plot": 3 }, "geometry": { "type": "LineString", "coordinates": [ [ 546656.027068999013864, 6450148.513279990293086 ], [ 546655.65300000004936, 6450147.843299999833107 ] ] } },
{ "type": "Feature", "properties": { "plot": 3 }, "geometry": { "type": "LineString", "coordinates": [ [ 546670.157901, 6450156.975259990431368 ], [ 546670.814000000013039, 6450156.575299999676645 ] ] } },
{ "type": "Feature", "properties": { "plot": 3 }, "geometry": { "type": "LineString", "coordinates": [ [ 546663.302567000035197, 6450121.047799989581108 ], [ 546662.807000000029802, 6450121.637299999594688 ] ] } },
{ "type": "Feature", "properties": { "plot": 3 }, "geometry": { "type": "LineString", "coordinates": [ [ 546607.516429999028333, 6450189.429259990341961 ], [ 546606.74800000002142, 6450189.306300000287592 ] ] } },
{ "type": "Feature", "properties": { "plot": 3 }, "geometry": { "type": "LineString", "coordinates": [ [ 546673.944781000027433, 6450143.8717 ], [ 546674.175999999977648, 6450144.620299999602139 ] ] } },
{ "type": "Feature", "properties": { "plot": 3 }, "geometry": { "type": "LineString", "coordinates": [ [ 546674.844136000028811, 6450165.47604 ], [ 546674.067999999970198, 6450165.6283 ] ] } },
{ "type": "Feature", "properties": { "plot": 3 }, "geometry": { "type": "LineString", "coordinates": [ [ 546620.288551999023184, 6450159.28309 ], [ 546620.305000000051223, 6450160.0883 ] ] } },
{ "type": "Feature", "properties": { "plot": 3 }, "geometry": { "type": "LineString", "coordinates": [ [ 546659.504321999032982, 6450157.211520000360906 ], [ 546658.704000000027008, 6450157.029299999587238 ] ] } },
{ "type": "Feature", "properties": { "plot": 3 }, "geometry": { "type": "LineString", "coordinates": [ [ 546668.143537000054494, 6450127.22879 ], [ 546668.324000000022352, 6450126.426300000399351 ] ] } },
{ "type": "Feature", "properties": { "plot": 3 }, "geometry": { "type": "LineString", "coordinates": [ [ 546675.408555999048986, 6450136.504219990223646 ], [ 546675.285000000032596, 6450135.689299999736249 ] ] } },
{ "type": "Feature", "properties": { "plot": 3 }, "geometry": { "type": "LineString", "coordinates": [ [ 546635.439388999016955, 6450134.326349990442395 ], [ 546635.905999999959022, 6450135.022300000302494 ] ] } },
{ "type": "Feature", "properties": { "plot": 3 }, "geometry": { "type": "LineString", "coordinates": [ [ 546672.114126999047585, 6450136.25514 ], [ 546672.851000000024214, 6450135.852300000376999 ] ] } },
{ "type": "Feature", "properties": { "plot": 3 }, "geometry": { "type": "LineString", "coordinates": [ [ 546635.679820999037474, 6450144.49280000012368 ], [ 546636.118999999947846, 6450145.209300000220537 ] ] } },
{ "type": "Feature", "properties": { "plot": 3 }, "geometry": { "type": "LineString", "coordinates": [ [ 546621.783734999946319, 6450177.547009999863803 ], [ 546621.202000000048429, 6450178.18030000012368 ] ] } },
{ "type": "Feature", "properties": { "plot": 3 }, "geometry": { "type": "LineString", "coordinates": [ [ 546676.711750000016764, 6450136.630289990454912 ], [ 546677.567000000039116, 6450136.734299999661744 ] ] } },
{ "type": "Feature", "properties": { "plot": 3 }, "geometry": { "type": "LineString", "coordinates": [ [ 546661.189677000045776, 6450168.916939989663661 ], [ 546660.38800000003539, 6450168.581299999728799 ] ] } },
{ "type": "Feature", "properties": { "plot": 3 }, "geometry": { "type": "LineString", "coordinates": [ [ 546667.92368600005284, 6450156.482099990360439 ], [ 546667.988999999943189, 6450157.352300000376999 ] ] } },
{ "type": "Feature", "properties": { "plot": 3 }, "geometry": { "type": "LineString", "coordinates": [ [ 546637.670265999040566, 6450164.787429990246892 ], [ 546637.113999999943189, 6450165.4633 ] ] } },
{ "type": "Feature", "properties": { "plot": 3 }, "geometry": { "type": "LineString", "coordinates": [ [ 546669.852358, 6450125.835149990394711 ], [ 546669.006999999983236, 6450126.064299999736249 ] ] } },
{ "type": "Feature", "properties": { "plot": 3 }, "geometry": { "type": "LineString", "coordinates": [ [ 546651.902535, 6450162.574389990419149 ], [ 546652.055999999982305, 6450161.707299999892712 ] ] } },
{ "type": "Feature", "properties": { "plot": 3 }, "geometry": { "type": "LineString", "coordinates": [ [ 546653.461065000039525, 6450166.016789989545941 ], [ 546654.174, 6450165.488300000317395 ] ] } },
{ "type": "Feature", "properties": { "plot": 3 }, "geometry": { "type": "LineString", "coordinates": [ [ 546671.991332, 6450150.578959990292788 ], [ 546671.319000000017695, 6450151.189299999736249 ] ] } },
{ "type": "Feature", "properties": { "plot": 3 }, "geometry": { "type": "LineString", "coordinates": [ [ 546673.508901000022888, 6450146.869090000167489 ], [ 546672.59699999995064, 6450146.979299999773502 ] ] } },
{ "type": "Feature", "properties": { "plot": 3 }, "geometry": { "type": "LineString", "coordinates": [ [ 546626.084302, 6450138.129200000315905 ], [ 546626.782, 6450138.740299999713898 ] ] } },
{ "type": "Feature", "properties": { "plot": 3 }, "geometry": { "type": "LineString", "coordinates": [ [ 546645.084004999022, 6450150.96148 ], [ 546645.648999999975786, 6450151.7083 ] ] } },
{ "type": "Feature", "properties": { "plot": 3 }, "geometry": { "type": "LineString", "coordinates": [ [ 546671.315729000023566, 6450133.312590000219643 ], [ 546670.49, 6450132.857300000265241 ] ] } },
{ "type": "Feature", "properties": { "plot": 3 }, "geometry": { "type": "LineString", "coordinates": [ [ 546643.229991000029258, 6450175.240419990383089 ], [ 546642.643000000040047, 6450174.49930000025779 ] ] } },
{ "type": "Feature", "properties": { "plot": 3 }, "geometry": { "type": "LineString", "coordinates": [ [ 546621.131651, 6450137.630739989690483 ], [ 546620.206, 6450137.409300000406802 ] ] } },
{ "type": "Feature", "properties": { "plot": 3 }, "geometry": { "type": "LineString", "coordinates": [ [ 546648.805029000039212, 6450132.703320000320673 ], [ 546648.400000000023283, 6450133.581299999728799 ] ] } },
{ "type": "Feature", "properties": { "plot": 3 }, "geometry": { "type": "LineString", "coordinates": [ [ 546649.771647998946719, 6450130.867549990303814 ], [ 546649.837999999988824, 6450131.842299999669194 ] ] } },
{ "type": "Feature", "properties": { "plot": 3 }, "geometry": { "type": "LineString", "coordinates": [ [ 546607.792716, 6450175.196979990229011 ], [ 546608.104000000050291, 6450176.1283 ] ] } },
{ "type": "Feature", "properties": { "plot": 3 }, "geometry": { "type": "LineString", "coordinates": [ [ 546658.300288000027649, 6450149.441870000213385 ], [ 546659.278999999980442, 6450149.535299999639392 ] ] } },
{ "type": "Feature", "properties": { "plot": 3 }, "geometry": { "type": "LineString", "coordinates": [ [ 546674.101330999052152, 6450128.03914 ], [ 546673.234000000054948, 6450128.506299999542534 ] ] } },
{ "type": "Feature", "properties": { "plot": 3 }, "geometry": { "type": "LineString", "coordinates": [ [ 546650.098992998944595, 6450132.939550000242889 ], [ 546650.135, 6450133.926300000399351 ] ] } },
{ "type": "Feature", "properties": { "plot": 3 }, "geometry": { "type": "LineString", "coordinates": [ [ 546629.940819000010379, 6450169.861320000141859 ], [ 546630.942000000039116, 6450169.786299999803305 ] ] } },
{ "type": "Feature", "properties": { "plot": 3 }, "geometry": { "type": "LineString", "coordinates": [ [ 546612.023313998943195, 6450149.0066 ], [ 546611.14000000001397, 6450149.487300000153482 ] ] } },
{ "type": "Feature", "properties": { "plot": 3 }, "geometry": { "type": "LineString", "coordinates": [ [ 546662.972136999014765, 6450165.073800000362098 ], [ 546663.942000000039116, 6450165.37430000025779 ] ] } },
{ "type": "Feature", "properties": { "plot": 3 }, "geometry": { "type": "LineString", "coordinates": [ [ 546660.919285999028943, 6450121.23613 ], [ 546659.90500000002794, 6450121.1623 ] ] } },
{ "type": "Feature", "properties": { "plot": 3 }, "geometry": { "type": "LineString", "coordinates": [ [ 546678.138301, 6450131.98675999045372 ], [ 546678.256999999983236, 6450133.019299999810755 ] ] } },
{ "type": "Feature", "properties": { "plot": 3 }, "geometry": { "type": "LineString", "coordinates": [ [ 546617.666424999013543, 6450180.076919989660382 ], [ 546617.996999999973923, 6450181.063299999572337 ] ] } },
{ "type": "Feature", "properties": { "plot": 3 }, "geometry": { "type": "LineString", "coordinates": [ [ 546606.481112999026664, 6450180.520750000141561 ], [ 546605.439000000013039, 6450180.3733 ] ] } },
{ "type": "Feature", "properties": { "plot": 3 }, "geometry": { "type": "LineString", "coordinates": [ [ 546669.045755999046378, 6450138.247709989547729 ], [ 546669.38, 6450139.246299999766052 ] ] } },
{ "type": "Feature", "properties": { "plot": 3 }, "geometry": { "type": "LineString", "coordinates": [ [ 546594.985160000040196, 6450170.661249989643693 ], [ 546595.506999999983236, 6450171.5773 ] ] } },
{ "type": "Feature", "properties": { "plot": 3 }, "geometry": { "type": "LineString", "coordinates": [ [ 546635.949430000036955, 6450131.462779990397394 ], [ 546636.109000000054948, 6450132.50829999987036 ] ] } },
{ "type": "Feature", "properties": { "plot": 3 }, "geometry": { "type": "LineString", "coordinates": [ [ 546620.336554000037722, 6450158.536220000125468 ], [ 546621.398000000044703, 6450158.405299999751151 ] ] } },
{ "type": "Feature", "properties": { "plot": 3 }, "geometry": { "type": "LineString", "coordinates": [ [ 546635.657353000016883, 6450162.071429990231991 ], [ 546636.417000000015832, 6450162.830299999564886 ] ] } },
{ "type": "Feature", "properties": { "plot": 3 }, "geometry": { "type": "LineString", "coordinates": [ [ 546642.607982998946682, 6450156.70402 ], [ 546641.525000000023283, 6450156.707299999892712 ] ] } },
{ "type": "Feature", "properties": { "plot": 3 }, "geometry": { "type": "LineString", "coordinates": [ [ 546679.792743999045342, 6450154.897130000405014 ], [ 546678.932000000029802, 6450155.558299999684095 ] ] } },
{ "type": "Feature", "properties": { "plot": 3 }, "geometry": { "type": "LineString", "coordinates": [ [ 546627.467608000035398, 6450147.594189990311861 ], [ 546628.319000000017695, 6450148.273299999535084 ] ] } },
{ "type": "Feature", "properties": { "plot": 3 }, "geometry": { "type": "LineString", "coordinates": [ [ 546597.454269999056123, 6450178.176540000364184 ], [ 546598.077999999979511, 6450177.267300000414252 ] ] } },
{ "type": "Feature", "properties": { "plot": 3 }, "geometry": { "type": "LineString", "coordinates": [ [ 546663.117281000013463, 6450132.106209989637136 ], [ 546664.223, 6450132.1913 ] ] } },
{ "type": "Feature", "properties": { "plot": 3 }, "geometry": { "type": "LineString", "coordinates": [ [ 546619.897070999024436, 6450149.177070000208914 ], [ 546620.398000000044703, 6450148.181300000287592 ] ] } },
{ "type": "Feature", "properties": { "plot": 3 }, "geometry": { "type": "LineString", "coordinates": [ [ 546656.514669999014586, 6450131.250219989567995 ], [ 546657.606999999959953, 6450131.484299999661744 ] ] } },
{ "type": "Feature", "properties": { "plot": 3 }, "geometry": { "type": "LineString", "coordinates": [ [ 546654.630907000042498, 6450161.082349989563227 ], [ 546654.692000000039116, 6450159.96030000038445 ] ] } },
{ "type": "Feature", "properties": { "plot": 3 }, "geometry": { "type": "LineString", "coordinates": [ [ 546675.185885000042617, 6450129.495900000445545 ], [ 546675.935000000055879, 6450128.658300000242889 ] ] } },
{ "type": "Feature", "properties": { "plot": 3 }, "geometry": { "type": "LineString", "coordinates": [ [ 546601.910963000031188, 6450170.468910000286996 ], [ 546602.952000000048429, 6450170.973299999721348 ] ] } },
{ "type": "Feature", "properties": { "plot": 3 }, "geometry": { "type": "LineString", "coordinates": [ [ 546662.224623000016436, 6450135.36998 ], [ 546661.427000000025146, 6450134.530299999751151 ] ] } },
{ "type": "Feature", "properties": { "plot": 3 }, "geometry": { "type": "LineString", "coordinates": [ [ 546668.446082000038587, 6450151.214030000381172 ], [ 546668.432000000029802, 6450152.379300000146031 ] ] } },
{ "type": "Feature", "properties": { "plot": 3 }, "geometry": { "type": "LineString", "coordinates": [ [ 546673.014471999020316, 6450156.24125 ], [ 546673.883999999961816, 6450155.462299999780953 ] ] } },
{ "type": "Feature", "properties": { "plot": 3 }, "geometry": { "type": "LineString", "coordinates": [ [ 546638.775015000021085, 6450163.207469989545643 ], [ 546639.633999999961816, 6450162.41330000013113 ] ] } },
{ "type": "Feature", "properties": { "plot": 3 }, "geometry": { "type": "LineString", "coordinates": [ [ 546601.935670000035316, 6450166.90405 ], [ 546600.908999999985099, 6450166.323300000280142 ] ] } },
{ "type": "Feature", "properties": { "plot": 3 }, "geometry": { "type": "LineString", "coordinates": [ [ 546680.021363000036217, 6450143.859029989689589 ], [ 546678.841000000014901, 6450143.880300000309944 ] ] } },
{ "type": "Feature", "properties": { "plot": 3 }, "geometry": { "type": "LineString", "coordinates": [ [ 546623.372230999055319, 6450146.23484 ], [ 546624.506000000052154, 6450145.847299999557436 ] ] } },
{ "type": "Feature", "properties": { "plot": 3 }, "geometry": { "type": "LineString", "coordinates": [ [ 546679.823161000036635, 6450139.741689990274608 ], [ 546679.432000000029802, 6450138.598299999721348 ] ] } },
{ "type": "Feature", "properties": { "plot": 3 }, "geometry": { "type": "LineString", "coordinates": [ [ 546603.669054000056349, 6450179.730849989689887 ], [ 546602.486000000033528, 6450179.484299999661744 ] ] } },
{ "type": "Feature", "properties": { "plot": 3 }, "geometry": { "type": "LineString", "coordinates": [ [ 546676.910384000046179, 6450139.343449990265071 ], [ 546678.126000000047497, 6450139.216300000436604 ] ] } },
{ "type": "Feature", "properties": { "plot": 3 }, "geometry": { "type": "LineString", "coordinates": [ [ 546631.477894000010565, 6450159.152230000123382 ], [ 546632.699000000022352, 6450159.35329999960959 ] ] } },
{ "type": "Feature", "properties": { "plot": 3 }, "geometry": { "type": "LineString", "coordinates": [ [ 546662.490595999057405, 6450125.722459989599884 ], [ 546662.38800000003539, 6450124.482300000265241 ] ] } },
{ "type": "Feature", "properties": { "plot": 3 }, "geometry": { "type": "LineString", "coordinates": [ [ 546609.066696999012493, 6450162.990930000320077 ], [ 546610.138999999966472, 6450163.626299999654293 ] ] } },
{ "type": "Feature", "properties": { "plot": 3 }, "geometry": { "type": "LineString", "coordinates": [ [ 546606.834762000013143, 6450146.960730000399053 ], [ 546606.066, 6450147.947300000116229 ] ] } },
{ "type": "Feature", "properties": { "plot": 3 }, "geometry": { "type": "LineString", "coordinates": [ [ 546627.294570000027306, 6450143.362429990433156 ], [ 546628.202000000048429, 6450144.234299999661744 ] ] } },
{ "type": "Feature", "properties": { "plot": 3 }, "geometry": { "type": "LineString", "coordinates": [ [ 546600.706585000036284, 6450159.610550000332296 ], [ 546600.986000000033528, 6450160.842299999669194 ] ] } },
{ "type": "Feature", "properties": { "plot": 3 }, "geometry": { "type": "LineString", "coordinates": [ [ 546624.986654, 6450161.304840000346303 ], [ 546625.822000000043772, 6450162.260300000198185 ] ] } },
{ "type": "Feature", "properties": { "plot": 3 }, "geometry": { "type": "LineString", "coordinates": [ [ 546681.091030000010505, 6450144.451919989660382 ], [ 546682.356999999959953, 6450144.6233 ] ] } },
{ "type": "Feature", "properties": { "plot": 3 }, "geometry": { "type": "LineString", "coordinates": [ [ 546643.819665999035351, 6450157.545660000294447 ], [ 546644.942000000039116, 6450158.189299999736249 ] ] } },
{ "type": "Feature", "properties": { "plot": 3 }, "geometry": { "type": "LineString", "coordinates": [ [ 546621.551464000018314, 6450184.901100000366569 ], [ 546622.258000000030734, 6450186.000300000421703 ] ] } },
{ "type": "Feature", "properties": { "plot": 3 }, "geometry": { "type": "LineString", "coordinates": [ [ 546673.679952000034973, 6450163.047430000267923 ], [ 546672.804, 6450164.018299999646842 ] ] } },
{ "type": "Feature", "properties": { "plot": 3 }, "geometry": { "type": "LineString", "coordinates": [ [ 546609.928714000037871, 6450173.375420000404119 ], [ 546611.199000000022352, 6450173.693300000391901 ] ] } },
{ "type": "Feature", "properties": { "plot": 3 }, "geometry": { "type": "LineString", "coordinates": [ [ 546611.513230000040494, 6450177.31446 ], [ 546612.223, 6450176.2133 ] ] } },
{ "type": "Feature", "properties": { "plot": 3 }, "geometry": { "type": "LineString", "coordinates": [ [ 546664.828864000039175, 6450142.207999990321696 ], [ 546665.180000000051223, 6450140.944299999624491 ] ] } },
{ "type": "Feature", "properties": { "plot": 3 }, "geometry": { "type": "LineString", "coordinates": [ [ 546645.631748000043444, 6450174.27269 ], [ 546646.442000000039116, 6450173.240299999713898 ] ] } },
{ "type": "Feature", "properties": { "plot": 3 }, "geometry": { "type": "LineString", "coordinates": [ [ 546646.752863000030629, 6450153.739020000211895 ], [ 546645.746000000042841, 6450152.894299999810755 ] ] } },
{ "type": "Feature", "properties": { "plot": 3 }, "geometry": { "type": "LineString", "coordinates": [ [ 546646.151318000047468, 6450167.584479990415275 ], [ 546647.302000000025146, 6450166.948300000280142 ] ] } },
{ "type": "Feature", "properties": { "plot": 3 }, "geometry": { "type": "LineString", "coordinates": [ [ 546664.854096999042667, 6450123.308159990236163 ], [ 546664.187000000034459, 6450122.164300000295043 ] ] } },
{ "type": "Feature", "properties": { "plot": 3 }, "geometry": { "type": "LineString", "coordinates": [ [ 546618.994868000037968, 6450151.224840000271797 ], [ 546620.299, 6450151.522300000302494 ] ] } },
{ "type": "Feature", "properties": { "plot": 3 }, "geometry": { "type": "LineString", "coordinates": [ [ 546641.817633999045938, 6450146.609419990330935 ], [ 546640.837000000057742, 6450147.519299999810755 ] ] } },
{ "type": "Feature", "properties": { "plot": 3 }, "geometry": { "type": "LineString", "coordinates": [ [ 546691.652429, 6450150.426939990371466 ], [ 546690.841999999945983, 6450149.346300000324845 ] ] } },
{ "type": "Feature", "properties": { "plot": 3 }, "geometry": { "type": "LineString", "coordinates": [ [ 546629.920720000052825, 6450131.653699990361929 ], [ 546631.261999999987893, 6450131.377299999818206 ] ] } },
{ "type": "Feature", "properties": { "plot": 3 }, "geometry": { "type": "LineString", "coordinates": [ [ 546661.628574999049306, 6450129.647819990292192 ], [ 546661.15500000002794, 6450128.329300000332296 ] ] } },
{ "type": "Feature", "properties": { "plot": 3 }, "geometry": { "type": "LineString", "coordinates": [ [ 546630.326093000010587, 6450158.24062000028789 ], [ 546629.951, 6450156.88329999987036 ] ] } },
{ "type": "Feature", "properties": { "plot": 3 }, "geometry": { "type": "LineString", "coordinates": [ [ 546655.238195998943411, 6450127.00019 ], [ 546656.385, 6450126.164300000295043 ] ] } },
{ "type": "Feature", "properties": { "plot": 3 }, "geometry": { "type": "LineString", "coordinates": [ [ 546610.220741000026464, 6450182.582910000346601 ], [ 546609.025999999954365, 6450181.807300000451505 ] ] } },
{ "type": "Feature", "properties": { "plot": 3 }, "geometry": { "type": "LineString", "coordinates": [ [ 546603.168099, 6450152.797419990412891 ], [ 546602.544, 6450154.091300000436604 ] ] } },
{ "type": "Feature", "properties": { "plot": 3 }, "geometry": { "type": "LineString", "coordinates": [ [ 546644.638950000051409, 6450165.216579990461469 ], [ 546645.881000000052154, 6450164.449300000444055 ] ] } },
{ "type": "Feature", "properties": { "plot": 3 }, "geometry": { "type": "LineString", "coordinates": [ [ 546657.906141998944804, 6450140.601060000248253 ], [ 546659.346000000019558, 6450140.280299999751151 ] ] } },
{ "type": "Feature", "properties": { "plot": 3 }, "geometry": { "type": "LineString", "coordinates": [ [ 546635.686150999041274, 6450128.02556999027729 ], [ 546636.682000000029802, 6450129.114299999549985 ] ] } },
{ "type": "Feature", "properties": { "plot": 3 }, "geometry": { "type": "LineString", "coordinates": [ [ 546662.024265000014566, 6450153.703560000285506 ], [ 546660.996999999973923, 6450152.643299999646842 ] ] } },
{ "type": "Feature", "properties": { "plot": 3 }, "geometry": { "type": "LineString", "coordinates": [ [ 546606.74934600002598, 6450164.916430000215769 ], [ 546607.358, 6450163.5472999997437 ] ] } },
{ "type": "Feature", "properties": { "plot": 3 }, "geometry": { "type": "LineString", "coordinates": [ [ 546670.668013000045903, 6450137.06849000044167 ], [ 546671.650000000023283, 6450135.916299999691546 ] ] } },
{ "type": "Feature", "properties": { "plot": 3 }, "geometry": { "type": "LineString", "coordinates": [ [ 546685.752897000056691, 6450147.01932 ], [ 546687.241000000038184, 6450146.6513 ] ] } },
{ "type": "Feature", "properties": { "plot": 3 }, "geometry": { "type": "LineString", "coordinates": [ [ 546642.929142000037245, 6450132.508740000426769 ], [ 546642.63800000003539, 6450134.018299999646842 ] ] } },
{ "type": "Feature", "properties": { "plot": 3 }, "geometry": { "type": "LineString", "coordinates": [ [ 546665.287535000010394, 6450117.483439990319312 ], [ 546664.142, 6450118.534300000406802 ] ] } },
{ "type": "Feature", "properties": { "plot": 3 }, "geometry": { "type": "LineString", "coordinates": [ [ 546619.886345, 6450144.1546 ], [ 546621.209000000031665, 6450143.283300000242889 ] ] } },
{ "type": "Feature", "properties": { "plot": 3 }, "geometry": { "type": "LineString", "coordinates": [ [ 546656.371886000037193, 6450127.905079989694059 ], [ 546657.596000000019558, 6450128.947300000116229 ] ] } },
{ "type": "Feature", "properties": { "plot": 3 }, "geometry": { "type": "LineString", "coordinates": [ [ 546604.49095, 6450169.887369990348816 ], [ 546605.741000000038184, 6450168.858300000429153 ] ] } },
{ "type": "Feature", "properties": { "plot": 3 }, "geometry": { "type": "LineString", "coordinates": [ [ 546638.180058000027202, 6450161.472810000181198 ], [ 546638.091000000014901, 6450159.829300000332296 ] ] } },
{ "type": "Feature", "properties": { "plot": 3 }, "geometry": { "type": "LineString", "coordinates": [ [ 546691.077718000044115, 6450151.818359989672899 ], [ 546689.40500000002794, 6450151.6283 ] ] } },
{ "type": "Feature", "properties": { "plot": 3 }, "geometry": { "type": "LineString", "coordinates": [ [ 546628.452060000039637, 6450157.693669989705086 ], [ 546627.983, 6450156.0653 ] ] } },
{ "type": "Feature", "properties": { "plot": 3 }, "geometry": { "type": "LineString", "coordinates": [ [ 546640.7400549990125, 6450142.040149989537895 ], [ 546642.363999999943189, 6450142.558299999684095 ] ] } },
{ "type": "Feature", "properties": { "plot": 3 }, "geometry": { "type": "LineString", "coordinates": [ [ 546655.505216000019573, 6450176.151239990256727 ], [ 546653.804, 6450175.920300000347197 ] ] } },
{ "type": "Feature", "properties": { "plot": 3 }, "geometry": { "type": "LineString", "coordinates": [ [ 546606.895999999018386, 6450145.979620000347495 ], [ 546608.140999999945052, 6450144.745299999602139 ] ] } },
{ "type": "Feature", "properties": { "plot": 3 }, "geometry": { "type": "LineString", "coordinates": [ [ 546683.633246000041254, 6450149.235670000314713 ], [ 546681.937999999965541, 6450148.768299999646842 ] ] } },
{ "type": "Feature", "properties": { "plot": 3 }, "geometry": { "type": "LineString", "coordinates": [ [ 546672.956812000018544, 6450124.594089989550412 ], [ 546673.929, 6450126.091300000436604 ] ] } },
{ "type": "Feature", "properties": { "plot": 3 }, "geometry": { "type": "LineString", "coordinates": [ [ 546686.786254000035115, 6450143.922310000285506 ], [ 546688.506999999983236, 6450144.409300000406802 ] ] } },
{ "type": "Feature", "properties": { "plot": 3 }, "geometry": { "type": "LineString", "coordinates": [ [ 546615.95449000003282, 6450154.772160000167787 ], [ 546615.647, 6450152.9973 ] ] } },
{ "type": "Feature", "properties": { "plot": 3 }, "geometry": { "type": "LineString", "coordinates": [ [ 546644.636902999016456, 6450175.285810000263155 ], [ 546643.461000000010245, 6450176.6903 ] ] } },
{ "type": "Feature", "properties": { "plot": 3 }, "geometry": { "type": "LineString", "coordinates": [ [ 546670.542894999030977, 6450130.031589989550412 ], [ 546672.444000000017695, 6450130.178299999795854 ] ] } },
{ "type": "Feature", "properties": { "plot": 3 }, "geometry": { "type": "LineString", "coordinates": [ [ 546653.027291, 6450154.16665999032557 ], [ 546654.62, 6450155.218299999833107 ] ] } },
{ "type": "Feature", "properties": { "plot": 3 }, "geometry": { "type": "LineString", "coordinates": [ [ 546660.337046999018639, 6450126.404179990291595 ], [ 546661.452000000048429, 6450124.843299999833107 ] ] } },
{ "type": "Feature", "properties": { "plot": 3 }, "geometry": { "type": "LineString", "coordinates": [ [ 546654.796922, 6450169.605779989622533 ], [ 546652.853, 6450169.4403 ] ] } },
{ "type": "Feature", "properties": { "plot": 3 }, "geometry": { "type": "LineString", "coordinates": [ [ 546594.43709599901922, 6450163.071080000139773 ], [ 546595.62, 6450161.49930000025779 ] ] } },
{ "type": "Feature", "properties": { "plot": 3 }, "geometry": { "type": "LineString", "coordinates": [ [ 546607.430277999024838, 6450193.029109990224242 ], [ 546609.314000000013039, 6450193.735299999825656 ] ] } },
{ "type": "Feature", "properties": { "plot": 3 }, "geometry": { "type": "LineString", "coordinates": [ [ 546649.889014999032952, 6450140.15986 ], [ 546651.574999999953434, 6450141.295300000347197 ] ] } },
{ "type": "Feature", "properties": { "plot": 3 }, "geometry": { "type": "LineString", "coordinates": [ [ 546635.609841999015771, 6450160.609009989537299 ], [ 546633.863000000012107, 6450159.534300000406802 ] ] } },
{ "type": "Feature", "properties": { "plot": 3 }, "geometry": { "type": "LineString", "coordinates": [ [ 546639.641224000020884, 6450180.447770000435412 ], [ 546637.851000000024214, 6450179.296299999579787 ] ] } },
{ "type": "Feature", "properties": { "plot": 3 }, "geometry": { "type": "LineString", "coordinates": [ [ 546671.356839000014588, 6450121.995470000430942 ], [ 546671.613999999943189, 6450119.8783 ] ] } },
{ "type": "Feature", "properties": { "plot": 3 }, "geometry": { "type": "LineString", "coordinates": [ [ 546625.334014000021853, 6450185.900430000387132 ], [ 546625.322000000043772, 6450183.687300000339746 ] ] } },
{ "type": "Feature", "properties": { "plot": 3 }, "geometry": { "type": "LineString", "coordinates": [ [ 546647.684115999029018, 6450136.76186 ], [ 546649.461000000010245, 6450138.098299999721348 ] ] } },
{ "type": "Feature", "properties": { "plot": 3 }, "geometry": { "type": "LineString", "coordinates": [ [ 546636.09464000002481, 6450138.816399989649653 ], [ 546634.258000000030734, 6450137.552299999631941 ] ] } },
{ "type": "Feature", "properties": { "plot": 3 }, "geometry": { "type": "LineString", "coordinates": [ [ 546617.411129000014625, 6450146.6497 ], [ 546616.375, 6450148.627299999818206 ] ] } },
{ "type": "Feature", "properties": { "plot": 3 }, "geometry": { "type": "LineString", "coordinates": [ [ 546592.662217000033706, 6450171.616709990426898 ], [ 546593.462000000057742, 6450173.738300000317395 ] ] } },
{ "type": "Feature", "properties": { "plot": 3 }, "geometry": { "type": "LineString", "coordinates": [ [ 546659.889404000015929, 6450146.760979989543557 ], [ 546662.116000000038184, 6450145.892300000414252 ] ] } },
{ "type": "Feature", "properties": { "plot": 3 }, "geometry": { "type": "LineString", "coordinates": [ [ 546643.531775000039488, 6450131.298890000209212 ], [ 546645.511999999987893, 6450129.802299999631941 ] ] } },
{ "type": "Feature", "properties": { "plot": 3 }, "geometry": { "type": "LineString", "coordinates": [ [ 546599.943395999027416, 6450181.461950000375509 ], [ 546601.995, 6450182.892300000414252 ] ] } },
{ "type": "Feature", "properties": { "plot": 3 }, "geometry": { "type": "LineString", "coordinates": [ [ 546657.532480999012478, 6450134.963340000249445 ], [ 546655.38800000003539, 6450136.25829999987036 ] ] } },
{ "type": "Feature", "properties": { "plot": 3 }, "geometry": { "type": "LineString", "coordinates": [ [ 546674.094851, 6450149.661039990372956 ], [ 546676.657, 6450148.779299999587238 ] ] } },
{ "type": "Feature", "properties": { "plot": 3 }, "geometry": { "type": "LineString", "coordinates": [ [ 546594.321256999042816, 6450157.10917 ], [ 546597.547000000020489, 6450156.3723 ] ] } },
{ "type": "Feature", "properties": { "plot": 3 }, "geometry": { "type": "LineString", "coordinates": [ [ 546622.094520000042394, 6450181.9759900001809 ], [ 546625.496000000042841, 6450181.496299999766052 ] ] } },
{ "type": "Feature", "properties": { "plot": 4 }, "geometry": { "type": "LineString", "coordinates": [ [ 546028.35248, 6449553.955409989692271 ], [ 546028.274500000057742, 6449553.901600000448525 ] ] } },
{ "type": "Feature", "properties": { "plot": 4 }, "geometry": { "type": "LineString", "coordinates": [ [ 546022.771552999038249, 6449555.082890000194311 ], [ 546022.865499999956228, 6449555.13260000012815 ] ] } },
{ "type": "Feature", "properties": { "plot": 4 }, "geometry": { "type": "LineString", "coordinates": [ [ 546029.433756000013091, 6449525.028900000266731 ], [ 546029.54949999996461, 6449525.0526 ] ] } },
{ "type": "Feature", "properties": { "plot": 4 }, "geometry": { "type": "LineString", "coordinates": [ [ 546034.844501000014134, 6449522.122089990414679 ], [ 546034.9815, 6449522.071600000374019 ] ] } },
{ "type": "Feature", "properties": { "plot": 4 }, "geometry": { "type": "LineString", "coordinates": [ [ 546027.357339999056421, 6449571.572089989669621 ], [ 546027.362500000046566, 6449571.419599999673665 ] ] } },
{ "type": "Feature", "properties": { "plot": 4 }, "geometry": { "type": "LineString", "coordinates": [ [ 546023.922634999034926, 6449541.056499989703298 ], [ 546023.93949999997858, 6449540.897599999792874 ] ] } },
{ "type": "Feature", "properties": { "plot": 4 }, "geometry": { "type": "LineString", "coordinates": [ [ 546027.233278000028804, 6449582.408390000462532 ], [ 546027.3835, 6449582.310600000433624 ] ] } },
{ "type": "Feature", "properties": { "plot": 4 }, "geometry": { "type": "LineString", "coordinates": [ [ 546034.183309998945333, 6449529.38021 ], [ 546034.316499999957159, 6449529.24959999974817 ] ] } },
{ "type": "Feature", "properties": { "plot": 4 }, "geometry": { "type": "LineString", "coordinates": [ [ 546019.458974999026395, 6449604.280430000275373 ], [ 546019.2635, 6449604.33559999987483 ] ] } },
{ "type": "Feature", "properties": { "plot": 4 }, "geometry": { "type": "LineString", "coordinates": [ [ 546030.736236999044195, 6449585.239570000208914 ], [ 546030.879500000039116, 6449585.401600000448525 ] ] } },
{ "type": "Feature", "properties": { "plot": 4 }, "geometry": { "type": "LineString", "coordinates": [ [ 546037.588345999014564, 6449529.788929989561439 ], [ 546037.527499999967404, 6449529.568599999882281 ] ] } },
{ "type": "Feature", "properties": { "plot": 4 }, "geometry": { "type": "LineString", "coordinates": [ [ 546004.025688000023365, 6449531.26138 ], [ 546004.233499999972992, 6449531.3586 ] ] } },
{ "type": "Feature", "properties": { "plot": 4 }, "geometry": { "type": "LineString", "coordinates": [ [ 546035.44253, 6449505.758419989608228 ], [ 546035.499500000034459, 6449505.9896 ] ] } },
{ "type": "Feature", "properties": { "plot": 4 }, "geometry": { "type": "LineString", "coordinates": [ [ 546056.252151999040507, 6449575.12316 ], [ 546056.46550000004936, 6449574.9896 ] ] } },
{ "type": "Feature", "properties": { "plot": 4 }, "geometry": { "type": "LineString", "coordinates": [ [ 546015.195873999036849, 6449564.750470000319183 ], [ 546015.389500000048429, 6449564.583599999547005 ] ] } },
{ "type": "Feature", "properties": { "plot": 4 }, "geometry": { "type": "LineString", "coordinates": [ [ 546006.158870000042953, 6449544.664850000292063 ], [ 546006.102500000037253, 6449544.397599999792874 ] ] } },
{ "type": "Feature", "properties": { "plot": 4 }, "geometry": { "type": "LineString", "coordinates": [ [ 546033.687546, 6449529.202829989604652 ], [ 546033.622500000055879, 6449528.934600000269711 ] ] } },
{ "type": "Feature", "properties": { "plot": 4 }, "geometry": { "type": "LineString", "coordinates": [ [ 546000.337627999018878, 6449537.710579990409315 ], [ 546000.18949999997858, 6449537.975599999539554 ] ] } },
{ "type": "Feature", "properties": { "plot": 4 }, "geometry": { "type": "LineString", "coordinates": [ [ 546000.840582999051549, 6449545.120649989694357 ], [ 546000.858499999972992, 6449545.456600000150502 ] ] } },
{ "type": "Feature", "properties": { "plot": 4 }, "geometry": { "type": "LineString", "coordinates": [ [ 546048.374153999029659, 6449554.031329990364611 ], [ 546048.085500000044703, 6449553.833599999547005 ] ] } },
{ "type": "Feature", "properties": { "plot": 4 }, "geometry": { "type": "LineString", "coordinates": [ [ 546021.374391000019386, 6449582.12818 ], [ 546021.024500000057742, 6449581.997600000351667 ] ] } },
{ "type": "Feature", "properties": { "plot": 4 }, "geometry": { "type": "LineString", "coordinates": [ [ 546039.901096998946741, 6449598.63528 ], [ 546040.06449999997858, 6449598.976599999703467 ] ] } },
{ "type": "Feature", "properties": { "plot": 4 }, "geometry": { "type": "LineString", "coordinates": [ [ 546036.428498000022955, 6449572.16354 ], [ 546036.18550000002142, 6449572.454599999822676 ] ] } },
{ "type": "Feature", "properties": { "plot": 4 }, "geometry": { "type": "LineString", "coordinates": [ [ 546017.003127999021672, 6449553.130699990317225 ], [ 546017.019500000053085, 6449553.514600000344217 ] ] } },
{ "type": "Feature", "properties": { "plot": 4 }, "geometry": { "type": "LineString", "coordinates": [ [ 546030.297687000012957, 6449554.341400000266731 ], [ 546030.627499999944121, 6449554.121600000187755 ] ] } },
{ "type": "Feature", "properties": { "plot": 4 }, "geometry": { "type": "LineString", "coordinates": [ [ 546020.738969000056386, 6449547.556180000305176 ], [ 546020.443500000052154, 6449547.83559999987483 ] ] } },
{ "type": "Feature", "properties": { "plot": 4 }, "geometry": { "type": "LineString", "coordinates": [ [ 546024.361858000047505, 6449568.317379989661276 ], [ 546024.220500000054017, 6449567.931599999777973 ] ] } },
{ "type": "Feature", "properties": { "plot": 4 }, "geometry": { "type": "LineString", "coordinates": [ [ 546037.344595000031404, 6449569.668089989572763 ], [ 546037.188500000047497, 6449569.224600000306964 ] ] } },
{ "type": "Feature", "properties": { "plot": 4 }, "geometry": { "type": "LineString", "coordinates": [ [ 546009.960129000013694, 6449585.816019989550114 ], [ 546010.1335, 6449585.37459999974817 ] ] } },
{ "type": "Feature", "properties": { "plot": 4 }, "geometry": { "type": "LineString", "coordinates": [ [ 546020.619990000035614, 6449535.39666 ], [ 546020.994500000029802, 6449535.730600000359118 ] ] } },
{ "type": "Feature", "properties": { "plot": 4 }, "geometry": { "type": "LineString", "coordinates": [ [ 546025.040995000046678, 6449564.180759989656508 ], [ 546024.531500000040978, 6449564.151600000448525 ] ] } },
{ "type": "Feature", "properties": { "plot": 4 }, "geometry": { "type": "LineString", "coordinates": [ [ 546019.637146000051871, 6449540.67748 ], [ 546019.3715, 6449540.221599999815226 ] ] } },
{ "type": "Feature", "properties": { "plot": 4 }, "geometry": { "type": "LineString", "coordinates": [ [ 546037.59279400005471, 6449602.15094999037683 ], [ 546037.865499999956228, 6449601.6946 ] ] } },
{ "type": "Feature", "properties": { "plot": 4 }, "geometry": { "type": "LineString", "coordinates": [ [ 546003.386376, 6449523.56654 ], [ 546003.515499999979511, 6449523.047600000165403 ] ] } },
{ "type": "Feature", "properties": { "plot": 4 }, "geometry": { "type": "LineString", "coordinates": [ [ 546008.607253000023775, 6449509.426369990222156 ], [ 546008.618499999982305, 6449508.855600000359118 ] ] } },
{ "type": "Feature", "properties": { "plot": 4 }, "geometry": { "type": "LineString", "coordinates": [ [ 546027.331066000042483, 6449559.903789989650249 ], [ 546027.063500000047497, 6449559.384600000455976 ] ] } },
{ "type": "Feature", "properties": { "plot": 4 }, "geometry": { "type": "LineString", "coordinates": [ [ 546049.932813000050373, 6449598.487990000285208 ], [ 546050.293500000028871, 6449597.99959999974817 ] ] } },
{ "type": "Feature", "properties": { "plot": 4 }, "geometry": { "type": "LineString", "coordinates": [ [ 546041.938945999019779, 6449568.812970000319183 ], [ 546041.710500000044703, 6449568.209599999710917 ] ] } },
{ "type": "Feature", "properties": { "plot": 4 }, "geometry": { "type": "LineString", "coordinates": [ [ 546012.479526999057271, 6449581.51499 ], [ 546012.7315, 6449580.918600000441074 ] ] } },
{ "type": "Feature", "properties": { "plot": 4 }, "geometry": { "type": "LineString", "coordinates": [ [ 546005.904035000014119, 6449541.377310000360012 ], [ 546005.453499999945052, 6449540.901600000448525 ] ] } },
{ "type": "Feature", "properties": { "plot": 4 }, "geometry": { "type": "LineString", "coordinates": [ [ 546024.300466998945922, 6449597.727020000107586 ], [ 546024.596499999985099, 6449597.139600000344217 ] ] } },
{ "type": "Feature", "properties": { "plot": 4 }, "geometry": { "type": "LineString", "coordinates": [ [ 546043.607628999045119, 6449597.370740000158548 ], [ 546043.184499999973923, 6449597.8756 ] ] } },
{ "type": "Feature", "properties": { "plot": 4 }, "geometry": { "type": "LineString", "coordinates": [ [ 546024.057678999030031, 6449574.329970000311732 ], [ 546023.6215, 6449574.83559999987483 ] ] } },
{ "type": "Feature", "properties": { "plot": 4 }, "geometry": { "type": "LineString", "coordinates": [ [ 546030.200316000031307, 6449567.15020999033004 ], [ 546030.370499999960884, 6449566.5006 ] ] } },
{ "type": "Feature", "properties": { "plot": 4 }, "geometry": { "type": "LineString", "coordinates": [ [ 546021.93108, 6449539.060779989697039 ], [ 546021.283500000019558, 6449538.87459999974817 ] ] } },
{ "type": "Feature", "properties": { "plot": 4 }, "geometry": { "type": "LineString", "coordinates": [ [ 546019.935030000051484, 6449540.766309989616275 ], [ 546019.352500000037253, 6449540.413599999621511 ] ] } },
{ "type": "Feature", "properties": { "plot": 4 }, "geometry": { "type": "LineString", "coordinates": [ [ 546054.685591000015847, 6449584.04079 ], [ 546054.8345, 6449583.368599999696016 ] ] } },
{ "type": "Feature", "properties": { "plot": 4 }, "geometry": { "type": "LineString", "coordinates": [ [ 546003.186214998946525, 6449548.905059989541769 ], [ 546002.497500000055879, 6449548.829599999822676 ] ] } },
{ "type": "Feature", "properties": { "plot": 4 }, "geometry": { "type": "LineString", "coordinates": [ [ 546026.926288999035023, 6449580.457290000282228 ], [ 546026.262499999953434, 6449580.673600000329316 ] ] } },
{ "type": "Feature", "properties": { "plot": 4 }, "geometry": { "type": "LineString", "coordinates": [ [ 546021.005644000018947, 6449573.611750000156462 ], [ 546020.896500000031665, 6449572.913599999621511 ] ] } },
{ "type": "Feature", "properties": { "plot": 4 }, "geometry": { "type": "LineString", "coordinates": [ [ 546028.27179699903354, 6449571.074780000373721 ], [ 546028.98250000004191, 6449570.992599999532104 ] ] } },
{ "type": "Feature", "properties": { "plot": 4 }, "geometry": { "type": "LineString", "coordinates": [ [ 546023.282216000021435, 6449542.877430000342429 ], [ 546022.990499999956228, 6449543.547600000165403 ] ] } },
{ "type": "Feature", "properties": { "plot": 4 }, "geometry": { "type": "LineString", "coordinates": [ [ 546035.704326999024488, 6449512.010289990343153 ], [ 546035.985499999951571, 6449512.708599999547005 ] ] } },
{ "type": "Feature", "properties": { "plot": 4 }, "geometry": { "type": "LineString", "coordinates": [ [ 546034.56470900005661, 6449547.197569989599288 ], [ 546034.558500000042841, 6449547.953599999658763 ] ] } },
{ "type": "Feature", "properties": { "plot": 4 }, "geometry": { "type": "LineString", "coordinates": [ [ 546043.501748000038788, 6449552.940720000304282 ], [ 546042.760499999974854, 6449552.7626 ] ] } },
{ "type": "Feature", "properties": { "plot": 4 }, "geometry": { "type": "LineString", "coordinates": [ [ 546030.382633000030182, 6449547.955969990231097 ], [ 546029.917499999981374, 6449547.348600000143051 ] ] } },
{ "type": "Feature", "properties": { "plot": 4 }, "geometry": { "type": "LineString", "coordinates": [ [ 546039.776899000047706, 6449578.466020000167191 ], [ 546040.497500000055879, 6449578.186599999666214 ] ] } },
{ "type": "Feature", "properties": { "plot": 4 }, "geometry": { "type": "LineString", "coordinates": [ [ 546048.739849, 6449584.060499990358949 ], [ 546048.173500000033528, 6449583.526600000448525 ] ] } },
{ "type": "Feature", "properties": { "plot": 4 }, "geometry": { "type": "LineString", "coordinates": [ [ 546003.712745000026189, 6449514.499979989603162 ], [ 546002.974500000011176, 6449514.235600000247359 ] ] } },
{ "type": "Feature", "properties": { "plot": 4 }, "geometry": { "type": "LineString", "coordinates": [ [ 546023.709886000026017, 6449531.684000000357628 ], [ 546024.055500000016764, 6449532.405600000172853 ] ] } },
{ "type": "Feature", "properties": { "plot": 4 }, "geometry": { "type": "LineString", "coordinates": [ [ 546029.911257999017835, 6449540.033259989693761 ], [ 546029.457500000018626, 6449539.356599999591708 ] ] } },
{ "type": "Feature", "properties": { "plot": 4 }, "geometry": { "type": "LineString", "coordinates": [ [ 546006.038402999052778, 6449569.326340000145137 ], [ 546006.4205, 6449568.606599999591708 ] ] } },
{ "type": "Feature", "properties": { "plot": 4 }, "geometry": { "type": "LineString", "coordinates": [ [ 546007.354473000043072, 6449575.485729989595711 ], [ 546007.867500000051223, 6449576.144600000232458 ] ] } },
{ "type": "Feature", "properties": { "plot": 4 }, "geometry": { "type": "LineString", "coordinates": [ [ 546010.31198, 6449526.135619989596307 ], [ 546010.402499999967404, 6449526.973600000143051 ] ] } },
{ "type": "Feature", "properties": { "plot": 4 }, "geometry": { "type": "LineString", "coordinates": [ [ 546018.744810999021865, 6449530.33318 ], [ 546017.936499999952503, 6449530.051599999889731 ] ] } },
{ "type": "Feature", "properties": { "plot": 4 }, "geometry": { "type": "LineString", "coordinates": [ [ 546009.197217999026179, 6449572.55614 ], [ 546009.362500000046566, 6449571.703599999658763 ] ] } },
{ "type": "Feature", "properties": { "plot": 4 }, "geometry": { "type": "LineString", "coordinates": [ [ 546039.257315000053495, 6449527.46416 ], [ 546038.916500000050291, 6449526.638600000180304 ] ] } },
{ "type": "Feature", "properties": { "plot": 4 }, "geometry": { "type": "LineString", "coordinates": [ [ 546013.42945099901408, 6449569.136169989593327 ], [ 546013.82750000001397, 6449569.952600000426173 ] ] } },
{ "type": "Feature", "properties": { "plot": 4 }, "geometry": { "type": "LineString", "coordinates": [ [ 546010.215985000017099, 6449512.107230000197887 ], [ 546011.125499999965541, 6449512.0866 ] ] } },
{ "type": "Feature", "properties": { "plot": 4 }, "geometry": { "type": "LineString", "coordinates": [ [ 546040.401128, 6449562.320709990337491 ], [ 546039.833499999949709, 6449561.599600000306964 ] ] } },
{ "type": "Feature", "properties": { "plot": 4 }, "geometry": { "type": "LineString", "coordinates": [ [ 546038.922955999034457, 6449551.024810000322759 ], [ 546038.796500000054948, 6449550.106599999591708 ] ] } },
{ "type": "Feature", "properties": { "plot": 4 }, "geometry": { "type": "LineString", "coordinates": [ [ 546030.526696000015363, 6449576.630169989541173 ], [ 546030.323500000056811, 6449575.725599999539554 ] ] } },
{ "type": "Feature", "properties": { "plot": 4 }, "geometry": { "type": "LineString", "coordinates": [ [ 546047.795593000017107, 6449597.32247 ], [ 546047.188500000047497, 6449596.619599999859929 ] ] } },
{ "type": "Feature", "properties": { "plot": 4 }, "geometry": { "type": "LineString", "coordinates": [ [ 546043.961154000018723, 6449573.719329990446568 ], [ 546044.411500000045635, 6449572.905600000172853 ] ] } },
{ "type": "Feature", "properties": { "plot": 4 }, "geometry": { "type": "LineString", "coordinates": [ [ 546020.965937, 6449505.789660000242293 ], [ 546020.051499999943189, 6449505.492599999532104 ] ] } },
{ "type": "Feature", "properties": { "plot": 4 }, "geometry": { "type": "LineString", "coordinates": [ [ 546050.177080999012105, 6449582.72683 ], [ 546049.487500000046566, 6449582.05559999961406 ] ] } },
{ "type": "Feature", "properties": { "plot": 4 }, "geometry": { "type": "LineString", "coordinates": [ [ 546040.945477999048308, 6449579.909140000119805 ], [ 546040.997500000055879, 6449578.936599999666214 ] ] } },
{ "type": "Feature", "properties": { "plot": 4 }, "geometry": { "type": "LineString", "coordinates": [ [ 546005.861227000015788, 6449529.438780000433326 ], [ 546005.100499999942258, 6449530.048600000329316 ] ] } },
{ "type": "Feature", "properties": { "plot": 4 }, "geometry": { "type": "LineString", "coordinates": [ [ 546052.242192000034265, 6449590.992010000161827 ], [ 546052.476499999989755, 6449590.0296 ] ] } },
{ "type": "Feature", "properties": { "plot": 4 }, "geometry": { "type": "LineString", "coordinates": [ [ 546037.997709000017494, 6449575.663959990255535 ], [ 546038.024500000057742, 6449574.66260000038892 ] ] } },
{ "type": "Feature", "properties": { "plot": 4 }, "geometry": { "type": "LineString", "coordinates": [ [ 546017.621318000019528, 6449505.504719990305603 ], [ 546016.6215, 6449505.340599999763072 ] ] } },
{ "type": "Feature", "properties": { "plot": 4 }, "geometry": { "type": "LineString", "coordinates": [ [ 546042.964202999020927, 6449575.267660000361502 ], [ 546042.614500000025146, 6449574.308600000105798 ] ] } },
{ "type": "Feature", "properties": { "plot": 4 }, "geometry": { "type": "LineString", "coordinates": [ [ 546031.25463400001172, 6449545.23393000010401 ], [ 546032.244500000029802, 6449544.889600000344217 ] ] } },
{ "type": "Feature", "properties": { "plot": 4 }, "geometry": { "type": "LineString", "coordinates": [ [ 546027.716056999051943, 6449574.40192 ], [ 546028.747500000055879, 6449574.657599999569356 ] ] } },
{ "type": "Feature", "properties": { "plot": 4 }, "geometry": { "type": "LineString", "coordinates": [ [ 546024.552315999055281, 6449524.56422 ], [ 546023.644500000053085, 6449525.134600000455976 ] ] } },
{ "type": "Feature", "properties": { "plot": 4 }, "geometry": { "type": "LineString", "coordinates": [ [ 546046.539391999016516, 6449587.900580000132322 ], [ 546045.475499999942258, 6449587.724600000306964 ] ] } },
{ "type": "Feature", "properties": { "plot": 4 }, "geometry": { "type": "LineString", "coordinates": [ [ 546028.467947000055574, 6449572.15539 ], [ 546029.500499999965541, 6449571.820600000210106 ] ] } },
{ "type": "Feature", "properties": { "plot": 4 }, "geometry": { "type": "LineString", "coordinates": [ [ 546056.368832999025472, 6449590.500919990241528 ], [ 546057.413500000024214, 6449590.147599999792874 ] ] } },
{ "type": "Feature", "properties": { "plot": 4 }, "geometry": { "type": "LineString", "coordinates": [ [ 546022.5259, 6449605.474879990331829 ], [ 546022.365499999956228, 6449604.377600000239909 ] ] } },
{ "type": "Feature", "properties": { "plot": 4 }, "geometry": { "type": "LineString", "coordinates": [ [ 546036.455247999052517, 6449577.560329990461469 ], [ 546035.631500000017695, 6449578.303600000217557 ] ] } },
{ "type": "Feature", "properties": { "plot": 4 }, "geometry": { "type": "LineString", "coordinates": [ [ 546018.418479998945259, 6449573.997580000199378 ], [ 546018.293500000028871, 6449572.8936 ] ] } },
{ "type": "Feature", "properties": { "plot": 4 }, "geometry": { "type": "LineString", "coordinates": [ [ 546023.75181100005284, 6449577.045269990339875 ], [ 546024.5895, 6449577.775600000284612 ] ] } },
{ "type": "Feature", "properties": { "plot": 4 }, "geometry": { "type": "LineString", "coordinates": [ [ 546047.777614000020549, 6449574.4093599896878 ], [ 546047.891500000027008, 6449573.270600000396371 ] ] } },
{ "type": "Feature", "properties": { "plot": 4 }, "geometry": { "type": "LineString", "coordinates": [ [ 546034.24976300005801, 6449584.675610000267625 ], [ 546034.21550000004936, 6449583.5176 ] ] } },
{ "type": "Feature", "properties": { "plot": 4 }, "geometry": { "type": "LineString", "coordinates": [ [ 546031.529467000043951, 6449566.835239989683032 ], [ 546031.279499999945983, 6449565.686599999666214 ] ] } },
{ "type": "Feature", "properties": { "plot": 4 }, "geometry": { "type": "LineString", "coordinates": [ [ 546009.725010000052862, 6449579.511479989625514 ], [ 546010.374500000034459, 6449578.530600000172853 ] ] } },
{ "type": "Feature", "properties": { "plot": 4 }, "geometry": { "type": "LineString", "coordinates": [ [ 546021.571471999050118, 6449523.519890000112355 ], [ 546020.4155, 6449523.80559999961406 ] ] } },
{ "type": "Feature", "properties": { "plot": 4 }, "geometry": { "type": "LineString", "coordinates": [ [ 546043.902387000038289, 6449544.399159990251064 ], [ 546043.421500000054948, 6449543.288599999621511 ] ] } },
{ "type": "Feature", "properties": { "plot": 4 }, "geometry": { "type": "LineString", "coordinates": [ [ 546020.97562399902381, 6449600.888609989546239 ], [ 546021.739500000025146, 6449599.911600000225008 ] ] } },
{ "type": "Feature", "properties": { "plot": 4 }, "geometry": { "type": "LineString", "coordinates": [ [ 546025.828682000050321, 6449515.737879989668727 ], [ 546024.561499999952503, 6449515.914599999785423 ] ] } },
{ "type": "Feature", "properties": { "plot": 4 }, "geometry": { "type": "LineString", "coordinates": [ [ 546017.599885000032373, 6449534.995869990438223 ], [ 546017.316499999957159, 6449536.26659999974072 ] ] } },
{ "type": "Feature", "properties": { "plot": 4 }, "geometry": { "type": "LineString", "coordinates": [ [ 546026.155027, 6449554.366240000352263 ], [ 546025.205500000040047, 6449555.259600000455976 ] ] } },
{ "type": "Feature", "properties": { "plot": 4 }, "geometry": { "type": "LineString", "coordinates": [ [ 546037.096179998945445, 6449581.85589998960495 ], [ 546038.099500000011176, 6449582.712600000202656 ] ] } },
{ "type": "Feature", "properties": { "plot": 4 }, "geometry": { "type": "LineString", "coordinates": [ [ 546010.103710000053979, 6449575.40701000019908 ], [ 546008.798500000033528, 6449575.1486 ] ] } },
{ "type": "Feature", "properties": { "plot": 4 }, "geometry": { "type": "LineString", "coordinates": [ [ 546033.997084000031464, 6449561.815489989705384 ], [ 546035.252499999944121, 6449561.291600000113249 ] ] } },
{ "type": "Feature", "properties": { "plot": 4 }, "geometry": { "type": "LineString", "coordinates": [ [ 546018.347428999026306, 6449598.860720000229776 ], [ 546017.136500000022352, 6449598.1946 ] ] } },
{ "type": "Feature", "properties": { "plot": 4 }, "geometry": { "type": "LineString", "coordinates": [ [ 546049.902057999046519, 6449578.206930000334978 ], [ 546048.666500000050291, 6449577.556599999777973 ] ] } },
{ "type": "Feature", "properties": { "plot": 4 }, "geometry": { "type": "LineString", "coordinates": [ [ 546021.009962999029085, 6449564.547059990465641 ], [ 546020.250499999965541, 6449563.346599999815226 ] ] } },
{ "type": "Feature", "properties": { "plot": 4 }, "geometry": { "type": "LineString", "coordinates": [ [ 546003.126399999018759, 6449538.60343999043107 ], [ 546001.867500000051223, 6449539.264600000344217 ] ] } },
{ "type": "Feature", "properties": { "plot": 4 }, "geometry": { "type": "LineString", "coordinates": [ [ 546008.690152999013662, 6449528.059969989582896 ], [ 546007.931499999947846, 6449526.8256 ] ] } },
{ "type": "Feature", "properties": { "plot": 4 }, "geometry": { "type": "LineString", "coordinates": [ [ 546016.301898999023251, 6449514.802550000138581 ], [ 546014.989500000025146, 6449515.416600000113249 ] ] } },
{ "type": "Feature", "properties": { "plot": 4 }, "geometry": { "type": "LineString", "coordinates": [ [ 546012.724671000032686, 6449532.877140000462532 ], [ 546011.587500000023283, 6449533.795599999837577 ] ] } },
{ "type": "Feature", "properties": { "plot": 4 }, "geometry": { "type": "LineString", "coordinates": [ [ 545999.319462000043131, 6449525.94955 ], [ 545997.884500000043772, 6449526.269600000232458 ] ] } },
{ "type": "Feature", "properties": { "plot": 4 }, "geometry": { "type": "LineString", "coordinates": [ [ 546034.64258099894505, 6449582.276449990458786 ], [ 546033.186499999952503, 6449582.056599999777973 ] ] } },
{ "type": "Feature", "properties": { "plot": 4 }, "geometry": { "type": "LineString", "coordinates": [ [ 546009.040580000029877, 6449533.561920000240207 ], [ 546007.614500000025146, 6449534.031600000336766 ] ] } },
{ "type": "Feature", "properties": { "plot": 4 }, "geometry": { "type": "LineString", "coordinates": [ [ 546043.144995999056846, 6449558.997639990411699 ], [ 546042.4205, 6449557.672600000165403 ] ] } },
{ "type": "Feature", "properties": { "plot": 4 }, "geometry": { "type": "LineString", "coordinates": [ [ 546027.200273999013007, 6449598.228269989602268 ], [ 546026.206499999971129, 6449597.058600000105798 ] ] } },
{ "type": "Feature", "properties": { "plot": 4 }, "geometry": { "type": "LineString", "coordinates": [ [ 546019.861222999054007, 6449598.2631 ], [ 546020.4475, 6449596.8366 ] ] } },
{ "type": "Feature", "properties": { "plot": 4 }, "geometry": { "type": "LineString", "coordinates": [ [ 546008.956712999031879, 6449535.811030000448227 ], [ 546007.536500000045635, 6449535.153599999845028 ] ] } },
{ "type": "Feature", "properties": { "plot": 4 }, "geometry": { "type": "LineString", "coordinates": [ [ 545999.802099999040365, 6449527.14984 ], [ 546001.373499999986961, 6449526.9896 ] ] } },
{ "type": "Feature", "properties": { "plot": 4 }, "geometry": { "type": "LineString", "coordinates": [ [ 546033.21318299905397, 6449560.088290000334382 ], [ 546034.7905, 6449559.96860000025481 ] ] } },
{ "type": "Feature", "properties": { "plot": 4 }, "geometry": { "type": "LineString", "coordinates": [ [ 546049.637498999014497, 6449549.960210000164807 ], [ 546048.061499999952503, 6449549.741600000299513 ] ] } },
{ "type": "Feature", "properties": { "plot": 4 }, "geometry": { "type": "LineString", "coordinates": [ [ 546016.203629, 6449547.085950000211596 ], [ 546014.832500000018626, 6449546.264600000344217 ] ] } },
{ "type": "Feature", "properties": { "plot": 4 }, "geometry": { "type": "LineString", "coordinates": [ [ 546003.170555999036878, 6449565.71124 ], [ 546003.100499999942258, 6449564.098600000143051 ] ] } },
{ "type": "Feature", "properties": { "plot": 4 }, "geometry": { "type": "LineString", "coordinates": [ [ 546015.154426999040879, 6449536.41861 ], [ 546013.568500000052154, 6449536.042600000277162 ] ] } },
{ "type": "Feature", "properties": { "plot": 4 }, "geometry": { "type": "LineString", "coordinates": [ [ 546019.206607999047264, 6449545.47035 ], [ 546020.849500000011176, 6449545.533599999733269 ] ] } },
{ "type": "Feature", "properties": { "plot": 4 }, "geometry": { "type": "LineString", "coordinates": [ [ 546046.035039999056607, 6449582.469659989699721 ], [ 546047.527499999967404, 6449581.715599999763072 ] ] } },
{ "type": "Feature", "properties": { "plot": 4 }, "geometry": { "type": "LineString", "coordinates": [ [ 546028.081965000019409, 6449526.406670000404119 ], [ 546026.426499999943189, 6449526.946600000374019 ] ] } },
{ "type": "Feature", "properties": { "plot": 4 }, "geometry": { "type": "LineString", "coordinates": [ [ 546045.879040000028908, 6449542.724390000104904 ], [ 546045.2685, 6449541.041600000113249 ] ] } },
{ "type": "Feature", "properties": { "plot": 4 }, "geometry": { "type": "LineString", "coordinates": [ [ 546043.480996, 6449567.02661 ], [ 546041.990499999956228, 6449565.998599999584258 ] ] } },
{ "type": "Feature", "properties": { "plot": 4 }, "geometry": { "type": "LineString", "coordinates": [ [ 546028.517567, 6449508.282770000398159 ], [ 546029.087500000023283, 6449506.532599999569356 ] ] } },
{ "type": "Feature", "properties": { "plot": 4 }, "geometry": { "type": "LineString", "coordinates": [ [ 546043.516553999041207, 6449580.465180000290275 ], [ 546043.085500000044703, 6449578.657599999569356 ] ] } },
{ "type": "Feature", "properties": { "plot": 4 }, "geometry": { "type": "LineString", "coordinates": [ [ 546036.321457998943515, 6449539.357459990307689 ], [ 546035.669499999959953, 6449541.202600000426173 ] ] } },
{ "type": "Feature", "properties": { "plot": 4 }, "geometry": { "type": "LineString", "coordinates": [ [ 546005.74520600005053, 6449523.750819990411401 ], [ 546007.730499999946915, 6449523.389600000344217 ] ] } },
{ "type": "Feature", "properties": { "plot": 4 }, "geometry": { "type": "LineString", "coordinates": [ [ 546035.789609999046661, 6449511.36534 ], [ 546033.738499999977648, 6449511.3196 ] ] } },
{ "type": "Feature", "properties": { "plot": 4 }, "geometry": { "type": "LineString", "coordinates": [ [ 546052.290562, 6449579.58569 ], [ 546052.902499999967404, 6449581.573599999770522 ] ] } },
{ "type": "Feature", "properties": { "plot": 4 }, "geometry": { "type": "LineString", "coordinates": [ [ 546015.212495998945087, 6449605.927070000208914 ], [ 546017.012499999953434, 6449604.8756 ] ] } },
{ "type": "Feature", "properties": { "plot": 4 }, "geometry": { "type": "LineString", "coordinates": [ [ 546028.720729000051506, 6449549.106730000115931 ], [ 546027.693500000052154, 6449547.291600000113249 ] ] } },
{ "type": "Feature", "properties": { "plot": 4 }, "geometry": { "type": "LineString", "coordinates": [ [ 546039.209133, 6449518.827829989604652 ], [ 546037.1115, 6449518.511599999852479 ] ] } },
{ "type": "Feature", "properties": { "plot": 4 }, "geometry": { "type": "LineString", "coordinates": [ [ 546018.673686999012716, 6449533.537530000321567 ], [ 546016.985499999951571, 6449531.781600000336766 ] ] } },
{ "type": "Feature", "properties": { "plot": 4 }, "geometry": { "type": "LineString", "coordinates": [ [ 546016.24389299901668, 6449545.19531000033021 ], [ 546014.168500000028871, 6449543.704599999822676 ] ] } },
{ "type": "Feature", "properties": { "plot": 4 }, "geometry": { "type": "LineString", "coordinates": [ [ 546059.568434000015259, 6449586.032610000111163 ], [ 546058.255499999970198, 6449583.828599999658763 ] ] } },
{ "type": "Feature", "properties": { "plot": 4 }, "geometry": { "type": "LineString", "coordinates": [ [ 546023.036577000049874, 6449521.884549990296364 ], [ 546020.701499999966472, 6449522.9676 ] ] } },
{ "type": "Feature", "properties": { "plot": 4 }, "geometry": { "type": "LineString", "coordinates": [ [ 546043.22317999904044, 6449582.596590000204742 ], [ 546042.1555, 6449585.014600000344217 ] ] } },
{ "type": "Feature", "properties": { "plot": 4 }, "geometry": { "type": "LineString", "coordinates": [ [ 546010.944631000049412, 6449562.949769989587367 ], [ 546009.498499999986961, 6449560.5916 ] ] } },
{ "type": "Feature", "properties": { "plot": 4 }, "geometry": { "type": "LineString", "coordinates": [ [ 546057.052578, 6449597.149249989539385 ], [ 546054.093499999959022, 6449595.315600000321865 ] ] } },
{ "type": "Feature", "properties": { "plot": 5 }, "geometry": { "type": "LineString", "coordinates": [ [ 545723.052000000025146, 6449888.599999990314245 ], [ 545723.095500000054017, 6449888.6206 ] ] } },
{ "type": "Feature", "properties": { "plot": 5 }, "geometry": { "type": "LineString", "coordinates": [ [ 545718.023999999044463, 6449897.436999989673495 ], [ 545717.9325, 6449897.4446 ] ] } },
{ "type": "Feature", "properties": { "plot": 5 }, "geometry": { "type": "LineString", "coordinates": [ [ 545766.165000000037253, 6449863.669999989680946 ], [ 545766.163500000024214, 6449863.57660000026226 ] ] } },
{ "type": "Feature", "properties": { "plot": 5 }, "geometry": { "type": "LineString", "coordinates": [ [ 545762.702000000048429, 6449870.917000000365078 ], [ 545762.686499999952503, 6449870.8136 ] ] } },
{ "type": "Feature", "properties": { "plot": 5 }, "geometry": { "type": "LineString", "coordinates": [ [ 545734.837999999057502, 6449883.803000000305474 ], [ 545734.9155, 6449883.907599999569356 ] ] } },
{ "type": "Feature", "properties": { "plot": 5 }, "geometry": { "type": "LineString", "coordinates": [ [ 545733.126000000047497, 6449883.078999989666045 ], [ 545732.945500000030734, 6449883.010599999688566 ] ] } },
{ "type": "Feature", "properties": { "plot": 5 }, "geometry": { "type": "LineString", "coordinates": [ [ 545735.221999999019317, 6449870.108 ], [ 545735.401500000036322, 6449870.209599999710917 ] ] } },
{ "type": "Feature", "properties": { "plot": 5 }, "geometry": { "type": "LineString", "coordinates": [ [ 545699.410000000032596, 6449882.576000000350177 ], [ 545699.53249999997206, 6449882.3936 ] ] } },
{ "type": "Feature", "properties": { "plot": 5 }, "geometry": { "type": "LineString", "coordinates": [ [ 545716.339999999036081, 6449924.977 ], [ 545716.529499999945983, 6449925.089599999599159 ] ] } },
{ "type": "Feature", "properties": { "plot": 5 }, "geometry": { "type": "LineString", "coordinates": [ [ 545722.317999999038875, 6449875.001000000163913 ], [ 545722.191499999957159, 6449874.808600000105798 ] ] } },
{ "type": "Feature", "properties": { "plot": 5 }, "geometry": { "type": "LineString", "coordinates": [ [ 545708.378000000026077, 6449880.967000000178814 ], [ 545708.195500000030734, 6449881.116600000299513 ] ] } },
{ "type": "Feature", "properties": { "plot": 5 }, "geometry": { "type": "LineString", "coordinates": [ [ 545704.766999998944812, 6449902.25299999024719 ], [ 545704.676499999943189, 6449902.505599999800324 ] ] } },
{ "type": "Feature", "properties": { "plot": 5 }, "geometry": { "type": "LineString", "coordinates": [ [ 545735.689000000013039, 6449862.977 ], [ 545735.82750000001397, 6449863.207600000314415 ] ] } },
{ "type": "Feature", "properties": { "plot": 5 }, "geometry": { "type": "LineString", "coordinates": [ [ 545709.746000000042841, 6449914.485000000335276 ], [ 545709.7685, 6449914.7626 ] ] } },
{ "type": "Feature", "properties": { "plot": 5 }, "geometry": { "type": "LineString", "coordinates": [ [ 545725.94099999894388, 6449885.418999990448356 ], [ 545725.8445, 6449885.702600000426173 ] ] } },
{ "type": "Feature", "properties": { "plot": 5 }, "geometry": { "type": "LineString", "coordinates": [ [ 545703.589999999036081, 6449899.419999989680946 ], [ 545703.281500000040978, 6449899.485600000247359 ] ] } },
{ "type": "Feature", "properties": { "plot": 5 }, "geometry": { "type": "LineString", "coordinates": [ [ 545692.01199999905657, 6449887.928999990224838 ], [ 545692.330500000040047, 6449887.959599999710917 ] ] } },
{ "type": "Feature", "properties": { "plot": 5 }, "geometry": { "type": "LineString", "coordinates": [ [ 545711.01, 6449887.470999989658594 ], [ 545710.796500000054948, 6449887.709599999710917 ] ] } },
{ "type": "Feature", "properties": { "plot": 5 }, "geometry": { "type": "LineString", "coordinates": [ [ 545728.680000000051223, 6449909.04 ], [ 545728.941499999957159, 6449909.2456 ] ] } },
{ "type": "Feature", "properties": { "plot": 5 }, "geometry": { "type": "LineString", "coordinates": [ [ 545741.52899999904912, 6449894.83600000012666 ], [ 545741.3935, 6449894.510599999688566 ] ] } },
{ "type": "Feature", "properties": { "plot": 5 }, "geometry": { "type": "LineString", "coordinates": [ [ 545718.295999999041669, 6449887.75800000037998 ], [ 545717.953499999945052, 6449887.883600000292063 ] ] } },
{ "type": "Feature", "properties": { "plot": 5 }, "geometry": { "type": "LineString", "coordinates": [ [ 545776.650000000023283, 6449868.952999990433455 ], [ 545776.98250000004191, 6449869.104600000195205 ] ] } },
{ "type": "Feature", "properties": { "plot": 5 }, "geometry": { "type": "LineString", "coordinates": [ [ 545688.908000000054017, 6449896.657999989576638 ], [ 545688.929499999969266, 6449897.045599999837577 ] ] } },
{ "type": "Feature", "properties": { "plot": 5 }, "geometry": { "type": "LineString", "coordinates": [ [ 545692.474999999045394, 6449898.077999990433455 ], [ 545692.102500000037253, 6449897.957600000314415 ] ] } },
{ "type": "Feature", "properties": { "plot": 5 }, "geometry": { "type": "LineString", "coordinates": [ [ 545708.859000000054948, 6449875.135999989695847 ], [ 545708.4645, 6449875.121600000187755 ] ] } },
{ "type": "Feature", "properties": { "plot": 5 }, "geometry": { "type": "LineString", "coordinates": [ [ 545731.807000000029802, 6449902.318 ], [ 545732.100499999942258, 6449902.598600000143051 ] ] } },
{ "type": "Feature", "properties": { "plot": 5 }, "geometry": { "type": "LineString", "coordinates": [ [ 545753.547000000020489, 6449874.001000000163913 ], [ 545753.226499999989755, 6449874.259600000455976 ] ] } },
{ "type": "Feature", "properties": { "plot": 5 }, "geometry": { "type": "LineString", "coordinates": [ [ 545732.245, 6449893.275000000372529 ], [ 545731.854500000015832, 6449893.407599999569356 ] ] } },
{ "type": "Feature", "properties": { "plot": 5 }, "geometry": { "type": "LineString", "coordinates": [ [ 545735.582999999052845, 6449855.065999990329146 ], [ 545735.294499999959953, 6449854.764600000344217 ] ] } },
{ "type": "Feature", "properties": { "plot": 5 }, "geometry": { "type": "LineString", "coordinates": [ [ 545698.783000000054017, 6449921.775000000372529 ], [ 545698.364500000025146, 6449921.782599999569356 ] ] } },
{ "type": "Feature", "properties": { "plot": 5 }, "geometry": { "type": "LineString", "coordinates": [ [ 545752.962000000057742, 6449865.997999990358949 ], [ 545753.264500000048429, 6449865.63260000012815 ] ] } },
{ "type": "Feature", "properties": { "plot": 5 }, "geometry": { "type": "LineString", "coordinates": [ [ 545753.212999999057502, 6449880.428999990224838 ], [ 545753.64249999995809, 6449880.219600000418723 ] ] } },
{ "type": "Feature", "properties": { "plot": 5 }, "geometry": { "type": "LineString", "coordinates": [ [ 545702.086000000010245, 6449921.781999990344048 ], [ 545702.453499999945052, 6449921.46059999987483 ] ] } },
{ "type": "Feature", "properties": { "plot": 5 }, "geometry": { "type": "LineString", "coordinates": [ [ 545763.226999999023974, 6449885.453999989666045 ], [ 545762.908500000019558, 6449885.082600000314415 ] ] } },
{ "type": "Feature", "properties": { "plot": 5 }, "geometry": { "type": "LineString", "coordinates": [ [ 545691.447000000043772, 6449903.311999989673495 ], [ 545691.951499999966472, 6449903.1716 ] ] } },
{ "type": "Feature", "properties": { "plot": 5 }, "geometry": { "type": "LineString", "coordinates": [ [ 545710.900999999023043, 6449890.077999990433455 ], [ 545711.0355, 6449890.604600000195205 ] ] } },
{ "type": "Feature", "properties": { "plot": 5 }, "geometry": { "type": "LineString", "coordinates": [ [ 545711.057999999029562, 6449879.713000000454485 ], [ 545711.59250000002794, 6449879.604600000195205 ] ] } },
{ "type": "Feature", "properties": { "plot": 5 }, "geometry": { "type": "LineString", "coordinates": [ [ 545722.567999999038875, 6449921.75299999024719 ], [ 545722.845500000054017, 6449922.224600000306964 ] ] } },
{ "type": "Feature", "properties": { "plot": 5 }, "geometry": { "type": "LineString", "coordinates": [ [ 545732.393999999039806, 6449898.543999990448356 ], [ 545731.850499999942258, 6449898.447599999606609 ] ] } },
{ "type": "Feature", "properties": { "plot": 5 }, "geometry": { "type": "LineString", "coordinates": [ [ 545756.332999999052845, 6449858.071000000461936 ], [ 545756.457500000018626, 6449857.525600000284612 ] ] } },
{ "type": "Feature", "properties": { "plot": 5 }, "geometry": { "type": "LineString", "coordinates": [ [ 545720.925000000046566, 6449902.844999990426004 ], [ 545720.956499999971129, 6449903.4046 ] ] } },
{ "type": "Feature", "properties": { "plot": 5 }, "geometry": { "type": "LineString", "coordinates": [ [ 545729.229999999050051, 6449859.373999989591539 ], [ 545728.876500000013039, 6449859.817599999718368 ] ] } },
{ "type": "Feature", "properties": { "plot": 5 }, "geometry": { "type": "LineString", "coordinates": [ [ 545739.081, 6449854.182 ], [ 545738.507499999948777, 6449854.247600000351667 ] ] } },
{ "type": "Feature", "properties": { "plot": 5 }, "geometry": { "type": "LineString", "coordinates": [ [ 545733.361000000033528, 6449863.060999990440905 ], [ 545733.132499999948777, 6449863.60259999986738 ] ] } },
{ "type": "Feature", "properties": { "plot": 5 }, "geometry": { "type": "LineString", "coordinates": [ [ 545725.359000000054948, 6449884.53000000026077 ], [ 545724.805500000016764, 6449884.314600000157952 ] ] } },
{ "type": "Feature", "properties": { "plot": 5 }, "geometry": { "type": "LineString", "coordinates": [ [ 545761.805000000051223, 6449858.001000000163913 ], [ 545761.688500000047497, 6449858.600599999539554 ] ] } },
{ "type": "Feature", "properties": { "plot": 5 }, "geometry": { "type": "LineString", "coordinates": [ [ 545698.557000000029802, 6449915.169999989680946 ], [ 545698.440500000026077, 6449914.55559999961406 ] ] } },
{ "type": "Feature", "properties": { "plot": 5 }, "geometry": { "type": "LineString", "coordinates": [ [ 545743.699000000022352, 6449854.693 ], [ 545743.581499999971129, 6449855.312599999830127 ] ] } },
{ "type": "Feature", "properties": { "plot": 5 }, "geometry": { "type": "LineString", "coordinates": [ [ 545707.064999999012798, 6449913.587000000290573 ], [ 545707.318500000052154, 6449913.00760000012815 ] ] } },
{ "type": "Feature", "properties": { "plot": 5 }, "geometry": { "type": "LineString", "coordinates": [ [ 545758.812000000034459, 6449853.468999990262091 ], [ 545759.337500000023283, 6449853.82660000026226 ] ] } },
{ "type": "Feature", "properties": { "plot": 5 }, "geometry": { "type": "LineString", "coordinates": [ [ 545704.805999999050982, 6449891.521999989636242 ], [ 545704.734500000020489, 6449890.878600000403821 ] ] } },
{ "type": "Feature", "properties": { "plot": 5 }, "geometry": { "type": "LineString", "coordinates": [ [ 545715.783000000054017, 6449876.462000000290573 ], [ 545716.414499999955297, 6449876.64159999974072 ] ] } },
{ "type": "Feature", "properties": { "plot": 5 }, "geometry": { "type": "LineString", "coordinates": [ [ 545757.336000000010245, 6449883.583999989554286 ], [ 545757.9425, 6449883.83559999987483 ] ] } },
{ "type": "Feature", "properties": { "plot": 5 }, "geometry": { "type": "LineString", "coordinates": [ [ 545753.663999998942018, 6449896.019999990239739 ], [ 545753.09250000002794, 6449895.685600000433624 ] ] } },
{ "type": "Feature", "properties": { "plot": 5 }, "geometry": { "type": "LineString", "coordinates": [ [ 545779.756999999051914, 6449876.83999998960644 ], [ 545779.440500000026077, 6449877.4386 ] ] } },
{ "type": "Feature", "properties": { "plot": 5 }, "geometry": { "type": "LineString", "coordinates": [ [ 545690.351000000024214, 6449911.56900000013411 ], [ 545690.929499999969266, 6449911.213600000366569 ] ] } },
{ "type": "Feature", "properties": { "plot": 5 }, "geometry": { "type": "LineString", "coordinates": [ [ 545745.327999999048188, 6449873.608 ], [ 545744.636500000022352, 6449873.795599999837577 ] ] } },
{ "type": "Feature", "properties": { "plot": 5 }, "geometry": { "type": "LineString", "coordinates": [ [ 545718.532, 6449875.729000000283122 ], [ 545718.227500000037253, 6449876.386599999852479 ] ] } },
{ "type": "Feature", "properties": { "plot": 5 }, "geometry": { "type": "LineString", "coordinates": [ [ 545726.148999999044463, 6449894.803000000305474 ], [ 545725.477500000037253, 6449895.090599999763072 ] ] } },
{ "type": "Feature", "properties": { "plot": 5 }, "geometry": { "type": "LineString", "coordinates": [ [ 545692.608, 6449906.735999990254641 ], [ 545692.17449999996461, 6449907.345599999651313 ] ] } },
{ "type": "Feature", "properties": { "plot": 5 }, "geometry": { "type": "LineString", "coordinates": [ [ 545759.745, 6449871.123999989591539 ], [ 545758.987500000046566, 6449871.1606 ] ] } },
{ "type": "Feature", "properties": { "plot": 5 }, "geometry": { "type": "LineString", "coordinates": [ [ 545715.51500000001397, 6449908.407999989576638 ], [ 545716.240499999956228, 6449908.630599999800324 ] ] } },
{ "type": "Feature", "properties": { "plot": 5 }, "geometry": { "type": "LineString", "coordinates": [ [ 545762.043999998946674, 6449865.656999990344048 ], [ 545761.483499999972992, 6449866.170599999837577 ] ] } },
{ "type": "Feature", "properties": { "plot": 5 }, "geometry": { "type": "LineString", "coordinates": [ [ 545757.479000000050291, 6449846.943 ], [ 545757.81050000002142, 6449846.252600000239909 ] ] } },
{ "type": "Feature", "properties": { "plot": 5 }, "geometry": { "type": "LineString", "coordinates": [ [ 545737.211000000010245, 6449894.577999990433455 ], [ 545736.574499999987893, 6449895.01659999974072 ] ] } },
{ "type": "Feature", "properties": { "plot": 5 }, "geometry": { "type": "LineString", "coordinates": [ [ 545716.273999999044463, 6449922.483 ], [ 545716.3075, 6449921.709599999710917 ] ] } },
{ "type": "Feature", "properties": { "plot": 5 }, "geometry": { "type": "LineString", "coordinates": [ [ 545706.064999999012798, 6449895.71 ], [ 545706.194499999983236, 6449896.497600000351667 ] ] } },
{ "type": "Feature", "properties": { "plot": 5 }, "geometry": { "type": "LineString", "coordinates": [ [ 545762.084000000031665, 6449887.341 ], [ 545761.951499999966472, 6449888.134600000455976 ] ] } },
{ "type": "Feature", "properties": { "plot": 5 }, "geometry": { "type": "LineString", "coordinates": [ [ 545717.457999999052845, 6449907.809999990276992 ], [ 545716.696499999961816, 6449908.071600000374019 ] ] } },
{ "type": "Feature", "properties": { "plot": 5 }, "geometry": { "type": "LineString", "coordinates": [ [ 545691.680999999050982, 6449913.509999990463257 ], [ 545691.800500000012107, 6449914.3306 ] ] } },
{ "type": "Feature", "properties": { "plot": 5 }, "geometry": { "type": "LineString", "coordinates": [ [ 545756.772, 6449843.434999990276992 ], [ 545756.023500000010245, 6449843.797600000165403 ] ] } },
{ "type": "Feature", "properties": { "plot": 5 }, "geometry": { "type": "LineString", "coordinates": [ [ 545751.457999999052845, 6449851.508999990299344 ], [ 545751.708499999949709, 6449850.691599999554455 ] ] } },
{ "type": "Feature", "properties": { "plot": 5 }, "geometry": { "type": "LineString", "coordinates": [ [ 545769.603, 6449873.915 ], [ 545769.341499999980442, 6449874.743599999696016 ] ] } },
{ "type": "Feature", "properties": { "plot": 5 }, "geometry": { "type": "LineString", "coordinates": [ [ 545759.319999999017455, 6449865.082999990321696 ], [ 545759.043500000028871, 6449864.237599999643862 ] ] } },
{ "type": "Feature", "properties": { "plot": 5 }, "geometry": { "type": "LineString", "coordinates": [ [ 545714.098, 6449881.686999989673495 ], [ 545714.252499999944121, 6449882.5916 ] ] } },
{ "type": "Feature", "properties": { "plot": 5 }, "geometry": { "type": "LineString", "coordinates": [ [ 545718.962999999057502, 6449873.06900000013411 ], [ 545718.446499999961816, 6449872.248599999584258 ] ] } },
{ "type": "Feature", "properties": { "plot": 5 }, "geometry": { "type": "LineString", "coordinates": [ [ 545733.582000000053085, 6449880.049999989569187 ], [ 545734.326499999966472, 6449879.408599999733269 ] ] } },
{ "type": "Feature", "properties": { "plot": 5 }, "geometry": { "type": "LineString", "coordinates": [ [ 545700.792000000015832, 6449896.546 ], [ 545699.798500000033528, 6449896.428600000217557 ] ] } },
{ "type": "Feature", "properties": { "plot": 5 }, "geometry": { "type": "LineString", "coordinates": [ [ 545710.78000000002794, 6449893.116999990306795 ], [ 545711.688500000047497, 6449893.59360000025481 ] ] } },
{ "type": "Feature", "properties": { "plot": 5 }, "geometry": { "type": "LineString", "coordinates": [ [ 545717.821, 6449881.640999989584088 ], [ 545718.484500000020489, 6449880.845599999651313 ] ] } },
{ "type": "Feature", "properties": { "plot": 5 }, "geometry": { "type": "LineString", "coordinates": [ [ 545758.495, 6449850.19400000013411 ], [ 545759.380499999970198, 6449849.6546 ] ] } },
{ "type": "Feature", "properties": { "plot": 5 }, "geometry": { "type": "LineString", "coordinates": [ [ 545704.868000000016764, 6449888.802000000141561 ], [ 545703.821499999961816, 6449888.712600000202656 ] ] } },
{ "type": "Feature", "properties": { "plot": 5 }, "geometry": { "type": "LineString", "coordinates": [ [ 545755.229999999050051, 6449854.889999990351498 ], [ 545754.21550000004936, 6449855.164599999785423 ] ] } },
{ "type": "Feature", "properties": { "plot": 5 }, "geometry": { "type": "LineString", "coordinates": [ [ 545695.721999999019317, 6449922.917999990284443 ], [ 545695.531500000040978, 6449921.879599999636412 ] ] } },
{ "type": "Feature", "properties": { "plot": 5 }, "geometry": { "type": "LineString", "coordinates": [ [ 545726.709000000031665, 6449899.6969999903813 ], [ 545726.509500000043772, 6449900.740600000135601 ] ] } },
{ "type": "Feature", "properties": { "plot": 5 }, "geometry": { "type": "LineString", "coordinates": [ [ 545722.349000000045635, 6449890.345999989658594 ], [ 545721.291500000050291, 6449890.236600000411272 ] ] } },
{ "type": "Feature", "properties": { "plot": 5 }, "geometry": { "type": "LineString", "coordinates": [ [ 545746.849999999045394, 6449878.133999990299344 ], [ 545746.135499999974854, 6449877.323599999770522 ] ] } },
{ "type": "Feature", "properties": { "plot": 5 }, "geometry": { "type": "LineString", "coordinates": [ [ 545718.76, 6449880.292000000365078 ], [ 545717.921500000054948, 6449879.595599999651313 ] ] } },
{ "type": "Feature", "properties": { "plot": 5 }, "geometry": { "type": "LineString", "coordinates": [ [ 545698.758999999030493, 6449908.25 ], [ 545698.220500000054017, 6449907.2966 ] ] } },
{ "type": "Feature", "properties": { "plot": 5 }, "geometry": { "type": "LineString", "coordinates": [ [ 545698.949000000022352, 6449890.063 ], [ 545697.9055, 6449889.633600000292063 ] ] } },
{ "type": "Feature", "properties": { "plot": 5 }, "geometry": { "type": "LineString", "coordinates": [ [ 545741.724000000045635, 6449881.615000000223517 ], [ 545742.740499999956228, 6449882.107599999755621 ] ] } },
{ "type": "Feature", "properties": { "plot": 5 }, "geometry": { "type": "LineString", "coordinates": [ [ 545752.949999999022111, 6449885.865000000223517 ], [ 545752.071499999961816, 6449886.59360000025481 ] ] } },
{ "type": "Feature", "properties": { "plot": 5 }, "geometry": { "type": "LineString", "coordinates": [ [ 545747.099999999045394, 6449883.216 ], [ 545746.070500000030734, 6449883.712600000202656 ] ] } },
{ "type": "Feature", "properties": { "plot": 5 }, "geometry": { "type": "LineString", "coordinates": [ [ 545714.128000000026077, 6449890.929999990388751 ], [ 545714.835500000044703, 6449890.014600000344217 ] ] } },
{ "type": "Feature", "properties": { "plot": 5 }, "geometry": { "type": "LineString", "coordinates": [ [ 545731.824000000022352, 6449908.597 ], [ 545730.65949999995064, 6449908.481599999591708 ] ] } },
{ "type": "Feature", "properties": { "plot": 5 }, "geometry": { "type": "LineString", "coordinates": [ [ 545753.910999999032356, 6449858.027999989688396 ], [ 545753.458499999949709, 6449859.116600000299513 ] ] } },
{ "type": "Feature", "properties": { "plot": 5 }, "geometry": { "type": "LineString", "coordinates": [ [ 545727.086000000010245, 6449860.631 ], [ 545726.012499999953434, 6449861.185600000433624 ] ] } },
{ "type": "Feature", "properties": { "plot": 5 }, "geometry": { "type": "LineString", "coordinates": [ [ 545729.944999999017455, 6449872.230000000447035 ], [ 545729.76749999995809, 6449873.4506 ] ] } },
{ "type": "Feature", "properties": { "plot": 5 }, "geometry": { "type": "LineString", "coordinates": [ [ 545735.251999999047257, 6449889.788999989628792 ], [ 545734.5305, 6449888.78760000038892 ] ] } },
{ "type": "Feature", "properties": { "plot": 5 }, "geometry": { "type": "LineString", "coordinates": [ [ 545702.7469999990426, 6449891.751000000163913 ], [ 545701.984500000020489, 6449892.725599999539554 ] ] } },
{ "type": "Feature", "properties": { "plot": 5 }, "geometry": { "type": "LineString", "coordinates": [ [ 545712.576, 6449922.184999990276992 ], [ 545712.028500000014901, 6449921.062599999830127 ] ] } },
{ "type": "Feature", "properties": { "plot": 5 }, "geometry": { "type": "LineString", "coordinates": [ [ 545750.542999999015592, 6449868.975999989546835 ], [ 545750.289499999955297, 6449867.7396 ] ] } },
{ "type": "Feature", "properties": { "plot": 5 }, "geometry": { "type": "LineString", "coordinates": [ [ 545769.261000000056811, 6449882.975999989546835 ], [ 545769.644500000053085, 6449881.7676 ] ] } },
{ "type": "Feature", "properties": { "plot": 5 }, "geometry": { "type": "LineString", "coordinates": [ [ 545730.168999998946674, 6449917.648 ], [ 545729.411500000045635, 6449916.59360000025481 ] ] } },
{ "type": "Feature", "properties": { "plot": 5 }, "geometry": { "type": "LineString", "coordinates": [ [ 545720.506999999051914, 6449873.524000000208616 ], [ 545721.698500000056811, 6449874.077600000426173 ] ] } },
{ "type": "Feature", "properties": { "plot": 5 }, "geometry": { "type": "LineString", "coordinates": [ [ 545703.611000000033528, 6449926.343999990262091 ], [ 545703.0625, 6449925.119599999859929 ] ] } },
{ "type": "Feature", "properties": { "plot": 5 }, "geometry": { "type": "LineString", "coordinates": [ [ 545723.175999999046326, 6449878.157999989576638 ], [ 545723.337500000023283, 6449879.498599999584258 ] ] } },
{ "type": "Feature", "properties": { "plot": 5 }, "geometry": { "type": "LineString", "coordinates": [ [ 545762.261000000056811, 6449873.620000000111759 ], [ 545761.894500000053085, 6449874.935600000433624 ] ] } },
{ "type": "Feature", "properties": { "plot": 5 }, "geometry": { "type": "LineString", "coordinates": [ [ 545700.62, 6449888.782999989576638 ], [ 545699.364500000025146, 6449888.173600000329316 ] ] } },
{ "type": "Feature", "properties": { "plot": 5 }, "geometry": { "type": "LineString", "coordinates": [ [ 545760.1219999990426, 6449892.697999989613891 ], [ 545758.846499999985099, 6449892.05559999961406 ] ] } },
{ "type": "Feature", "properties": { "plot": 5 }, "geometry": { "type": "LineString", "coordinates": [ [ 545714.01300000003539, 6449902.378999990411103 ], [ 545714.0945, 6449903.8646 ] ] } },
{ "type": "Feature", "properties": { "plot": 5 }, "geometry": { "type": "LineString", "coordinates": [ [ 545732.283999999053776, 6449877.894999990239739 ], [ 545731.120499999960884, 6449876.947599999606609 ] ] } },
{ "type": "Feature", "properties": { "plot": 5 }, "geometry": { "type": "LineString", "coordinates": [ [ 545698.393999999039806, 6449919.792000000365078 ], [ 545697.03449999995064, 6449920.469600000418723 ] ] } },
{ "type": "Feature", "properties": { "plot": 5 }, "geometry": { "type": "LineString", "coordinates": [ [ 545715.356999999028631, 6449912.355000000447035 ], [ 545713.786500000045635, 6449912.3306 ] ] } },
{ "type": "Feature", "properties": { "plot": 5 }, "geometry": { "type": "LineString", "coordinates": [ [ 545696.4969999990426, 6449901.724999990314245 ], [ 545695.430500000016764, 6449902.914599999785423 ] ] } },
{ "type": "Feature", "properties": { "plot": 5 }, "geometry": { "type": "LineString", "coordinates": [ [ 545712.775000000023283, 6449895.071000000461936 ], [ 545713.303500000038184, 6449896.587600000202656 ] ] } },
{ "type": "Feature", "properties": { "plot": 5 }, "geometry": { "type": "LineString", "coordinates": [ [ 545744.079999999026768, 6449884.134999990463257 ], [ 545744.913500000024214, 6449882.7516 ] ] } },
{ "type": "Feature", "properties": { "plot": 5 }, "geometry": { "type": "LineString", "coordinates": [ [ 545713.084999999031425, 6449931.327999990433455 ], [ 545712.06050000002142, 6449930.027599999681115 ] ] } },
{ "type": "Feature", "properties": { "plot": 5 }, "geometry": { "type": "LineString", "coordinates": [ [ 545713.24899999902118, 6449885.401999990455806 ], [ 545714.45050000003539, 6449884.106599999591708 ] ] } },
{ "type": "Feature", "properties": { "plot": 5 }, "geometry": { "type": "LineString", "coordinates": [ [ 545717.092999998945743, 6449867.906999990344048 ], [ 545718.34050000004936, 6449869.447599999606609 ] ] } },
{ "type": "Feature", "properties": { "plot": 5 }, "geometry": { "type": "LineString", "coordinates": [ [ 545741.165999999037012, 6449869.441999989561737 ], [ 545739.548500000033528, 6449870.653599999845028 ] ] } },
{ "type": "Feature", "properties": { "plot": 5 }, "geometry": { "type": "LineString", "coordinates": [ [ 545706.233, 6449886.453999989666045 ], [ 545707.962500000023283, 6449885.274600000120699 ] ] } },
{ "type": "Feature", "properties": { "plot": 5 }, "geometry": { "type": "LineString", "coordinates": [ [ 545748.272, 6449871.302000000141561 ], [ 545746.587500000023283, 6449872.692599999718368 ] ] } },
{ "type": "Feature", "properties": { "plot": 5 }, "geometry": { "type": "LineString", "coordinates": [ [ 545721.241999999037944, 6449901.051 ], [ 545723.43550000002142, 6449900.844600000418723 ] ] } },
{ "type": "Feature", "properties": { "plot": 5 }, "geometry": { "type": "LineString", "coordinates": [ [ 545742.594999999040738, 6449872.368999989703298 ], [ 545744.3445, 6449870.980600000359118 ] ] } },
{ "type": "Feature", "properties": { "plot": 5 }, "geometry": { "type": "LineString", "coordinates": [ [ 545772.616999999037944, 6449873.74100000038743 ], [ 545774.898500000010245, 6449873.657599999569356 ] ] } },
{ "type": "Feature", "properties": { "plot": 5 }, "geometry": { "type": "LineString", "coordinates": [ [ 545695.679, 6449899.690000000409782 ], [ 545697.4155, 6449898.1036 ] ] } },
{ "type": "Feature", "properties": { "plot": 5 }, "geometry": { "type": "LineString", "coordinates": [ [ 545722.314000000013039, 6449901.097 ], [ 545720.3075, 6449899.715599999763072 ] ] } },
{ "type": "Feature", "properties": { "plot": 5 }, "geometry": { "type": "LineString", "coordinates": [ [ 545711.158999999053776, 6449917.309000000357628 ], [ 545708.626500000013039, 6449917.7736 ] ] } },
{ "type": "Feature", "properties": { "plot": 5 }, "geometry": { "type": "LineString", "coordinates": [ [ 545686.547000000020489, 6449893.099999990314245 ], [ 545689.394500000053085, 6449893.193599999882281 ] ] } },
{ "type": "Feature", "properties": { "plot": 5 }, "geometry": { "type": "LineString", "coordinates": [ [ 545734.976999999023974, 6449908.764000000432134 ], [ 545736.877499999944121, 6449911.238599999807775 ] ] } },
{ "type": "Feature", "properties": { "plot": 5 }, "geometry": { "type": "LineString", "coordinates": [ [ 545768.189000000013039, 6449856.526999990455806 ], [ 545764.82550000003539, 6449855.238599999807775 ] ] } },
{ "type": "Feature", "properties": { "plot": 5 }, "geometry": { "type": "LineString", "coordinates": [ [ 545757.204999999026768, 6449895.917000000365078 ], [ 545756.350499999942258, 6449892.207600000314415 ] ] } },
{ "type": "Feature", "properties": { "plot": 5 }, "geometry": { "type": "LineString", "coordinates": [ [ 545716.856999999028631, 6449914.887000000104308 ], [ 545717.698500000056811, 6449918.610600000247359 ] ] } },
{ "type": "Feature", "properties": { "plot": 5 }, "geometry": { "type": "LineString", "coordinates": [ [ 545756.564999999012798, 6449886.907999989576638 ], [ 545757.640499999979511, 6449890.828599999658763 ] ] } },
{ "type": "Feature", "properties": { "plot": 6 }, "geometry": { "type": "LineString", "coordinates": [ [ 545566.358, 6449368.486999990418553 ], [ 545566.410099999979138, 6449368.49100000038743 ] ] } },
{ "type": "Feature", "properties": { "plot": 6 }, "geometry": { "type": "LineString", "coordinates": [ [ 545559.726000000024214, 6449370.178000000305474 ], [ 545559.794100000057369, 6449370.223000000230968 ] ] } },
{ "type": "Feature", "properties": { "plot": 6 }, "geometry": { "type": "LineString", "coordinates": [ [ 545551.368000000016764, 6449409.99100000038743 ], [ 545551.487100000027567, 6449409.99100000038743 ] ] } },
{ "type": "Feature", "properties": { "plot": 6 }, "geometry": { "type": "LineString", "coordinates": [ [ 545539.628000000026077, 6449394.078999989666045 ], [ 545539.568100000033155, 6449394.200000000186265 ] ] } },
{ "type": "Feature", "properties": { "plot": 6 }, "geometry": { "type": "LineString", "coordinates": [ [ 545588.831, 6449369.616999990306795 ], [ 545588.830100000021048, 6449369.761 ] ] } },
{ "type": "Feature", "properties": { "plot": 6 }, "geometry": { "type": "LineString", "coordinates": [ [ 545540.716000000014901, 6449401.565000000409782 ], [ 545540.710100000025705, 6449401.417000000365078 ] ] } },
{ "type": "Feature", "properties": { "plot": 6 }, "geometry": { "type": "LineString", "coordinates": [ [ 545564.645999999018386, 6449382.423000000417233 ], [ 545564.703100000042468, 6449382.285000000149012 ] ] } },
{ "type": "Feature", "properties": { "plot": 6 }, "geometry": { "type": "LineString", "coordinates": [ [ 545555.177999999024905, 6449391.059000000357628 ], [ 545555.330100000021048, 6449391.131 ] ] } },
{ "type": "Feature", "properties": { "plot": 6 }, "geometry": { "type": "LineString", "coordinates": [ [ 545585.729999999050051, 6449348.105999990366399 ], [ 545585.562099999981001, 6449348.123999999836087 ] ] } },
{ "type": "Feature", "properties": { "plot": 6 }, "geometry": { "type": "LineString", "coordinates": [ [ 545580.567000000039116, 6449405.361999990418553 ], [ 545580.7241, 6449405.230999999679625 ] ] } },
{ "type": "Feature", "properties": { "plot": 6 }, "geometry": { "type": "LineString", "coordinates": [ [ 545605.425999999046326, 6449364.21 ], [ 545605.2210999999661, 6449364.178000000305474 ] ] } },
{ "type": "Feature", "properties": { "plot": 6 }, "geometry": { "type": "LineString", "coordinates": [ [ 545564.432999999029562, 6449350.599000000394881 ], [ 545564.4521, 6449350.80599999986589 ] ] } },
{ "type": "Feature", "properties": { "plot": 6 }, "geometry": { "type": "LineString", "coordinates": [ [ 545611.207000000053085, 6449345.673000000417233 ], [ 545611.379100000020117, 6449345.554999999701977 ] ] } },
{ "type": "Feature", "properties": { "plot": 6 }, "geometry": { "type": "LineString", "coordinates": [ [ 545577.40300000004936, 6449335.324 ], [ 545577.4401, 6449335.531000000424683 ] ] } },
{ "type": "Feature", "properties": { "plot": 6 }, "geometry": { "type": "LineString", "coordinates": [ [ 545557.209000000031665, 6449416.514999990351498 ], [ 545557.400099999969825, 6449416.40500000026077 ] ] } },
{ "type": "Feature", "properties": { "plot": 6 }, "geometry": { "type": "LineString", "coordinates": [ [ 545578.209999999031425, 6449362.992999989539385 ], [ 545578.021100000012666, 6449362.855000000447035 ] ] } },
{ "type": "Feature", "properties": { "plot": 6 }, "geometry": { "type": "LineString", "coordinates": [ [ 545573.38800000003539, 6449359.650999990291893 ], [ 545573.1541000000434, 6449359.684999999590218 ] ] } },
{ "type": "Feature", "properties": { "plot": 6 }, "geometry": { "type": "LineString", "coordinates": [ [ 545568.226000000024214, 6449414.314000000245869 ], [ 545568.472100000013597, 6449414.333999999798834 ] ] } },
{ "type": "Feature", "properties": { "plot": 6 }, "geometry": { "type": "LineString", "coordinates": [ [ 545606.050999999046326, 6449336.838000000454485 ], [ 545605.803100000019185, 6449336.75800000037998 ] ] } },
{ "type": "Feature", "properties": { "plot": 6 }, "geometry": { "type": "LineString", "coordinates": [ [ 545578.516999998944812, 6449382.294999989680946 ], [ 545578.775099999969825, 6449382.231999999843538 ] ] } },
{ "type": "Feature", "properties": { "plot": 6 }, "geometry": { "type": "LineString", "coordinates": [ [ 545547.307000000029802, 6449408.252000000327826 ], [ 545547.3151, 6449407.984000000171363 ] ] } },
{ "type": "Feature", "properties": { "plot": 6 }, "geometry": { "type": "LineString", "coordinates": [ [ 545573.103, 6449392.67200000025332 ], [ 545572.8541, 6449392.565999999642372 ] ] } },
{ "type": "Feature", "properties": { "plot": 6 }, "geometry": { "type": "LineString", "coordinates": [ [ 545575.26, 6449374.048999990336597 ], [ 545575.125099999946542, 6449373.804999999701977 ] ] } },
{ "type": "Feature", "properties": { "plot": 6 }, "geometry": { "type": "LineString", "coordinates": [ [ 545547.532, 6449386.428000000305474 ], [ 545547.7781, 6449386.256 ] ] } },
{ "type": "Feature", "properties": { "plot": 6 }, "geometry": { "type": "LineString", "coordinates": [ [ 545609.067000000039116, 6449353.122000000439584 ], [ 545609.371099999989383, 6449353.076000000350177 ] ] } },
{ "type": "Feature", "properties": { "plot": 6 }, "geometry": { "type": "LineString", "coordinates": [ [ 545598.991000000038184, 6449367.49100000038743 ], [ 545598.7171, 6449367.347 ] ] } },
{ "type": "Feature", "properties": { "plot": 6 }, "geometry": { "type": "LineString", "coordinates": [ [ 545578.908000000054017, 6449413.542999990284443 ], [ 545578.682099999976344, 6449413.331000000238419 ] ] } },
{ "type": "Feature", "properties": { "plot": 6 }, "geometry": { "type": "LineString", "coordinates": [ [ 545576.474000000045635, 6449385.788999989628792 ], [ 545576.782099999953061, 6449385.832999999634922 ] ] } },
{ "type": "Feature", "properties": { "plot": 6 }, "geometry": { "type": "LineString", "coordinates": [ [ 545566.976999999023974, 6449343.888000000268221 ], [ 545567.289100000052713, 6449343.873999999836087 ] ] } },
{ "type": "Feature", "properties": { "plot": 6 }, "geometry": { "type": "LineString", "coordinates": [ [ 545580.241999999037944, 6449392.610000000335276 ], [ 545580.1751, 6449392.917999999597669 ] ] } },
{ "type": "Feature", "properties": { "plot": 6 }, "geometry": { "type": "LineString", "coordinates": [ [ 545594.878999999025837, 6449328.593999990262091 ], [ 545595.192099999985658, 6449328.660000000149012 ] ] } },
{ "type": "Feature", "properties": { "plot": 6 }, "geometry": { "type": "LineString", "coordinates": [ [ 545557.069000000017695, 6449384.975999989546835 ], [ 545556.784100000048056, 6449385.137000000104308 ] ] } },
{ "type": "Feature", "properties": { "plot": 6 }, "geometry": { "type": "LineString", "coordinates": [ [ 545563.711000000010245, 6449414.491999990306795 ], [ 545563.432099999976344, 6449414.665 ] ] } },
{ "type": "Feature", "properties": { "plot": 6 }, "geometry": { "type": "LineString", "coordinates": [ [ 545567.836000000010245, 6449360.137000000104308 ], [ 545568.064099999959581, 6449360.377000000327826 ] ] } },
{ "type": "Feature", "properties": { "plot": 6 }, "geometry": { "type": "LineString", "coordinates": [ [ 545586.179, 6449353.003999990411103 ], [ 545586.0991, 6449353.32799999974668 ] ] } },
{ "type": "Feature", "properties": { "plot": 6 }, "geometry": { "type": "LineString", "coordinates": [ [ 545565.022, 6449350.561999989673495 ], [ 545564.825100000016391, 6449350.273 ] ] } },
{ "type": "Feature", "properties": { "plot": 6 }, "geometry": { "type": "LineString", "coordinates": [ [ 545570.471000000019558, 6449349.734000000171363 ], [ 545570.24910000001546, 6449349.44400000013411 ] ] } },
{ "type": "Feature", "properties": { "plot": 6 }, "geometry": { "type": "LineString", "coordinates": [ [ 545596.564000000013039, 6449360.746000000275671 ], [ 545596.8421, 6449360.507000000216067 ] ] } },
{ "type": "Feature", "properties": { "plot": 6 }, "geometry": { "type": "LineString", "coordinates": [ [ 545596.12399999902118, 6449341.190000000409782 ], [ 545595.781100000021979, 6449341.058000000193715 ] ] } },
{ "type": "Feature", "properties": { "plot": 6 }, "geometry": { "type": "LineString", "coordinates": [ [ 545594.334000000031665, 6449361.582999990321696 ], [ 545594.703100000042468, 6449361.502999999560416 ] ] } },
{ "type": "Feature", "properties": { "plot": 6 }, "geometry": { "type": "LineString", "coordinates": [ [ 545591.145999999018386, 6449357.03000000026077 ], [ 545591.482100000022911, 6449356.856999999843538 ] ] } },
{ "type": "Feature", "properties": { "plot": 6 }, "geometry": { "type": "LineString", "coordinates": [ [ 545568.27800000004936, 6449383.419999989680946 ], [ 545568.379100000020117, 6449383.785000000149012 ] ] } },
{ "type": "Feature", "properties": { "plot": 6 }, "geometry": { "type": "LineString", "coordinates": [ [ 545545.160000000032596, 6449404.038999989628792 ], [ 545544.795099999988452, 6449403.884999999776483 ] ] } },
{ "type": "Feature", "properties": { "plot": 6 }, "geometry": { "type": "LineString", "coordinates": [ [ 545594.76300000003539, 6449345.469999990426004 ], [ 545595.145099999965169, 6449345.355999999679625 ] ] } },
{ "type": "Feature", "properties": { "plot": 6 }, "geometry": { "type": "LineString", "coordinates": [ [ 545602.01500000001397, 6449368.968999990262091 ], [ 545602.3371, 6449369.221 ] ] } },
{ "type": "Feature", "properties": { "plot": 6 }, "geometry": { "type": "LineString", "coordinates": [ [ 545609.101000000024214, 6449359.536999990232289 ], [ 545609.4891, 6449359.678999999538064 ] ] } },
{ "type": "Feature", "properties": { "plot": 6 }, "geometry": { "type": "LineString", "coordinates": [ [ 545594.758999999030493, 6449339.150000000372529 ], [ 545595.1311, 6449339.338999999687076 ] ] } },
{ "type": "Feature", "properties": { "plot": 6 }, "geometry": { "type": "LineString", "coordinates": [ [ 545570.192000000039116, 6449397.478000000119209 ], [ 545570.508099999977276, 6449397.200000000186265 ] ] } },
{ "type": "Feature", "properties": { "plot": 6 }, "geometry": { "type": "LineString", "coordinates": [ [ 545551.430000000051223, 6449393.337000000290573 ], [ 545551.51410000002943, 6449393.752000000327826 ] ] } },
{ "type": "Feature", "properties": { "plot": 6 }, "geometry": { "type": "LineString", "coordinates": [ [ 545556.782, 6449400.980999990366399 ], [ 545556.798100000014529, 6449400.548999999649823 ] ] } },
{ "type": "Feature", "properties": { "plot": 6 }, "geometry": { "type": "LineString", "coordinates": [ [ 545577.207999999052845, 6449336.44400000013411 ], [ 545576.894100000034086, 6449336.139000000432134 ] ] } },
{ "type": "Feature", "properties": { "plot": 6 }, "geometry": { "type": "LineString", "coordinates": [ [ 545573.805000000051223, 6449385.313 ], [ 545573.684099999954924, 6449384.887000000104308 ] ] } },
{ "type": "Feature", "properties": { "plot": 6 }, "geometry": { "type": "LineString", "coordinates": [ [ 545582.552000000025146, 6449383.747000000439584 ], [ 545582.970100000035018, 6449383.946999999694526 ] ] } },
{ "type": "Feature", "properties": { "plot": 6 }, "geometry": { "type": "LineString", "coordinates": [ [ 545612.628000000026077, 6449357.121000000275671 ], [ 545612.802099999971688, 6449356.665 ] ] } },
{ "type": "Feature", "properties": { "plot": 6 }, "geometry": { "type": "LineString", "coordinates": [ [ 545583.109999999054708, 6449404.707000000402331 ], [ 545582.746099999989383, 6449404.370000000111759 ] ] } },
{ "type": "Feature", "properties": { "plot": 6 }, "geometry": { "type": "LineString", "coordinates": [ [ 545577.626999999047257, 6449370.258999990299344 ], [ 545577.746099999989383, 6449370.74100000038743 ] ] } },
{ "type": "Feature", "properties": { "plot": 6 }, "geometry": { "type": "LineString", "coordinates": [ [ 545578.037000000011176, 6449402.044999989680946 ], [ 545578.394100000034086, 6449401.700000000186265 ] ] } },
{ "type": "Feature", "properties": { "plot": 6 }, "geometry": { "type": "LineString", "coordinates": [ [ 545572.893000000040047, 6449405.247999990358949 ], [ 545573.265099999960512, 6449405.587000000290573 ] ] } },
{ "type": "Feature", "properties": { "plot": 6 }, "geometry": { "type": "LineString", "coordinates": [ [ 545573.679, 6449353.887000000104308 ], [ 545573.996099999989383, 6449353.487999999895692 ] ] } },
{ "type": "Feature", "properties": { "plot": 6 }, "geometry": { "type": "LineString", "coordinates": [ [ 545588.074000000022352, 6449358.582000000402331 ], [ 545588.573100000037812, 6449358.691999999806285 ] ] } },
{ "type": "Feature", "properties": { "plot": 6 }, "geometry": { "type": "LineString", "coordinates": [ [ 545577.474000000045635, 6449362.462000000290573 ], [ 545577.38910000002943, 6449362.967000000178814 ] ] } },
{ "type": "Feature", "properties": { "plot": 6 }, "geometry": { "type": "LineString", "coordinates": [ [ 545594.079999999026768, 6449374.324 ], [ 545594.427099999971688, 6449374.705 ] ] } },
{ "type": "Feature", "properties": { "plot": 6 }, "geometry": { "type": "LineString", "coordinates": [ [ 545579.300000000046566, 6449335.324 ], [ 545578.823100000037812, 6449335.520999999716878 ] ] } },
{ "type": "Feature", "properties": { "plot": 6 }, "geometry": { "type": "LineString", "coordinates": [ [ 545549.967999998945743, 6449398.553999990224838 ], [ 545550.482100000022911, 6449398.498999999836087 ] ] } },
{ "type": "Feature", "properties": { "plot": 6 }, "geometry": { "type": "LineString", "coordinates": [ [ 545571.814999999012798, 6449388.298999990336597 ], [ 545572.088100000051782, 6449387.820000000298023 ] ] } },
{ "type": "Feature", "properties": { "plot": 6 }, "geometry": { "type": "LineString", "coordinates": [ [ 545598.12399999902118, 6449375.133999990299344 ], [ 545598.643099999986589, 6449374.940999999642372 ] ] } },
{ "type": "Feature", "properties": { "plot": 6 }, "geometry": { "type": "LineString", "coordinates": [ [ 545581.611000000033528, 6449322.396999989636242 ], [ 545581.701099999947473, 6449321.839999999850988 ] ] } },
{ "type": "Feature", "properties": { "plot": 6 }, "geometry": { "type": "LineString", "coordinates": [ [ 545587.614999998942949, 6449390.303999990224838 ], [ 545587.537099999957718, 6449389.728000000119209 ] ] } },
{ "type": "Feature", "properties": { "plot": 6 }, "geometry": { "type": "LineString", "coordinates": [ [ 545562.864999998942949, 6449395.852 ], [ 545563.238099999958649, 6449395.394999999552965 ] ] } },
{ "type": "Feature", "properties": { "plot": 6 }, "geometry": { "type": "LineString", "coordinates": [ [ 545583.055999999050982, 6449334.352 ], [ 545583.3911, 6449333.865000000223517 ] ] } },
{ "type": "Feature", "properties": { "plot": 6 }, "geometry": { "type": "LineString", "coordinates": [ [ 545585.934, 6449372.474999990314245 ], [ 545586.421100000035949, 6449372.812 ] ] } },
{ "type": "Feature", "properties": { "plot": 6 }, "geometry": { "type": "LineString", "coordinates": [ [ 545574.038999998942018, 6449371.495000000111759 ], [ 545574.477100000018254, 6449371.092000000178814 ] ] } },
{ "type": "Feature", "properties": { "plot": 6 }, "geometry": { "type": "LineString", "coordinates": [ [ 545571.229999999050051, 6449347.743999989703298 ], [ 545571.801100000040606, 6449347.53000000026077 ] ] } },
{ "type": "Feature", "properties": { "plot": 6 }, "geometry": { "type": "LineString", "coordinates": [ [ 545576.339000000036322, 6449324.575000000186265 ], [ 545576.8151, 6449324.182 ] ] } },
{ "type": "Feature", "properties": { "plot": 6 }, "geometry": { "type": "LineString", "coordinates": [ [ 545567.449000000022352, 6449380.416000000201166 ], [ 545567.296100000035949, 6449379.815999999642372 ] ] } },
{ "type": "Feature", "properties": { "plot": 6 }, "geometry": { "type": "LineString", "coordinates": [ [ 545576.459999999031425, 6449367.190999990329146 ], [ 545577.017100000055507, 6449367.463000000454485 ] ] } },
{ "type": "Feature", "properties": { "plot": 6 }, "geometry": { "type": "LineString", "coordinates": [ [ 545560.696, 6449390.877000000327826 ], [ 545561.308100000023842, 6449390.770999999716878 ] ] } },
{ "type": "Feature", "properties": { "plot": 6 }, "geometry": { "type": "LineString", "coordinates": [ [ 545547.564999999012798, 6449401.298000000417233 ], [ 545547.87410000001546, 6449400.752999999560416 ] ] } },
{ "type": "Feature", "properties": { "plot": 6 }, "geometry": { "type": "LineString", "coordinates": [ [ 545560.851000000024214, 6449384.259999990463257 ], [ 545561.453100000042468, 6449384.474000000394881 ] ] } },
{ "type": "Feature", "properties": { "plot": 6 }, "geometry": { "type": "LineString", "coordinates": [ [ 545542.74800000002142, 6449398.38300000037998 ], [ 545542.879100000020117, 6449397.754999999888241 ] ] } },
{ "type": "Feature", "properties": { "plot": 6 }, "geometry": { "type": "LineString", "coordinates": [ [ 545600.626999999047257, 6449352.188 ], [ 545601.248099999967963, 6449352.021999999880791 ] ] } },
{ "type": "Feature", "properties": { "plot": 6 }, "geometry": { "type": "LineString", "coordinates": [ [ 545568.547000000020489, 6449400.163999989628792 ], [ 545569.085100000025705, 6449400.525000000372529 ] ] } },
{ "type": "Feature", "properties": { "plot": 6 }, "geometry": { "type": "LineString", "coordinates": [ [ 545597.094000000040978, 6449340.899000000208616 ], [ 545597.7071, 6449340.684000000357628 ] ] } },
{ "type": "Feature", "properties": { "plot": 6 }, "geometry": { "type": "LineString", "coordinates": [ [ 545568.809, 6449356.375 ], [ 545568.8321, 6449355.718999999575317 ] ] } },
{ "type": "Feature", "properties": { "plot": 6 }, "geometry": { "type": "LineString", "coordinates": [ [ 545539.667999999015592, 6449387.264000000432134 ], [ 545540.063100000028498, 6449386.724000000394881 ] ] } },
{ "type": "Feature", "properties": { "plot": 6 }, "geometry": { "type": "LineString", "coordinates": [ [ 545537.38, 6449389.984000000171363 ], [ 545538.045099999988452, 6449389.821999999694526 ] ] } },
{ "type": "Feature", "properties": { "plot": 6 }, "geometry": { "type": "LineString", "coordinates": [ [ 545575.474999999045394, 6449411.457999990321696 ], [ 545575.96909999998752, 6449410.980000000447035 ] ] } },
{ "type": "Feature", "properties": { "plot": 6 }, "geometry": { "type": "LineString", "coordinates": [ [ 545578.339999999036081, 6449334.388000000268221 ], [ 545578.906100000021979, 6449333.974999999627471 ] ] } },
{ "type": "Feature", "properties": { "plot": 6 }, "geometry": { "type": "LineString", "coordinates": [ [ 545576.952000000048429, 6449350.104000000283122 ], [ 545577.566100000054576, 6449350.451999999582767 ] ] } },
{ "type": "Feature", "properties": { "plot": 6 }, "geometry": { "type": "LineString", "coordinates": [ [ 545577.962999999057502, 6449327.690000000409782 ], [ 545578.666100000031292, 6449327.622999999672174 ] ] } },
{ "type": "Feature", "properties": { "plot": 6 }, "geometry": { "type": "LineString", "coordinates": [ [ 545536.51199999905657, 6449400.053000000305474 ], [ 545537.002100000041537, 6449399.543999999761581 ] ] } },
{ "type": "Feature", "properties": { "plot": 6 }, "geometry": { "type": "LineString", "coordinates": [ [ 545571.611999999033287, 6449340.78000000026077 ], [ 545572.2781, 6449340.542000000365078 ] ] } },
{ "type": "Feature", "properties": { "plot": 6 }, "geometry": { "type": "LineString", "coordinates": [ [ 545571.559, 6449336.498999989591539 ], [ 545572.263099999981932, 6449336.421 ] ] } },
{ "type": "Feature", "properties": { "plot": 6 }, "geometry": { "type": "LineString", "coordinates": [ [ 545585.773000000044703, 6449356.455 ], [ 545586.481099999975413, 6449356.5 ] ] } },
{ "type": "Feature", "properties": { "plot": 6 }, "geometry": { "type": "LineString", "coordinates": [ [ 545587.983, 6449343.396999989636242 ], [ 545587.732100000022911, 6449342.724999999627471 ] ] } },
{ "type": "Feature", "properties": { "plot": 6 }, "geometry": { "type": "LineString", "coordinates": [ [ 545586.954999999026768, 6449394.048999990336597 ], [ 545587.598099999944679, 6449394.36699999962002 ] ] } },
{ "type": "Feature", "properties": { "plot": 6 }, "geometry": { "type": "LineString", "coordinates": [ [ 545541.439999999012798, 6449392.305999989621341 ], [ 545542.119100000010803, 6449392.042000000365078 ] ] } },
{ "type": "Feature", "properties": { "plot": 6 }, "geometry": { "type": "LineString", "coordinates": [ [ 545582.192999999038875, 6449391.717000000178814 ], [ 545581.7241, 6449391.150000000372529 ] ] } },
{ "type": "Feature", "properties": { "plot": 6 }, "geometry": { "type": "LineString", "coordinates": [ [ 545565.530999999027699, 6449355.341 ], [ 545566.0381, 6449355.875 ] ] } },
{ "type": "Feature", "properties": { "plot": 6 }, "geometry": { "type": "LineString", "coordinates": [ [ 545606.883000000030734, 6449341.852 ], [ 545606.605100000044331, 6449341.17 ] ] } },
{ "type": "Feature", "properties": { "plot": 6 }, "geometry": { "type": "LineString", "coordinates": [ [ 545607.927999999024905, 6449354.901999990455806 ], [ 545607.627100000041537, 6449354.213000000454485 ] ] } },
{ "type": "Feature", "properties": { "plot": 6 }, "geometry": { "type": "LineString", "coordinates": [ [ 545595.226999999023974, 6449378.638000000268221 ], [ 545595.839099999982864, 6449379.076000000350177 ] ] } },
{ "type": "Feature", "properties": { "plot": 6 }, "geometry": { "type": "LineString", "coordinates": [ [ 545597.368999999016523, 6449349.095999989658594 ], [ 545597.603099999949336, 6449348.352 ] ] } },
{ "type": "Feature", "properties": { "plot": 6 }, "geometry": { "type": "LineString", "coordinates": [ [ 545594.598, 6449327.985000000335276 ], [ 545595.061100000049919, 6449328.61699999962002 ] ] } },
{ "type": "Feature", "properties": { "plot": 6 }, "geometry": { "type": "LineString", "coordinates": [ [ 545585.342999998945743, 6449367.254999989643693 ], [ 545586.097100000013597, 6449367.475999999791384 ] ] } },
{ "type": "Feature", "properties": { "plot": 6 }, "geometry": { "type": "LineString", "coordinates": [ [ 545549.033999999053776, 6449375.96100000012666 ], [ 545549.616099999984726, 6449375.412999999709427 ] ] } },
{ "type": "Feature", "properties": { "plot": 6 }, "geometry": { "type": "LineString", "coordinates": [ [ 545544.011000000056811, 6449388.457000000402331 ], [ 545544.618099999963306, 6449387.911000000312924 ] ] } },
{ "type": "Feature", "properties": { "plot": 6 }, "geometry": { "type": "LineString", "coordinates": [ [ 545588.981999999028631, 6449386.633999990299344 ], [ 545588.284100000048056, 6449386.207000000402331 ] ] } },
{ "type": "Feature", "properties": { "plot": 6 }, "geometry": { "type": "LineString", "coordinates": [ [ 545582.594999999040738, 6449405.734000000171363 ], [ 545583.422099999967031, 6449405.713999999687076 ] ] } },
{ "type": "Feature", "properties": { "plot": 6 }, "geometry": { "type": "LineString", "coordinates": [ [ 545560.645000000018626, 6449360.12799999024719 ], [ 545561.451099999947473, 6449360.326999999582767 ] ] } },
{ "type": "Feature", "properties": { "plot": 6 }, "geometry": { "type": "LineString", "coordinates": [ [ 545543.724999999045394, 6449382.382000000216067 ], [ 545544.205100000021048, 6449383.104000000283122 ] ] } },
{ "type": "Feature", "properties": { "plot": 6 }, "geometry": { "type": "LineString", "coordinates": [ [ 545576.947000000043772, 6449398.21399999037385 ], [ 545576.333100000047125, 6449397.59499999973923 ] ] } },
{ "type": "Feature", "properties": { "plot": 6 }, "geometry": { "type": "LineString", "coordinates": [ [ 545581.952000000048429, 6449375.725999989546835 ], [ 545582.802099999971688, 6449375.520999999716878 ] ] } },
{ "type": "Feature", "properties": { "plot": 6 }, "geometry": { "type": "LineString", "coordinates": [ [ 545539.738000000012107, 6449396.273 ], [ 545540.411100000026636, 6449395.700000000186265 ] ] } },
{ "type": "Feature", "properties": { "plot": 6 }, "geometry": { "type": "LineString", "coordinates": [ [ 545579.792999999015592, 6449390.493999989703298 ], [ 545579.692099999985658, 6449389.612999999895692 ] ] } },
{ "type": "Feature", "properties": { "plot": 6 }, "geometry": { "type": "LineString", "coordinates": [ [ 545558.202000000048429, 6449408.557 ], [ 545558.968100000056438, 6449408.103000000119209 ] ] } },
{ "type": "Feature", "properties": { "plot": 6 }, "geometry": { "type": "LineString", "coordinates": [ [ 545568.841999999014661, 6449407.129999989643693 ], [ 545569.672099999967031, 6449406.778 ] ] } },
{ "type": "Feature", "properties": { "plot": 6 }, "geometry": { "type": "LineString", "coordinates": [ [ 545569.26199999905657, 6449366.890999989584088 ], [ 545569.730100000044331, 6449366.115000000223517 ] ] } },
{ "type": "Feature", "properties": { "plot": 6 }, "geometry": { "type": "LineString", "coordinates": [ [ 545543.721000000019558, 6449394.286000000312924 ], [ 545544.443100000033155, 6449393.721 ] ] } },
{ "type": "Feature", "properties": { "plot": 6 }, "geometry": { "type": "LineString", "coordinates": [ [ 545588.807000000029802, 6449346.618999989703298 ], [ 545589.527099999948405, 6449347.190000000409782 ] ] } },
{ "type": "Feature", "properties": { "plot": 6 }, "geometry": { "type": "LineString", "coordinates": [ [ 545591.214999999036081, 6449366.311999989673495 ], [ 545592.026100000017323, 6449366.778 ] ] } },
{ "type": "Feature", "properties": { "plot": 6 }, "geometry": { "type": "LineString", "coordinates": [ [ 545561.334000000031665, 6449374.888000000268221 ], [ 545561.953100000042468, 6449375.589999999850988 ] ] } },
{ "type": "Feature", "properties": { "plot": 6 }, "geometry": { "type": "LineString", "coordinates": [ [ 545574.37, 6449356.358 ], [ 545573.4841, 6449355.980999999679625 ] ] } },
{ "type": "Feature", "properties": { "plot": 6 }, "geometry": { "type": "LineString", "coordinates": [ [ 545594.15500000002794, 6449354.909 ], [ 545593.951099999947473, 6449353.941999999806285 ] ] } },
{ "type": "Feature", "properties": { "plot": 6 }, "geometry": { "type": "LineString", "coordinates": [ [ 545558.447999999043532, 6449392.848000000230968 ], [ 545559.017100000055507, 6449393.657999999821186 ] ] } },
{ "type": "Feature", "properties": { "plot": 6 }, "geometry": { "type": "LineString", "coordinates": [ [ 545581.841000000014901, 6449362.599999990314245 ], [ 545581.8861, 6449363.599999999627471 ] ] } },
{ "type": "Feature", "properties": { "plot": 6 }, "geometry": { "type": "LineString", "coordinates": [ [ 545563.454999999026768, 6449412.660000000149012 ], [ 545563.877100000041537, 6449411.747999999672174 ] ] } },
{ "type": "Feature", "properties": { "plot": 6 }, "geometry": { "type": "LineString", "coordinates": [ [ 545546.24800000002142, 6449378.435999990440905 ], [ 545547.2731, 6449378.445000000298023 ] ] } },
{ "type": "Feature", "properties": { "plot": 6 }, "geometry": { "type": "LineString", "coordinates": [ [ 545580.076, 6449318.852 ], [ 545579.7831, 6449319.838000000454485 ] ] } },
{ "type": "Feature", "properties": { "plot": 6 }, "geometry": { "type": "LineString", "coordinates": [ [ 545560.503999999025837, 6449382.433000000193715 ], [ 545560.127100000041537, 6449381.455 ] ] } },
{ "type": "Feature", "properties": { "plot": 6 }, "geometry": { "type": "LineString", "coordinates": [ [ 545538.506000000052154, 6449400.606999989598989 ], [ 545539.540099999983795, 6449400.411999999545515 ] ] } },
{ "type": "Feature", "properties": { "plot": 6 }, "geometry": { "type": "LineString", "coordinates": [ [ 545559.99800000002142, 6449377.719999990426004 ], [ 545560.409100000048056, 6449376.739 ] ] } },
{ "type": "Feature", "properties": { "plot": 6 }, "geometry": { "type": "LineString", "coordinates": [ [ 545561.7469999990426, 6449420.342000000178814 ], [ 545562.416100000031292, 6449419.50899999961257 ] ] } },
{ "type": "Feature", "properties": { "plot": 6 }, "geometry": { "type": "LineString", "coordinates": [ [ 545592.008000000030734, 6449340.919999989680946 ], [ 545591.0871, 6449340.34499999973923 ] ] } },
{ "type": "Feature", "properties": { "plot": 6 }, "geometry": { "type": "LineString", "coordinates": [ [ 545580.768999999039806, 6449342.756 ], [ 545579.671100000035949, 6449342.81900000013411 ] ] } },
{ "type": "Feature", "properties": { "plot": 6 }, "geometry": { "type": "LineString", "coordinates": [ [ 545552.694999999017455, 6449398.71 ], [ 545552.271100000012666, 6449399.74100000038743 ] ] } },
{ "type": "Feature", "properties": { "plot": 6 }, "geometry": { "type": "LineString", "coordinates": [ [ 545590.522, 6449344.980999990366399 ], [ 545591.632100000046194, 6449344.751000000163913 ] ] } },
{ "type": "Feature", "properties": { "plot": 6 }, "geometry": { "type": "LineString", "coordinates": [ [ 545598.88899999903515, 6449355.930999989621341 ], [ 545599.774100000038743, 6449356.650000000372529 ] ] } },
{ "type": "Feature", "properties": { "plot": 6 }, "geometry": { "type": "LineString", "coordinates": [ [ 545575.432999999029562, 6449391.935999990440905 ], [ 545575.8491, 6449390.871000000275671 ] ] } },
{ "type": "Feature", "properties": { "plot": 6 }, "geometry": { "type": "LineString", "coordinates": [ [ 545545.807000000029802, 6449388.900999990291893 ], [ 545546.942099999985658, 6449388.762000000104308 ] ] } },
{ "type": "Feature", "properties": { "plot": 6 }, "geometry": { "type": "LineString", "coordinates": [ [ 545550.04500000004191, 6449408.983 ], [ 545549.992100000032224, 6449407.832999999634922 ] ] } },
{ "type": "Feature", "properties": { "plot": 6 }, "geometry": { "type": "LineString", "coordinates": [ [ 545594.310000000055879, 6449364.411000000312924 ], [ 545593.24710000003688, 6449363.90500000026077 ] ] } },
{ "type": "Feature", "properties": { "plot": 6 }, "geometry": { "type": "LineString", "coordinates": [ [ 545581.118000000016764, 6449379.481999989598989 ], [ 545582.240100000053644, 6449379.123999999836087 ] ] } },
{ "type": "Feature", "properties": { "plot": 6 }, "geometry": { "type": "LineString", "coordinates": [ [ 545557.697999999043532, 6449414.21 ], [ 545558.539100000052713, 6449415.057 ] ] } },
{ "type": "Feature", "properties": { "plot": 6 }, "geometry": { "type": "LineString", "coordinates": [ [ 545573.094000000040978, 6449390.688 ], [ 545574.1801, 6449390.183000000193715 ] ] } },
{ "type": "Feature", "properties": { "plot": 6 }, "geometry": { "type": "LineString", "coordinates": [ [ 545576.050000000046566, 6449353.852 ], [ 545575.0161, 6449354.479000000283122 ] ] } },
{ "type": "Feature", "properties": { "plot": 6 }, "geometry": { "type": "LineString", "coordinates": [ [ 545616.562000000034459, 6449342.526999990455806 ], [ 545615.333100000047125, 6449342.484000000171363 ] ] } },
{ "type": "Feature", "properties": { "plot": 6 }, "geometry": { "type": "LineString", "coordinates": [ [ 545589.29500000004191, 6449390.205 ], [ 545590.102100000018254, 6449389.275999999605119 ] ] } },
{ "type": "Feature", "properties": { "plot": 6 }, "geometry": { "type": "LineString", "coordinates": [ [ 545577.168999998946674, 6449339.639999990351498 ], [ 545577.926100000040606, 6449340.639000000432134 ] ] } },
{ "type": "Feature", "properties": { "plot": 6 }, "geometry": { "type": "LineString", "coordinates": [ [ 545589.579000000027008, 6449329.508999990299344 ], [ 545589.281100000021979, 6449328.265999999828637 ] ] } },
{ "type": "Feature", "properties": { "plot": 6 }, "geometry": { "type": "LineString", "coordinates": [ [ 545583.712000000057742, 6449350.099000000394881 ], [ 545584.990100000053644, 6449350.201000000350177 ] ] } },
{ "type": "Feature", "properties": { "plot": 6 }, "geometry": { "type": "LineString", "coordinates": [ [ 545543.400999999023043, 6449384.46499998960644 ], [ 545542.12210000003688, 6449384.614 ] ] } },
{ "type": "Feature", "properties": { "plot": 6 }, "geometry": { "type": "LineString", "coordinates": [ [ 545537.973, 6449404.526999990455806 ], [ 545539.164100000052713, 6449404.031000000424683 ] ] } },
{ "type": "Feature", "properties": { "plot": 6 }, "geometry": { "type": "LineString", "coordinates": [ [ 545593.643999999039806, 6449383.074 ], [ 545594.9401, 6449383.390999999828637 ] ] } },
{ "type": "Feature", "properties": { "plot": 6 }, "geometry": { "type": "LineString", "coordinates": [ [ 545566.962000000057742, 6449387.345999989658594 ], [ 545568.156100000021979, 6449387.957000000402331 ] ] } },
{ "type": "Feature", "properties": { "plot": 6 }, "geometry": { "type": "LineString", "coordinates": [ [ 545587.734999999054708, 6449367.560999990440905 ], [ 545588.669100000057369, 6449366.576999999582767 ] ] } },
{ "type": "Feature", "properties": { "plot": 6 }, "geometry": { "type": "LineString", "coordinates": [ [ 545579.42000000004191, 6449374.284 ], [ 545580.63910000002943, 6449373.650999999605119 ] ] } },
{ "type": "Feature", "properties": { "plot": 6 }, "geometry": { "type": "LineString", "coordinates": [ [ 545594.910000000032596, 6449336.477 ], [ 545595.5821, 6449335.267 ] ] } },
{ "type": "Feature", "properties": { "plot": 6 }, "geometry": { "type": "LineString", "coordinates": [ [ 545576.37, 6449394.379999989643693 ], [ 545577.01410000002943, 6449395.606999999843538 ] ] } },
{ "type": "Feature", "properties": { "plot": 6 }, "geometry": { "type": "LineString", "coordinates": [ [ 545595.792000000015832, 6449359.063 ], [ 545594.3321, 6449359.088000000454485 ] ] } },
{ "type": "Feature", "properties": { "plot": 6 }, "geometry": { "type": "LineString", "coordinates": [ [ 545568.238000000012107, 6449397.735999990254641 ], [ 545567.2791000000434, 6449396.622000000439584 ] ] } },
{ "type": "Feature", "properties": { "plot": 6 }, "geometry": { "type": "LineString", "coordinates": [ [ 545580.341000000014901, 6449375.598000000230968 ], [ 545580.798100000014529, 6449374.173999999649823 ] ] } },
{ "type": "Feature", "properties": { "plot": 6 }, "geometry": { "type": "LineString", "coordinates": [ [ 545563.410000000032596, 6449384.349000000394881 ], [ 545563.147099999943748, 6449385.839999999850988 ] ] } },
{ "type": "Feature", "properties": { "plot": 6 }, "geometry": { "type": "LineString", "coordinates": [ [ 545606.361999999033287, 6449344.718000000342727 ], [ 545607.656100000021979, 6449343.928000000305474 ] ] } },
{ "type": "Feature", "properties": { "plot": 6 }, "geometry": { "type": "LineString", "coordinates": [ [ 545588.221000000019558, 6449337.859000000171363 ], [ 545587.700100000016391, 6449336.359000000171363 ] ] } },
{ "type": "Feature", "properties": { "plot": 6 }, "geometry": { "type": "LineString", "coordinates": [ [ 545572.601999999023974, 6449411.600999989546835 ], [ 545573.473099999944679, 6449412.934999999590218 ] ] } },
{ "type": "Feature", "properties": { "plot": 6 }, "geometry": { "type": "LineString", "coordinates": [ [ 545564.733, 6449368.916000000201166 ], [ 545565.036100000026636, 6449370.548999999649823 ] ] } },
{ "type": "Feature", "properties": { "plot": 6 }, "geometry": { "type": "LineString", "coordinates": [ [ 545605.435000000055879, 6449349.486999990418553 ], [ 545605.9081, 6449347.753999999724329 ] ] } },
{ "type": "Feature", "properties": { "plot": 6 }, "geometry": { "type": "LineString", "coordinates": [ [ 545583.601000000024214, 6449370.712000000290573 ], [ 545581.825100000016391, 6449370.09499999973923 ] ] } },
{ "type": "Feature", "properties": { "plot": 6 }, "geometry": { "type": "LineString", "coordinates": [ [ 545585.508000000030734, 6449400.536000000312924 ], [ 545584.869100000010803, 6449398.742999999783933 ] ] } },
{ "type": "Feature", "properties": { "plot": 6 }, "geometry": { "type": "LineString", "coordinates": [ [ 545585.829000000027008, 6449325.58 ], [ 545583.924099999945611, 6449325.531999999657273 ] ] } },
{ "type": "Feature", "properties": { "plot": 6 }, "geometry": { "type": "LineString", "coordinates": [ [ 545556.346999999019317, 6449382.940000000409782 ], [ 545554.195100000011735, 6449382.963000000454485 ] ] } },
{ "type": "Feature", "properties": { "plot": 6 }, "geometry": { "type": "LineString", "coordinates": [ [ 545602.77800000004936, 6449372.093999990262091 ], [ 545600.597100000013597, 6449371.860999999567866 ] ] } },
{ "type": "Feature", "properties": { "plot": 6 }, "geometry": { "type": "LineString", "coordinates": [ [ 545572.65399999904912, 6449373.184999990276992 ], [ 545570.795099999988452, 6449371.984000000171363 ] ] } },
{ "type": "Feature", "properties": { "plot": 6 }, "geometry": { "type": "LineString", "coordinates": [ [ 545585.287000000011176, 6449339.548000000417233 ], [ 545582.970100000035018, 6449338.872999999672174 ] ] } },
{ "type": "Feature", "properties": { "plot": 6 }, "geometry": { "type": "LineString", "coordinates": [ [ 545574.821, 6449345.912999990396202 ], [ 545575.977100000018254, 6449342.957000000402331 ] ] } },
{ "type": "Feature", "properties": { "plot": 6 }, "geometry": { "type": "LineString", "coordinates": [ [ 545616.049, 6449348.625 ], [ 545612.3861, 6449347.071999999694526 ] ] } },
{ "type": "Feature", "properties": { "plot": 7 }, "geometry": { "type": "LineString", "coordinates": [ [ 545810.802999999024905, 6449297.872999990358949 ], [ 545810.757100000046194, 6449297.841 ] ] } },
{ "type": "Feature", "properties": { "plot": 7 }, "geometry": { "type": "LineString", "coordinates": [ [ 545792.991999999037944, 6449331.785000000149012 ], [ 545793.0991, 6449331.832999999634922 ] ] } },
{ "type": "Feature", "properties": { "plot": 7 }, "geometry": { "type": "LineString", "coordinates": [ [ 545799.832000000053085, 6449313.549999989569187 ], [ 545799.885099999955855, 6449313.438 ] ] } },
{ "type": "Feature", "properties": { "plot": 7 }, "geometry": { "type": "LineString", "coordinates": [ [ 545785.956, 6449312.490000000223517 ], [ 545786.051100000040606, 6449312.570000000298023 ] ] } },
{ "type": "Feature", "properties": { "plot": 7 }, "geometry": { "type": "LineString", "coordinates": [ [ 545792.579000000027008, 6449289.575000000186265 ], [ 545792.51410000002943, 6449289.684000000357628 ] ] } },
{ "type": "Feature", "properties": { "plot": 7 }, "geometry": { "type": "LineString", "coordinates": [ [ 545774.81599999894388, 6449307.081000000238419 ], [ 545774.9081, 6449306.984000000171363 ] ] } },
{ "type": "Feature", "properties": { "plot": 7 }, "geometry": { "type": "LineString", "coordinates": [ [ 545816.616000000038184, 6449313.582000000402331 ], [ 545816.748099999967963, 6449313.536000000312924 ] ] } },
{ "type": "Feature", "properties": { "plot": 7 }, "geometry": { "type": "LineString", "coordinates": [ [ 545804.56599999894388, 6449292.258999990299344 ], [ 545804.36109999998007, 6449292.253999999724329 ] ] } },
{ "type": "Feature", "properties": { "plot": 7 }, "geometry": { "type": "LineString", "coordinates": [ [ 545788.49800000002142, 6449288.818 ], [ 545788.328100000042468, 6449288.688 ] ] } },
{ "type": "Feature", "properties": { "plot": 7 }, "geometry": { "type": "LineString", "coordinates": [ [ 545816.648000000044703, 6449305.753999990411103 ], [ 545816.758099999977276, 6449305.570000000298023 ] ] } },
{ "type": "Feature", "properties": { "plot": 7 }, "geometry": { "type": "LineString", "coordinates": [ [ 545771.207999999052845, 6449312.029 ], [ 545771.0111, 6449312.139000000432134 ] ] } },
{ "type": "Feature", "properties": { "plot": 7 }, "geometry": { "type": "LineString", "coordinates": [ [ 545804.255, 6449298.102 ], [ 545804.173100000014529, 6449298.316999999806285 ] ] } },
{ "type": "Feature", "properties": { "plot": 7 }, "geometry": { "type": "LineString", "coordinates": [ [ 545770.020999999018386, 6449310.967000000178814 ], [ 545770.24910000001546, 6449311.017 ] ] } },
{ "type": "Feature", "properties": { "plot": 7 }, "geometry": { "type": "LineString", "coordinates": [ [ 545763.582999999052845, 6449365.575000000186265 ], [ 545763.352100000018254, 6449365.610000000335276 ] ] } },
{ "type": "Feature", "properties": { "plot": 7 }, "geometry": { "type": "LineString", "coordinates": [ [ 545781.841000000014901, 6449352.423999990336597 ], [ 545781.9471, 6449352.213999999687076 ] ] } },
{ "type": "Feature", "properties": { "plot": 7 }, "geometry": { "type": "LineString", "coordinates": [ [ 545775.474999999045394, 6449381.42200000025332 ], [ 545775.3101, 6449381.610999999567866 ] ] } },
{ "type": "Feature", "properties": { "plot": 7 }, "geometry": { "type": "LineString", "coordinates": [ [ 545765.611000000033528, 6449326.856999989598989 ], [ 545765.603099999949336, 6449327.123999999836087 ] ] } },
{ "type": "Feature", "properties": { "plot": 7 }, "geometry": { "type": "LineString", "coordinates": [ [ 545795.13899999903515, 6449324.469999990426004 ], [ 545795.255099999951199, 6449324.217000000178814 ] ] } },
{ "type": "Feature", "properties": { "plot": 7 }, "geometry": { "type": "LineString", "coordinates": [ [ 545764.204999999026768, 6449344.854000000283122 ], [ 545764.4571, 6449344.728000000119209 ] ] } },
{ "type": "Feature", "properties": { "plot": 7 }, "geometry": { "type": "LineString", "coordinates": [ [ 545767.148999999044463, 6449333.968000000342727 ], [ 545767.063100000028498, 6449333.690999999642372 ] ] } },
{ "type": "Feature", "properties": { "plot": 7 }, "geometry": { "type": "LineString", "coordinates": [ [ 545776.13800000003539, 6449337.544999989680946 ], [ 545775.994100000010803, 6449337.29 ] ] } },
{ "type": "Feature", "properties": { "plot": 7 }, "geometry": { "type": "LineString", "coordinates": [ [ 545790.44099999894388, 6449281.747999990358949 ], [ 545790.725100000039674, 6449281.81900000013411 ] ] } },
{ "type": "Feature", "properties": { "plot": 7 }, "geometry": { "type": "LineString", "coordinates": [ [ 545795.51399999903515, 6449339.105000000447035 ], [ 545795.2661, 6449339.275999999605119 ] ] } },
{ "type": "Feature", "properties": { "plot": 7 }, "geometry": { "type": "LineString", "coordinates": [ [ 545786.577999999048188, 6449304.031999990344048 ], [ 545786.546100000035949, 6449303.724999999627471 ] ] } },
{ "type": "Feature", "properties": { "plot": 7 }, "geometry": { "type": "LineString", "coordinates": [ [ 545768.430999999050982, 6449314.260999989695847 ], [ 545768.737100000027567, 6449314.20299999974668 ] ] } },
{ "type": "Feature", "properties": { "plot": 7 }, "geometry": { "type": "LineString", "coordinates": [ [ 545810.243999999016523, 6449309.106999989598989 ], [ 545810.2781, 6449308.795 ] ] } },
{ "type": "Feature", "properties": { "plot": 7 }, "geometry": { "type": "LineString", "coordinates": [ [ 545791.199999999022111, 6449349.33 ], [ 545791.509100000024773, 6449349.265999999828637 ] ] } },
{ "type": "Feature", "properties": { "plot": 7 }, "geometry": { "type": "LineString", "coordinates": [ [ 545765.918999998946674, 6449347.771999989636242 ], [ 545766.233099999953993, 6449347.809000000357628 ] ] } },
{ "type": "Feature", "properties": { "plot": 7 }, "geometry": { "type": "LineString", "coordinates": [ [ 545786.626999999047257, 6449365.945000000298023 ], [ 545786.4471, 6449365.682 ] ] } },
{ "type": "Feature", "properties": { "plot": 7 }, "geometry": { "type": "LineString", "coordinates": [ [ 545792.163999998942018, 6449357.28000000026077 ], [ 545792.409100000048056, 6449357.058000000193715 ] ] } },
{ "type": "Feature", "properties": { "plot": 7 }, "geometry": { "type": "LineString", "coordinates": [ [ 545757.944999999017455, 6449341.917000000365078 ], [ 545757.6091, 6449341.932 ] ] } },
{ "type": "Feature", "properties": { "plot": 7 }, "geometry": { "type": "LineString", "coordinates": [ [ 545796.348, 6449279.820000000298023 ], [ 545796.270099999965169, 6449279.474999999627471 ] ] } },
{ "type": "Feature", "properties": { "plot": 7 }, "geometry": { "type": "LineString", "coordinates": [ [ 545812.535000000032596, 6449294.549999989569187 ], [ 545812.619100000010803, 6449294.895999999716878 ] ] } },
{ "type": "Feature", "properties": { "plot": 7 }, "geometry": { "type": "LineString", "coordinates": [ [ 545774.712999999057502, 6449305.137000000104308 ], [ 545774.437099999981001, 6449305.389999999664724 ] ] } },
{ "type": "Feature", "properties": { "plot": 7 }, "geometry": { "type": "LineString", "coordinates": [ [ 545777.609000000054948, 6449373.399000000208616 ], [ 545777.244100000010803, 6449373.309000000357628 ] ] } },
{ "type": "Feature", "properties": { "plot": 7 }, "geometry": { "type": "LineString", "coordinates": [ [ 545762.147, 6449356.517 ], [ 545762.3421, 6449356.842000000178814 ] ] } },
{ "type": "Feature", "properties": { "plot": 7 }, "geometry": { "type": "LineString", "coordinates": [ [ 545768.506000000052154, 6449329.735999990254641 ], [ 545768.862100000027567, 6449329.877000000327826 ] ] } },
{ "type": "Feature", "properties": { "plot": 7 }, "geometry": { "type": "LineString", "coordinates": [ [ 545778.147, 6449373.518000000156462 ], [ 545778.110100000048988, 6449373.128999999724329 ] ] } },
{ "type": "Feature", "properties": { "plot": 7 }, "geometry": { "type": "LineString", "coordinates": [ [ 545792.346000000019558, 6449312.037999990396202 ], [ 545792.709099999978207, 6449312.188 ] ] } },
{ "type": "Feature", "properties": { "plot": 7 }, "geometry": { "type": "LineString", "coordinates": [ [ 545804.827000000048429, 6449284.849000000394881 ], [ 545804.445100000011735, 6449285.036000000312924 ] ] } },
{ "type": "Feature", "properties": { "plot": 7 }, "geometry": { "type": "LineString", "coordinates": [ [ 545793.175000000046566, 6449339.091 ], [ 545793.5991, 6449339.057 ] ] } },
{ "type": "Feature", "properties": { "plot": 7 }, "geometry": { "type": "LineString", "coordinates": [ [ 545808.185999999055639, 6449290.15500000026077 ], [ 545808.318100000033155, 6449289.740000000223517 ] ] } },
{ "type": "Feature", "properties": { "plot": 7 }, "geometry": { "type": "LineString", "coordinates": [ [ 545817.216000000014901, 6449314.384999990463257 ], [ 545816.7831, 6449314.303999999538064 ] ] } },
{ "type": "Feature", "properties": { "plot": 7 }, "geometry": { "type": "LineString", "coordinates": [ [ 545788.018000000040047, 6449343.275999990291893 ], [ 545787.818100000033155, 6449342.88300000037998 ] ] } },
{ "type": "Feature", "properties": { "plot": 7 }, "geometry": { "type": "LineString", "coordinates": [ [ 545768.871000000042841, 6449325.008999990299344 ], [ 545769.317099999985658, 6449324.934999999590218 ] ] } },
{ "type": "Feature", "properties": { "plot": 7 }, "geometry": { "type": "LineString", "coordinates": [ [ 545783.995, 6449337.311999989673495 ], [ 545784.350100000039674, 6449337.599000000394881 ] ] } },
{ "type": "Feature", "properties": { "plot": 7 }, "geometry": { "type": "LineString", "coordinates": [ [ 545814.224000000045635, 6449306.934999990276992 ], [ 545814.422099999967031, 6449306.520999999716878 ] ] } },
{ "type": "Feature", "properties": { "plot": 7 }, "geometry": { "type": "LineString", "coordinates": [ [ 545801.783000000054017, 6449300.877000000327826 ], [ 545802.161100000026636, 6449301.138000000268221 ] ] } },
{ "type": "Feature", "properties": { "plot": 7 }, "geometry": { "type": "LineString", "coordinates": [ [ 545764.856999999028631, 6449319.268000000156462 ], [ 545765.291100000031292, 6449319.097 ] ] } },
{ "type": "Feature", "properties": { "plot": 7 }, "geometry": { "type": "LineString", "coordinates": [ [ 545757.197000000043772, 6449340.185999990440905 ], [ 545756.7121, 6449340.161999999545515 ] ] } },
{ "type": "Feature", "properties": { "plot": 7 }, "geometry": { "type": "LineString", "coordinates": [ [ 545756.581, 6449348.523 ], [ 545756.642100000055507, 6449348.041000000201166 ] ] } },
{ "type": "Feature", "properties": { "plot": 7 }, "geometry": { "type": "LineString", "coordinates": [ [ 545796.280999999027699, 6449297.188 ], [ 545796.7341, 6449297.009999999776483 ] ] } },
{ "type": "Feature", "properties": { "plot": 7 }, "geometry": { "type": "LineString", "coordinates": [ [ 545782.442000000039116, 6449373.231999989598989 ], [ 545782.928100000019185, 6449373.196999999694526 ] ] } },
{ "type": "Feature", "properties": { "plot": 7 }, "geometry": { "type": "LineString", "coordinates": [ [ 545792.464999999036081, 6449291.902999989688396 ], [ 545792.961099999956787, 6449291.876000000163913 ] ] } },
{ "type": "Feature", "properties": { "plot": 7 }, "geometry": { "type": "LineString", "coordinates": [ [ 545771.180000000051223, 6449319.060999990440905 ], [ 545771.683100000023842, 6449319.053000000305474 ] ] } },
{ "type": "Feature", "properties": { "plot": 7 }, "geometry": { "type": "LineString", "coordinates": [ [ 545754.826, 6449350.79 ], [ 545755.3271, 6449350.872000000439584 ] ] } },
{ "type": "Feature", "properties": { "plot": 7 }, "geometry": { "type": "LineString", "coordinates": [ [ 545812.800000000046566, 6449308.804999990388751 ], [ 545813.2241, 6449309.087000000290573 ] ] } },
{ "type": "Feature", "properties": { "plot": 7 }, "geometry": { "type": "LineString", "coordinates": [ [ 545803.204000000027008, 6449290.862999989651144 ], [ 545802.695100000011735, 6449290.767 ] ] } },
{ "type": "Feature", "properties": { "plot": 7 }, "geometry": { "type": "LineString", "coordinates": [ [ 545787.334000000031665, 6449359.83600000012666 ], [ 545787.112100000027567, 6449359.362999999895692 ] ] } },
{ "type": "Feature", "properties": { "plot": 7 }, "geometry": { "type": "LineString", "coordinates": [ [ 545781.555999999050982, 6449317.676 ], [ 545781.725100000039674, 6449317.18099999986589 ] ] } },
{ "type": "Feature", "properties": { "plot": 7 }, "geometry": { "type": "LineString", "coordinates": [ [ 545775.408999999053776, 6449334.717000000178814 ], [ 545775.9181, 6449334.588999999687076 ] ] } },
{ "type": "Feature", "properties": { "plot": 7 }, "geometry": { "type": "LineString", "coordinates": [ [ 545786.067000000039116, 6449357.173999990336597 ], [ 545785.666100000031292, 6449356.821000000461936 ] ] } },
{ "type": "Feature", "properties": { "plot": 7 }, "geometry": { "type": "LineString", "coordinates": [ [ 545820.74899999902118, 6449309.08 ], [ 545821.276100000017323, 6449308.975999999791384 ] ] } },
{ "type": "Feature", "properties": { "plot": 7 }, "geometry": { "type": "LineString", "coordinates": [ [ 545755.383999999030493, 6449362.634999990463257 ], [ 545755.9041000000434, 6449362.497000000439584 ] ] } },
{ "type": "Feature", "properties": { "plot": 7 }, "geometry": { "type": "LineString", "coordinates": [ [ 545782.834000000031665, 6449339.594999990426004 ], [ 545783.222100000013597, 6449339.213000000454485 ] ] } },
{ "type": "Feature", "properties": { "plot": 7 }, "geometry": { "type": "LineString", "coordinates": [ [ 545777.824999999022111, 6449340.007000000216067 ], [ 545777.7511, 6449340.548999999649823 ] ] } },
{ "type": "Feature", "properties": { "plot": 7 }, "geometry": { "type": "LineString", "coordinates": [ [ 545772.636000000056811, 6449372.33899999037385 ], [ 545772.852100000018254, 6449371.832000000402331 ] ] } },
{ "type": "Feature", "properties": { "plot": 7 }, "geometry": { "type": "LineString", "coordinates": [ [ 545783.467999998945743, 6449355.118999989703298 ], [ 545784.019100000034086, 6449355.012000000104308 ] ] } },
{ "type": "Feature", "properties": { "plot": 7 }, "geometry": { "type": "LineString", "coordinates": [ [ 545765.359000000054948, 6449372.160000000149012 ], [ 545765.742100000032224, 6449372.576000000350177 ] ] } },
{ "type": "Feature", "properties": { "plot": 7 }, "geometry": { "type": "LineString", "coordinates": [ [ 545773.079000000027008, 6449374.157999989576638 ], [ 545772.8221, 6449373.645999999716878 ] ] } },
{ "type": "Feature", "properties": { "plot": 7 }, "geometry": { "type": "LineString", "coordinates": [ [ 545801.721999999019317, 6449287.614 ], [ 545802.0721, 6449287.157999999821186 ] ] } },
{ "type": "Feature", "properties": { "plot": 7 }, "geometry": { "type": "LineString", "coordinates": [ [ 545818.555999999050982, 6449310.40500000026077 ], [ 545819.129100000020117, 6449310.309000000357628 ] ] } },
{ "type": "Feature", "properties": { "plot": 7 }, "geometry": { "type": "LineString", "coordinates": [ [ 545772.444000000017695, 6449367.629999989643693 ], [ 545771.99910000001546, 6449368.019000000320375 ] ] } },
{ "type": "Feature", "properties": { "plot": 7 }, "geometry": { "type": "LineString", "coordinates": [ [ 545783.981999999028631, 6449342.935999990440905 ], [ 545784.1901, 6449342.373999999836087 ] ] } },
{ "type": "Feature", "properties": { "plot": 7 }, "geometry": { "type": "LineString", "coordinates": [ [ 545784.418999998946674, 6449359.132000000216067 ], [ 545784.311100000049919, 6449358.542000000365078 ] ] } },
{ "type": "Feature", "properties": { "plot": 7 }, "geometry": { "type": "LineString", "coordinates": [ [ 545788.523000000044703, 6449312.811999989673495 ], [ 545789.12210000003688, 6449312.734000000171363 ] ] } },
{ "type": "Feature", "properties": { "plot": 7 }, "geometry": { "type": "LineString", "coordinates": [ [ 545795.988000000012107, 6449300.523 ], [ 545795.392100000055507, 6449300.412999999709427 ] ] } },
{ "type": "Feature", "properties": { "plot": 7 }, "geometry": { "type": "LineString", "coordinates": [ [ 545776.495, 6449327.410000000149012 ], [ 545775.8811, 6449327.331000000238419 ] ] } },
{ "type": "Feature", "properties": { "plot": 7 }, "geometry": { "type": "LineString", "coordinates": [ [ 545745.501999999047257, 6449352.909 ], [ 545745.505099999951199, 6449352.28899999987334 ] ] } },
{ "type": "Feature", "properties": { "plot": 7 }, "geometry": { "type": "LineString", "coordinates": [ [ 545820.679, 6449315.639000000432134 ], [ 545820.6971, 6449316.267 ] ] } },
{ "type": "Feature", "properties": { "plot": 7 }, "geometry": { "type": "LineString", "coordinates": [ [ 545765.660000000032596, 6449364.818 ], [ 545766.200100000016391, 6449364.480000000447035 ] ] } },
{ "type": "Feature", "properties": { "plot": 7 }, "geometry": { "type": "LineString", "coordinates": [ [ 545810.295999999041669, 6449301.811999989673495 ], [ 545810.303100000019185, 6449302.455 ] ] } },
{ "type": "Feature", "properties": { "plot": 7 }, "geometry": { "type": "LineString", "coordinates": [ [ 545765.577000000048429, 6449326.419999989680946 ], [ 545766.0771, 6449325.997999999672174 ] ] } },
{ "type": "Feature", "properties": { "plot": 7 }, "geometry": { "type": "LineString", "coordinates": [ [ 545801.268999999039806, 6449294.268000000156462 ], [ 545800.619100000010803, 6449294.119 ] ] } },
{ "type": "Feature", "properties": { "plot": 7 }, "geometry": { "type": "LineString", "coordinates": [ [ 545814.954999999026768, 6449303.150999990291893 ], [ 545815.200100000016391, 6449302.513000000268221 ] ] } },
{ "type": "Feature", "properties": { "plot": 7 }, "geometry": { "type": "LineString", "coordinates": [ [ 545790.020000000018626, 6449295.185999990440905 ], [ 545790.003099999972619, 6449294.502000000327826 ] ] } },
{ "type": "Feature", "properties": { "plot": 7 }, "geometry": { "type": "LineString", "coordinates": [ [ 545800.412000000011176, 6449339.031000000424683 ], [ 545800.1411, 6449339.661000000312924 ] ] } },
{ "type": "Feature", "properties": { "plot": 7 }, "geometry": { "type": "LineString", "coordinates": [ [ 545774.098, 6449339.33600000012666 ], [ 545774.4741, 6449338.752000000327826 ] ] } },
{ "type": "Feature", "properties": { "plot": 7 }, "geometry": { "type": "LineString", "coordinates": [ [ 545762.148999999044463, 6449352.882000000216067 ], [ 545762.8421, 6449352.951000000350177 ] ] } },
{ "type": "Feature", "properties": { "plot": 7 }, "geometry": { "type": "LineString", "coordinates": [ [ 545766.13899999903515, 6449360.860000000335276 ], [ 545765.7171, 6449360.299999999813735 ] ] } },
{ "type": "Feature", "properties": { "plot": 7 }, "geometry": { "type": "LineString", "coordinates": [ [ 545754.01300000003539, 6449343.793999990448356 ], [ 545754.711099999956787, 6449343.916000000201166 ] ] } },
{ "type": "Feature", "properties": { "plot": 7 }, "geometry": { "type": "LineString", "coordinates": [ [ 545808.103, 6449325.270999990403652 ], [ 545807.975100000039674, 6449325.973000000230968 ] ] } },
{ "type": "Feature", "properties": { "plot": 7 }, "geometry": { "type": "LineString", "coordinates": [ [ 545785.342999998945743, 6449327.731999989598989 ], [ 545785.840100000030361, 6449327.197999999858439 ] ] } },
{ "type": "Feature", "properties": { "plot": 7 }, "geometry": { "type": "LineString", "coordinates": [ [ 545794.133999999030493, 6449321.33899999037385 ], [ 545793.51410000002943, 6449321.724999999627471 ] ] } },
{ "type": "Feature", "properties": { "plot": 7 }, "geometry": { "type": "LineString", "coordinates": [ [ 545787.113999999011867, 6449307.406000000424683 ], [ 545786.470100000035018, 6449307.059999999590218 ] ] } },
{ "type": "Feature", "properties": { "plot": 7 }, "geometry": { "type": "LineString", "coordinates": [ [ 545766.746000000042841, 6449369.957999990321696 ], [ 545767.319099999964237, 6449369.503999999724329 ] ] } },
{ "type": "Feature", "properties": { "plot": 7 }, "geometry": { "type": "LineString", "coordinates": [ [ 545781.049, 6449339.929999990388751 ], [ 545780.3151, 6449339.872000000439584 ] ] } },
{ "type": "Feature", "properties": { "plot": 7 }, "geometry": { "type": "LineString", "coordinates": [ [ 545773.297999999020249, 6449371.037999990396202 ], [ 545773.5921, 6449371.718000000342727 ] ] } },
{ "type": "Feature", "properties": { "plot": 7 }, "geometry": { "type": "LineString", "coordinates": [ [ 545756.780999999027699, 6449351.001000000163913 ], [ 545757.5011, 6449351.205 ] ] } },
{ "type": "Feature", "properties": { "plot": 7 }, "geometry": { "type": "LineString", "coordinates": [ [ 545799.650000000023283, 6449341.324 ], [ 545800.0651, 6449341.946999999694526 ] ] } },
{ "type": "Feature", "properties": { "plot": 7 }, "geometry": { "type": "LineString", "coordinates": [ [ 545763.207999999052845, 6449373.784 ], [ 545762.460100000025705, 6449373.673999999649823 ] ] } },
{ "type": "Feature", "properties": { "plot": 7 }, "geometry": { "type": "LineString", "coordinates": [ [ 545769.800000000046566, 6449339.659 ], [ 545770.112100000027567, 6449338.963000000454485 ] ] } },
{ "type": "Feature", "properties": { "plot": 7 }, "geometry": { "type": "LineString", "coordinates": [ [ 545770.611000000033528, 6449378.387000000104308 ], [ 545771.101099999970756, 6449378.973000000230968 ] ] } },
{ "type": "Feature", "properties": { "plot": 7 }, "geometry": { "type": "LineString", "coordinates": [ [ 545771.234000000054948, 6449351.258999990299344 ], [ 545771.921100000035949, 6449351.593000000342727 ] ] } },
{ "type": "Feature", "properties": { "plot": 7 }, "geometry": { "type": "LineString", "coordinates": [ [ 545813.31599999894388, 6449303.512000000104308 ], [ 545812.8101, 6449304.08600000012666 ] ] } },
{ "type": "Feature", "properties": { "plot": 7 }, "geometry": { "type": "LineString", "coordinates": [ [ 545788.589999999036081, 6449301.0 ], [ 545788.730100000044331, 6449301.753999999724329 ] ] } },
{ "type": "Feature", "properties": { "plot": 7 }, "geometry": { "type": "LineString", "coordinates": [ [ 545762.751999999047257, 6449342.700000000186265 ], [ 545763.4621, 6449343.003999999724329 ] ] } },
{ "type": "Feature", "properties": { "plot": 7 }, "geometry": { "type": "LineString", "coordinates": [ [ 545828.17000000004191, 6449301.202999990433455 ], [ 545828.539100000052713, 6449300.524000000208616 ] ] } },
{ "type": "Feature", "properties": { "plot": 7 }, "geometry": { "type": "LineString", "coordinates": [ [ 545819.574999999022111, 6449312.997000000439584 ], [ 545819.530099999974482, 6449313.769000000320375 ] ] } },
{ "type": "Feature", "properties": { "plot": 7 }, "geometry": { "type": "LineString", "coordinates": [ [ 545800.572999999043532, 6449324.189000000245869 ], [ 545800.1141, 6449324.812 ] ] } },
{ "type": "Feature", "properties": { "plot": 7 }, "geometry": { "type": "LineString", "coordinates": [ [ 545783.518999999039806, 6449325.161999990232289 ], [ 545783.692099999985658, 6449324.40500000026077 ] ] } },
{ "type": "Feature", "properties": { "plot": 7 }, "geometry": { "type": "LineString", "coordinates": [ [ 545820.939999999012798, 6449313.315000000409782 ], [ 545820.396100000012666, 6449312.759999999776483 ] ] } },
{ "type": "Feature", "properties": { "plot": 7 }, "geometry": { "type": "LineString", "coordinates": [ [ 545765.962000000057742, 6449344.517 ], [ 545766.470100000035018, 6449343.924999999813735 ] ] } },
{ "type": "Feature", "properties": { "plot": 7 }, "geometry": { "type": "LineString", "coordinates": [ [ 545747.675000000046566, 6449353.019000000320375 ], [ 545748.3761, 6449352.667999999597669 ] ] } },
{ "type": "Feature", "properties": { "plot": 7 }, "geometry": { "type": "LineString", "coordinates": [ [ 545793.915999999037012, 6449357.433000000193715 ], [ 545794.5551, 6449356.968000000342727 ] ] } },
{ "type": "Feature", "properties": { "plot": 7 }, "geometry": { "type": "LineString", "coordinates": [ [ 545781.354999999050051, 6449322.508999990299344 ], [ 545781.855100000044331, 6449321.888000000268221 ] ] } },
{ "type": "Feature", "properties": { "plot": 7 }, "geometry": { "type": "LineString", "coordinates": [ [ 545806.90300000004936, 6449320.824 ], [ 545806.080100000021048, 6449320.809999999590218 ] ] } },
{ "type": "Feature", "properties": { "plot": 7 }, "geometry": { "type": "LineString", "coordinates": [ [ 545778.689999999012798, 6449311.673999990336597 ], [ 545777.923100000014529, 6449311.983 ] ] } },
{ "type": "Feature", "properties": { "plot": 7 }, "geometry": { "type": "LineString", "coordinates": [ [ 545805.680999999050982, 6449339.201000000350177 ], [ 545806.4301, 6449338.80599999986589 ] ] } },
{ "type": "Feature", "properties": { "plot": 7 }, "geometry": { "type": "LineString", "coordinates": [ [ 545799.341999999014661, 6449346.640999989584088 ], [ 545799.646100000012666, 6449347.434999999590218 ] ] } },
{ "type": "Feature", "properties": { "plot": 7 }, "geometry": { "type": "LineString", "coordinates": [ [ 545797.846000000019558, 6449287.035000000149012 ], [ 545797.580100000021048, 6449286.213999999687076 ] ] } },
{ "type": "Feature", "properties": { "plot": 7 }, "geometry": { "type": "LineString", "coordinates": [ [ 545759.189000000013039, 6449361.149000000208616 ], [ 545760.037099999957718, 6449360.978000000119209 ] ] } },
{ "type": "Feature", "properties": { "plot": 7 }, "geometry": { "type": "LineString", "coordinates": [ [ 545768.900000000023283, 6449356.686999989673495 ], [ 545769.695100000011735, 6449356.321000000461936 ] ] } },
{ "type": "Feature", "properties": { "plot": 7 }, "geometry": { "type": "LineString", "coordinates": [ [ 545747.491000000038184, 6449342.968000000342727 ], [ 545748.2171, 6449343.474000000394881 ] ] } },
{ "type": "Feature", "properties": { "plot": 7 }, "geometry": { "type": "LineString", "coordinates": [ [ 545775.089999999036081, 6449357.057 ], [ 545775.975100000039674, 6449357.075000000186265 ] ] } },
{ "type": "Feature", "properties": { "plot": 7 }, "geometry": { "type": "LineString", "coordinates": [ [ 545782.90500000002794, 6449318.054999990388751 ], [ 545783.7931, 6449318.072999999858439 ] ] } },
{ "type": "Feature", "properties": { "plot": 7 }, "geometry": { "type": "LineString", "coordinates": [ [ 545778.464999999036081, 6449377.275000000372529 ], [ 545779.2781, 6449377.666000000201166 ] ] } },
{ "type": "Feature", "properties": { "plot": 7 }, "geometry": { "type": "LineString", "coordinates": [ [ 545791.415999999037012, 6449299.587000000290573 ], [ 545791.770099999965169, 6449298.748999999836087 ] ] } },
{ "type": "Feature", "properties": { "plot": 7 }, "geometry": { "type": "LineString", "coordinates": [ [ 545798.910999999032356, 6449349.46100000012666 ], [ 545799.732100000022911, 6449349.854000000283122 ] ] } },
{ "type": "Feature", "properties": { "plot": 7 }, "geometry": { "type": "LineString", "coordinates": [ [ 545783.060000000055879, 6449303.097 ], [ 545783.950100000016391, 6449302.900000000372529 ] ] } },
{ "type": "Feature", "properties": { "plot": 7 }, "geometry": { "type": "LineString", "coordinates": [ [ 545751.518999999039806, 6449349.764999990351498 ], [ 545752.411100000026636, 6449349.576999999582767 ] ] } },
{ "type": "Feature", "properties": { "plot": 7 }, "geometry": { "type": "LineString", "coordinates": [ [ 545763.432999999029562, 6449317.275000000372529 ], [ 545763.246099999989383, 6449318.171 ] ] } },
{ "type": "Feature", "properties": { "plot": 7 }, "geometry": { "type": "LineString", "coordinates": [ [ 545788.613000000012107, 6449358.609000000171363 ], [ 545787.698100000037812, 6449358.479000000283122 ] ] } },
{ "type": "Feature", "properties": { "plot": 7 }, "geometry": { "type": "LineString", "coordinates": [ [ 545778.187999999034218, 6449357.178000000305474 ], [ 545778.911100000026636, 6449356.600999999791384 ] ] } },
{ "type": "Feature", "properties": { "plot": 7 }, "geometry": { "type": "LineString", "coordinates": [ [ 545772.2469999990426, 6449305.199 ], [ 545773.058100000023842, 6449304.753999999724329 ] ] } },
{ "type": "Feature", "properties": { "plot": 7 }, "geometry": { "type": "LineString", "coordinates": [ [ 545798.939999999012798, 6449331.041000000201166 ], [ 545798.245099999941885, 6449330.423999999649823 ] ] } },
{ "type": "Feature", "properties": { "plot": 7 }, "geometry": { "type": "LineString", "coordinates": [ [ 545785.525000000023283, 6449331.981999989598989 ], [ 545786.416100000031292, 6449331.707999999634922 ] ] } },
{ "type": "Feature", "properties": { "plot": 7 }, "geometry": { "type": "LineString", "coordinates": [ [ 545758.106999999028631, 6449327.929999990388751 ], [ 545758.955100000021048, 6449328.332999999634922 ] ] } },
{ "type": "Feature", "properties": { "plot": 7 }, "geometry": { "type": "LineString", "coordinates": [ [ 545790.569999999017455, 6449317.497999990358949 ], [ 545791.428100000019185, 6449317.889000000432134 ] ] } },
{ "type": "Feature", "properties": { "plot": 7 }, "geometry": { "type": "LineString", "coordinates": [ [ 545780.944999999017455, 6449326.810999990440905 ], [ 545780.45409999997355, 6449326.0 ] ] } },
{ "type": "Feature", "properties": { "plot": 7 }, "geometry": { "type": "LineString", "coordinates": [ [ 545773.033999999053776, 6449341.135999989695847 ], [ 545773.965100000030361, 6449341.355000000447035 ] ] } },
{ "type": "Feature", "properties": { "plot": 7 }, "geometry": { "type": "LineString", "coordinates": [ [ 545766.592999998945743, 6449361.617999989539385 ], [ 545767.3641, 6449361.049999999813735 ] ] } },
{ "type": "Feature", "properties": { "plot": 7 }, "geometry": { "type": "LineString", "coordinates": [ [ 545789.946, 6449352.434999990276992 ], [ 545789.7611, 6449351.486999999731779 ] ] } },
{ "type": "Feature", "properties": { "plot": 7 }, "geometry": { "type": "LineString", "coordinates": [ [ 545769.667000000015832, 6449316.0719999903813 ], [ 545770.62210000003688, 6449316.230000000447035 ] ] } },
{ "type": "Feature", "properties": { "plot": 7 }, "geometry": { "type": "LineString", "coordinates": [ [ 545785.895999999018386, 6449340.974999990314245 ], [ 545785.379100000020117, 6449340.156000000424683 ] ] } },
{ "type": "Feature", "properties": { "plot": 7 }, "geometry": { "type": "LineString", "coordinates": [ [ 545805.805999999050982, 6449325.535000000149012 ], [ 545806.746099999989383, 6449325.779 ] ] } },
{ "type": "Feature", "properties": { "plot": 7 }, "geometry": { "type": "LineString", "coordinates": [ [ 545769.978, 6449364.911999990232289 ], [ 545769.899100000038743, 6449363.941999999806285 ] ] } },
{ "type": "Feature", "properties": { "plot": 7 }, "geometry": { "type": "LineString", "coordinates": [ [ 545802.780999999027699, 6449308.361999990418553 ], [ 545803.485100000048988, 6449307.688 ] ] } },
{ "type": "Feature", "properties": { "plot": 7 }, "geometry": { "type": "LineString", "coordinates": [ [ 545812.19099999894388, 6449296.348000000230968 ], [ 545811.9471, 6449295.396999999880791 ] ] } },
{ "type": "Feature", "properties": { "plot": 7 }, "geometry": { "type": "LineString", "coordinates": [ [ 545796.696, 6449333.603000000119209 ], [ 545795.877100000041537, 6449333.059999999590218 ] ] } },
{ "type": "Feature", "properties": { "plot": 7 }, "geometry": { "type": "LineString", "coordinates": [ [ 545803.959999999031425, 6449303.518000000156462 ], [ 545803.0011, 6449303.787999999709427 ] ] } },
{ "type": "Feature", "properties": { "plot": 7 }, "geometry": { "type": "LineString", "coordinates": [ [ 545801.275999999023043, 6449299.347 ], [ 545802.274100000038743, 6449299.455 ] ] } },
{ "type": "Feature", "properties": { "plot": 7 }, "geometry": { "type": "LineString", "coordinates": [ [ 545746.447000000043772, 6449349.120000000111759 ], [ 545745.659100000048056, 6449349.747999999672174 ] ] } },
{ "type": "Feature", "properties": { "plot": 7 }, "geometry": { "type": "LineString", "coordinates": [ [ 545771.38800000003539, 6449337.793999990448356 ], [ 545771.62210000003688, 6449338.775999999605119 ] ] } },
{ "type": "Feature", "properties": { "plot": 7 }, "geometry": { "type": "LineString", "coordinates": [ [ 545791.006999999051914, 6449344.014000000432134 ], [ 545791.977100000018254, 6449344.299999999813735 ] ] } },
{ "type": "Feature", "properties": { "plot": 7 }, "geometry": { "type": "LineString", "coordinates": [ [ 545749.287000000011176, 6449360.343000000342727 ], [ 545750.088100000051782, 6449359.722 ] ] } },
{ "type": "Feature", "properties": { "plot": 7 }, "geometry": { "type": "LineString", "coordinates": [ [ 545784.839000000036322, 6449328.974999990314245 ], [ 545784.445100000011735, 6449329.910000000149012 ] ] } },
{ "type": "Feature", "properties": { "plot": 7 }, "geometry": { "type": "LineString", "coordinates": [ [ 545800.035999999032356, 6449331.990000000223517 ], [ 545800.9791, 6449331.603000000119209 ] ] } },
{ "type": "Feature", "properties": { "plot": 7 }, "geometry": { "type": "LineString", "coordinates": [ [ 545767.949999999022111, 6449343.796 ], [ 545767.4671, 6449344.695000000298023 ] ] } },
{ "type": "Feature", "properties": { "plot": 7 }, "geometry": { "type": "LineString", "coordinates": [ [ 545770.77899999904912, 6449349.963000000454485 ], [ 545769.76410000002943, 6449349.829 ] ] } },
{ "type": "Feature", "properties": { "plot": 7 }, "geometry": { "type": "LineString", "coordinates": [ [ 545798.751000000047497, 6449306.747999990358949 ], [ 545799.4521, 6449306.0 ] ] } },
{ "type": "Feature", "properties": { "plot": 7 }, "geometry": { "type": "LineString", "coordinates": [ [ 545807.332999999052845, 6449306.025999990291893 ], [ 545807.246099999989383, 6449307.048999999649823 ] ] } },
{ "type": "Feature", "properties": { "plot": 7 }, "geometry": { "type": "LineString", "coordinates": [ [ 545783.430999999050982, 6449314.682 ], [ 545782.4041000000434, 6449314.747000000439584 ] ] } },
{ "type": "Feature", "properties": { "plot": 7 }, "geometry": { "type": "LineString", "coordinates": [ [ 545781.336000000010245, 6449335.845999989658594 ], [ 545782.051100000040606, 6449335.09499999973923 ] ] } },
{ "type": "Feature", "properties": { "plot": 7 }, "geometry": { "type": "LineString", "coordinates": [ [ 545789.685999999055639, 6449339.445000000298023 ], [ 545790.3811, 6449338.66399999987334 ] ] } },
{ "type": "Feature", "properties": { "plot": 7 }, "geometry": { "type": "LineString", "coordinates": [ [ 545788.321, 6449363.146999989636242 ], [ 545788.808100000023842, 6449364.072999999858439 ] ] } },
{ "type": "Feature", "properties": { "plot": 7 }, "geometry": { "type": "LineString", "coordinates": [ [ 545779.398000000044703, 6449325.299999989569187 ], [ 545780.2121, 6449325.975999999791384 ] ] } },
{ "type": "Feature", "properties": { "plot": 7 }, "geometry": { "type": "LineString", "coordinates": [ [ 545774.025000000023283, 6449318.066999989561737 ], [ 545775.047099999967031, 6449318.378999999724329 ] ] } },
{ "type": "Feature", "properties": { "plot": 7 }, "geometry": { "type": "LineString", "coordinates": [ [ 545774.979000000050291, 6449358.160000000149012 ], [ 545776.047099999967031, 6449358.361999999731779 ] ] } },
{ "type": "Feature", "properties": { "plot": 7 }, "geometry": { "type": "LineString", "coordinates": [ [ 545766.6219999990426, 6449370.496000000275671 ], [ 545767.710100000025705, 6449370.553000000305474 ] ] } },
{ "type": "Feature", "properties": { "plot": 7 }, "geometry": { "type": "LineString", "coordinates": [ [ 545816.202999999048188, 6449293.769000000320375 ], [ 545817.269100000034086, 6449293.542999999597669 ] ] } },
{ "type": "Feature", "properties": { "plot": 7 }, "geometry": { "type": "LineString", "coordinates": [ [ 545777.128999999025837, 6449301.167000000365078 ], [ 545776.08109999995213, 6449301.479000000283122 ] ] } },
{ "type": "Feature", "properties": { "plot": 7 }, "geometry": { "type": "LineString", "coordinates": [ [ 545785.348, 6449294.951000000350177 ], [ 545786.429099999950267, 6449295.119 ] ] } },
{ "type": "Feature", "properties": { "plot": 7 }, "geometry": { "type": "LineString", "coordinates": [ [ 545779.707999999052845, 6449298.582999990321696 ], [ 545778.6411, 6449298.332000000402331 ] ] } },
{ "type": "Feature", "properties": { "plot": 7 }, "geometry": { "type": "LineString", "coordinates": [ [ 545787.361000000033528, 6449320.878999990411103 ], [ 545788.441100000054576, 6449321.08 ] ] } },
{ "type": "Feature", "properties": { "plot": 7 }, "geometry": { "type": "LineString", "coordinates": [ [ 545773.160000000032596, 6449328.83999998960644 ], [ 545773.875099999946542, 6449329.674999999813735 ] ] } },
{ "type": "Feature", "properties": { "plot": 7 }, "geometry": { "type": "LineString", "coordinates": [ [ 545800.310000000055879, 6449298.486999990418553 ], [ 545799.74910000001546, 6449299.435999999754131 ] ] } },
{ "type": "Feature", "properties": { "plot": 7 }, "geometry": { "type": "LineString", "coordinates": [ [ 545805.2469999990426, 6449296.127000000327826 ], [ 545806.003099999972619, 6449295.309999999590218 ] ] } },
{ "type": "Feature", "properties": { "plot": 7 }, "geometry": { "type": "LineString", "coordinates": [ [ 545818.26199999905657, 6449296.13300000037998 ], [ 545819.355100000044331, 6449296.359000000171363 ] ] } },
{ "type": "Feature", "properties": { "plot": 7 }, "geometry": { "type": "LineString", "coordinates": [ [ 545796.214999999036081, 6449354.773 ], [ 545796.885099999955855, 6449353.875 ] ] } },
{ "type": "Feature", "properties": { "plot": 7 }, "geometry": { "type": "LineString", "coordinates": [ [ 545749.523000000044703, 6449348.423999990336597 ], [ 545748.5921, 6449349.072999999858439 ] ] } },
{ "type": "Feature", "properties": { "plot": 7 }, "geometry": { "type": "LineString", "coordinates": [ [ 545783.859999999054708, 6449321.393000000156462 ], [ 545784.955100000021048, 6449321.08 ] ] } },
{ "type": "Feature", "properties": { "plot": 7 }, "geometry": { "type": "LineString", "coordinates": [ [ 545784.341999999014661, 6449294.702999990433455 ], [ 545785.461099999956787, 6449295.019999999552965 ] ] } },
{ "type": "Feature", "properties": { "plot": 7 }, "geometry": { "type": "LineString", "coordinates": [ [ 545796.471000000019558, 6449326.848000000230968 ], [ 545796.99710000003688, 6449325.808000000193715 ] ] } },
{ "type": "Feature", "properties": { "plot": 7 }, "geometry": { "type": "LineString", "coordinates": [ [ 545753.479000000050291, 6449337.741999990306795 ], [ 545754.503099999972619, 6449337.171 ] ] } },
{ "type": "Feature", "properties": { "plot": 7 }, "geometry": { "type": "LineString", "coordinates": [ [ 545757.052000000025146, 6449367.087000000290573 ], [ 545755.926100000040606, 6449366.752000000327826 ] ] } },
{ "type": "Feature", "properties": { "plot": 7 }, "geometry": { "type": "LineString", "coordinates": [ [ 545749.074000000022352, 6449357.611999990418553 ], [ 545749.567099999985658, 6449356.53899999987334 ] ] } },
{ "type": "Feature", "properties": { "plot": 7 }, "geometry": { "type": "LineString", "coordinates": [ [ 545812.826, 6449305.936999989673495 ], [ 545811.6631, 6449306.150999999605119 ] ] } },
{ "type": "Feature", "properties": { "plot": 7 }, "geometry": { "type": "LineString", "coordinates": [ [ 545788.15500000002794, 6449348.224000000394881 ], [ 545788.9471, 6449347.339999999850988 ] ] } },
{ "type": "Feature", "properties": { "plot": 7 }, "geometry": { "type": "LineString", "coordinates": [ [ 545820.930999999050982, 6449304.399000000208616 ], [ 545821.816100000054576, 6449305.199 ] ] } },
{ "type": "Feature", "properties": { "plot": 7 }, "geometry": { "type": "LineString", "coordinates": [ [ 545803.62, 6449316.798000000417233 ], [ 545802.9131, 6449315.83600000012666 ] ] } },
{ "type": "Feature", "properties": { "plot": 7 }, "geometry": { "type": "LineString", "coordinates": [ [ 545812.527, 6449290.693 ], [ 545811.3321, 6449290.752999999560416 ] ] } },
{ "type": "Feature", "properties": { "plot": 7 }, "geometry": { "type": "LineString", "coordinates": [ [ 545770.172999999020249, 6449335.00800000037998 ], [ 545770.828100000042468, 6449334.006 ] ] } },
{ "type": "Feature", "properties": { "plot": 7 }, "geometry": { "type": "LineString", "coordinates": [ [ 545760.196, 6449365.247999990358949 ], [ 545761.291100000031292, 6449364.759999999776483 ] ] } },
{ "type": "Feature", "properties": { "plot": 7 }, "geometry": { "type": "LineString", "coordinates": [ [ 545777.462999999057502, 6449363.635999989695847 ], [ 545777.9081, 6449362.519000000320375 ] ] } },
{ "type": "Feature", "properties": { "plot": 7 }, "geometry": { "type": "LineString", "coordinates": [ [ 545778.2469999990426, 6449369.092000000178814 ], [ 545778.170099999988452, 6449370.296 ] ] } },
{ "type": "Feature", "properties": { "plot": 7 }, "geometry": { "type": "LineString", "coordinates": [ [ 545798.488999999011867, 6449348.746000000275671 ], [ 545797.884100000024773, 6449347.68099999986589 ] ] } },
{ "type": "Feature", "properties": { "plot": 7 }, "geometry": { "type": "LineString", "coordinates": [ [ 545773.466000000014901, 6449375.203999989666045 ], [ 545774.476099999970756, 6449375.909 ] ] } },
{ "type": "Feature", "properties": { "plot": 7 }, "geometry": { "type": "LineString", "coordinates": [ [ 545765.77899999904912, 6449326.286999990232289 ], [ 545766.923100000014529, 6449326.752999999560416 ] ] } },
{ "type": "Feature", "properties": { "plot": 7 }, "geometry": { "type": "LineString", "coordinates": [ [ 545753.807000000029802, 6449353.378999990411103 ], [ 545755.021100000012666, 6449353.699 ] ] } },
{ "type": "Feature", "properties": { "plot": 7 }, "geometry": { "type": "LineString", "coordinates": [ [ 545798.618999999016523, 6449344.436999989673495 ], [ 545797.392100000055507, 6449344.83 ] ] } },
{ "type": "Feature", "properties": { "plot": 7 }, "geometry": { "type": "LineString", "coordinates": [ [ 545743.180999999050982, 6449357.281999990344048 ], [ 545744.4671, 6449357.40500000026077 ] ] } },
{ "type": "Feature", "properties": { "plot": 7 }, "geometry": { "type": "LineString", "coordinates": [ [ 545773.804, 6449381.379999989643693 ], [ 545773.759100000024773, 6449380.065000000409782 ] ] } },
{ "type": "Feature", "properties": { "plot": 7 }, "geometry": { "type": "LineString", "coordinates": [ [ 545775.109999999054708, 6449348.572999989613891 ], [ 545774.852100000018254, 6449347.281000000424683 ] ] } },
{ "type": "Feature", "properties": { "plot": 7 }, "geometry": { "type": "LineString", "coordinates": [ [ 545749.542999999015592, 6449342.302000000141561 ], [ 545750.796100000035949, 6449341.88300000037998 ] ] } },
{ "type": "Feature", "properties": { "plot": 7 }, "geometry": { "type": "LineString", "coordinates": [ [ 545760.937000000034459, 6449352.899000000208616 ], [ 545760.652099999948405, 6449354.191999999806285 ] ] } },
{ "type": "Feature", "properties": { "plot": 7 }, "geometry": { "type": "LineString", "coordinates": [ [ 545766.26399999903515, 6449376.615000000223517 ], [ 545765.325100000016391, 6449375.661999999545515 ] ] } },
{ "type": "Feature", "properties": { "plot": 7 }, "geometry": { "type": "LineString", "coordinates": [ [ 545773.40399999904912, 6449314.628999990411103 ], [ 545774.732100000022911, 6449314.447999999858439 ] ] } },
{ "type": "Feature", "properties": { "plot": 7 }, "geometry": { "type": "LineString", "coordinates": [ [ 545774.307999999029562, 6449320.075000000186265 ], [ 545775.3371, 6449319.200000000186265 ] ] } },
{ "type": "Feature", "properties": { "plot": 7 }, "geometry": { "type": "LineString", "coordinates": [ [ 545789.231999999028631, 6449330.020999990403652 ], [ 545790.453100000042468, 6449330.627999999560416 ] ] } },
{ "type": "Feature", "properties": { "plot": 7 }, "geometry": { "type": "LineString", "coordinates": [ [ 545787.584000000031665, 6449293.610000000335276 ], [ 545786.437099999981001, 6449292.848000000230968 ] ] } },
{ "type": "Feature", "properties": { "plot": 7 }, "geometry": { "type": "LineString", "coordinates": [ [ 545761.577000000048429, 6449331.75800000037998 ], [ 545762.920099999988452, 6449332.123999999836087 ] ] } },
{ "type": "Feature", "properties": { "plot": 7 }, "geometry": { "type": "LineString", "coordinates": [ [ 545761.128000000026077, 6449322.998999989591539 ], [ 545762.5111, 6449323.208999999798834 ] ] } },
{ "type": "Feature", "properties": { "plot": 7 }, "geometry": { "type": "LineString", "coordinates": [ [ 545752.429, 6449336.065999990329146 ], [ 545753.629100000020117, 6449335.295 ] ] } },
{ "type": "Feature", "properties": { "plot": 7 }, "geometry": { "type": "LineString", "coordinates": [ [ 545751.582000000053085, 6449335.680999989621341 ], [ 545753.035099999979138, 6449335.877999999560416 ] ] } },
{ "type": "Feature", "properties": { "plot": 7 }, "geometry": { "type": "LineString", "coordinates": [ [ 545752.88800000003539, 6449356.701999990269542 ], [ 545754.352100000018254, 6449356.803000000305474 ] ] } },
{ "type": "Feature", "properties": { "plot": 7 }, "geometry": { "type": "LineString", "coordinates": [ [ 545778.535999999032356, 6449368.409 ], [ 545780.003099999972619, 6449368.120000000111759 ] ] } },
{ "type": "Feature", "properties": { "plot": 7 }, "geometry": { "type": "LineString", "coordinates": [ [ 545795.87300000002142, 6449316.21100000012666 ], [ 545797.269100000034086, 6449315.480999999679625 ] ] } },
{ "type": "Feature", "properties": { "plot": 7 }, "geometry": { "type": "LineString", "coordinates": [ [ 545774.734000000054948, 6449378.123999989591539 ], [ 545776.325100000016391, 6449378.014000000432134 ] ] } },
{ "type": "Feature", "properties": { "plot": 7 }, "geometry": { "type": "LineString", "coordinates": [ [ 545754.275999999023043, 6449364.015999989584088 ], [ 545755.725100000039674, 6449364.782999999821186 ] ] } },
{ "type": "Feature", "properties": { "plot": 7 }, "geometry": { "type": "LineString", "coordinates": [ [ 545788.261000000056811, 6449339.810999990440905 ], [ 545787.768099999986589, 6449341.407999999821186 ] ] } },
{ "type": "Feature", "properties": { "plot": 7 }, "geometry": { "type": "LineString", "coordinates": [ [ 545764.572000000043772, 6449323.475999989546835 ], [ 545763.026100000017323, 6449322.837000000290573 ] ] } },
{ "type": "Feature", "properties": { "plot": 7 }, "geometry": { "type": "LineString", "coordinates": [ [ 545822.525999999023043, 6449313.03000000026077 ], [ 545821.524100000038743, 6449311.685999999754131 ] ] } },
{ "type": "Feature", "properties": { "plot": 7 }, "geometry": { "type": "LineString", "coordinates": [ [ 545785.25, 6449373.310999990440905 ], [ 545784.994100000010803, 6449371.650000000372529 ] ] } },
{ "type": "Feature", "properties": { "plot": 7 }, "geometry": { "type": "LineString", "coordinates": [ [ 545779.157, 6449381.742999989539385 ], [ 545778.8811, 6449380.07799999974668 ] ] } },
{ "type": "Feature", "properties": { "plot": 7 }, "geometry": { "type": "LineString", "coordinates": [ [ 545790.488999999011867, 6449308.650000000372529 ], [ 545791.7391, 6449307.468000000342727 ] ] } },
{ "type": "Feature", "properties": { "plot": 7 }, "geometry": { "type": "LineString", "coordinates": [ [ 545758.049, 6449371.061999989673495 ], [ 545759.010099999955855, 6449369.63399999961257 ] ] } },
{ "type": "Feature", "properties": { "plot": 7 }, "geometry": { "type": "LineString", "coordinates": [ [ 545782.540000000037253, 6449294.373999989591539 ], [ 545781.448100000037812, 6449293.014999999664724 ] ] } },
{ "type": "Feature", "properties": { "plot": 7 }, "geometry": { "type": "LineString", "coordinates": [ [ 545776.677000000025146, 6449349.581000000238419 ], [ 545778.419100000057369, 6449349.293999999761581 ] ] } },
{ "type": "Feature", "properties": { "plot": 7 }, "geometry": { "type": "LineString", "coordinates": [ [ 545757.726000000024214, 6449367.973000000230968 ], [ 545759.1801, 6449366.855999999679625 ] ] } },
{ "type": "Feature", "properties": { "plot": 7 }, "geometry": { "type": "LineString", "coordinates": [ [ 545788.457000000053085, 6449356.248999989591539 ], [ 545789.915099999983795, 6449355.065999999642372 ] ] } },
{ "type": "Feature", "properties": { "plot": 7 }, "geometry": { "type": "LineString", "coordinates": [ [ 545811.160999999032356, 6449314.258999990299344 ], [ 545813.119100000010803, 6449314.003999999724329 ] ] } },
{ "type": "Feature", "properties": { "plot": 7 }, "geometry": { "type": "LineString", "coordinates": [ [ 545791.63, 6449336.059999990276992 ], [ 545790.720100000035018, 6449334.256 ] ] } },
{ "type": "Feature", "properties": { "plot": 7 }, "geometry": { "type": "LineString", "coordinates": [ [ 545802.427000000025146, 6449318.326999990269542 ], [ 545801.026100000017323, 6449316.864 ] ] } },
{ "type": "Feature", "properties": { "plot": 7 }, "geometry": { "type": "LineString", "coordinates": [ [ 545805.966000000014901, 6449288.165 ], [ 545804.093100000056438, 6449289.389000000432134 ] ] } },
{ "type": "Feature", "properties": { "plot": 7 }, "geometry": { "type": "LineString", "coordinates": [ [ 545797.354999999050051, 6449291.769000000320375 ], [ 545798.961099999956787, 6449290.190000000409782 ] ] } },
{ "type": "Feature", "properties": { "plot": 7 }, "geometry": { "type": "LineString", "coordinates": [ [ 545775.743000000016764, 6449322.054999990388751 ], [ 545777.9671, 6449322.446000000461936 ] ] } },
{ "type": "Feature", "properties": { "plot": 7 }, "geometry": { "type": "LineString", "coordinates": [ [ 545771.935999999055639, 6449330.799999989569187 ], [ 545772.857100000022911, 6449328.684000000357628 ] ] } },
{ "type": "Feature", "properties": { "plot": 7 }, "geometry": { "type": "LineString", "coordinates": [ [ 545756.674, 6449332.110000000335276 ], [ 545754.732100000022911, 6449330.832999999634922 ] ] } },
{ "type": "Feature", "properties": { "plot": 7 }, "geometry": { "type": "LineString", "coordinates": [ [ 545811.935999999055639, 6449327.131 ], [ 545809.9401, 6449328.92200000025332 ] ] } },
{ "type": "Feature", "properties": { "plot": 7 }, "geometry": { "type": "LineString", "coordinates": [ [ 545803.598, 6449327.048999990336597 ], [ 545800.791100000031292, 6449326.00899999961257 ] ] } },
{ "type": "Feature", "properties": { "plot": 8 }, "geometry": { "type": "LineString", "coordinates": [ [ 545747.243999999016523, 6449113.377000000327826 ], [ 545747.281100000021979, 6449113.367999999783933 ] ] } },
{ "type": "Feature", "properties": { "plot": 8 }, "geometry": { "type": "LineString", "coordinates": [ [ 545777.094999999040738, 6449061.907999989576638 ], [ 545777.159100000048056, 6449061.88300000037998 ] ] } },
{ "type": "Feature", "properties": { "plot": 8 }, "geometry": { "type": "LineString", "coordinates": [ [ 545769.768000000040047, 6449093.967000000178814 ], [ 545769.744100000010803, 6449093.900000000372529 ] ] } },
{ "type": "Feature", "properties": { "plot": 8 }, "geometry": { "type": "LineString", "coordinates": [ [ 545745.331, 6449117.343999990262091 ], [ 545745.3811, 6449117.285000000149012 ] ] } },
{ "type": "Feature", "properties": { "plot": 8 }, "geometry": { "type": "LineString", "coordinates": [ [ 545786.069999999017455, 6449063.860000000335276 ], [ 545786.119100000010803, 6449063.927000000141561 ] ] } },
{ "type": "Feature", "properties": { "plot": 8 }, "geometry": { "type": "LineString", "coordinates": [ [ 545749.447999999043532, 6449095.990000000223517 ], [ 545749.431100000045262, 6449095.877999999560416 ] ] } },
{ "type": "Feature", "properties": { "plot": 8 }, "geometry": { "type": "LineString", "coordinates": [ [ 545746.285999999032356, 6449052.40500000026077 ], [ 545746.170099999988452, 6449052.384999999776483 ] ] } },
{ "type": "Feature", "properties": { "plot": 8 }, "geometry": { "type": "LineString", "coordinates": [ [ 545757.841000000014901, 6449117.661000000312924 ], [ 545757.927099999971688, 6449117.548000000417233 ] ] } },
{ "type": "Feature", "properties": { "plot": 8 }, "geometry": { "type": "LineString", "coordinates": [ [ 545753.682000000029802, 6449074.332000000402331 ], [ 545753.541100000031292, 6449074.350999999791384 ] ] } },
{ "type": "Feature", "properties": { "plot": 8 }, "geometry": { "type": "LineString", "coordinates": [ [ 545734.927999999024905, 6449077.109000000171363 ], [ 545735.041100000031292, 6449077.200000000186265 ] ] } },
{ "type": "Feature", "properties": { "plot": 8 }, "geometry": { "type": "LineString", "coordinates": [ [ 545759.456, 6449038.109000000171363 ], [ 545759.392100000055507, 6449037.974000000394881 ] ] } },
{ "type": "Feature", "properties": { "plot": 8 }, "geometry": { "type": "LineString", "coordinates": [ [ 545737.082000000053085, 6449079.884999990463257 ], [ 545736.943100000033155, 6449079.826000000350177 ] ] } },
{ "type": "Feature", "properties": { "plot": 8 }, "geometry": { "type": "LineString", "coordinates": [ [ 545758.547000000020489, 6449076.906999990344048 ], [ 545758.6971, 6449076.865000000223517 ] ] } },
{ "type": "Feature", "properties": { "plot": 8 }, "geometry": { "type": "LineString", "coordinates": [ [ 545720.824000000022352, 6449111.514000000432134 ], [ 545720.752100000041537, 6449111.662999999709427 ] ] } },
{ "type": "Feature", "properties": { "plot": 8 }, "geometry": { "type": "LineString", "coordinates": [ [ 545790.464999999036081, 6449049.064000000245869 ], [ 545790.3591, 6449049.213000000454485 ] ] } },
{ "type": "Feature", "properties": { "plot": 8 }, "geometry": { "type": "LineString", "coordinates": [ [ 545763.726999999023974, 6449087.728000000119209 ], [ 545763.5431, 6449087.689000000245869 ] ] } },
{ "type": "Feature", "properties": { "plot": 8 }, "geometry": { "type": "LineString", "coordinates": [ [ 545760.51300000003539, 6449116.893000000156462 ], [ 545760.585100000025705, 6449116.708999999798834 ] ] } },
{ "type": "Feature", "properties": { "plot": 8 }, "geometry": { "type": "LineString", "coordinates": [ [ 545769.665000000037253, 6449076.072999989613891 ], [ 545769.5601, 6449075.895999999716878 ] ] } },
{ "type": "Feature", "properties": { "plot": 8 }, "geometry": { "type": "LineString", "coordinates": [ [ 545751.297000000020489, 6449043.582000000402331 ], [ 545751.2611, 6449043.372999999672174 ] ] } },
{ "type": "Feature", "properties": { "plot": 8 }, "geometry": { "type": "LineString", "coordinates": [ [ 545757.297999999020249, 6449076.044999989680946 ], [ 545757.494100000010803, 6449075.956000000238419 ] ] } },
{ "type": "Feature", "properties": { "plot": 8 }, "geometry": { "type": "LineString", "coordinates": [ [ 545754.488000000012107, 6449068.478000000119209 ], [ 545754.49710000003688, 6449068.696000000461936 ] ] } },
{ "type": "Feature", "properties": { "plot": 8 }, "geometry": { "type": "LineString", "coordinates": [ [ 545750.165999999037012, 6449074.79 ], [ 545750.382100000046194, 6449074.736999999731779 ] ] } },
{ "type": "Feature", "properties": { "plot": 8 }, "geometry": { "type": "LineString", "coordinates": [ [ 545786.88699999905657, 6449061.310999990440905 ], [ 545787.063100000028498, 6449061.157999999821186 ] ] } },
{ "type": "Feature", "properties": { "plot": 8 }, "geometry": { "type": "LineString", "coordinates": [ [ 545755.452000000048429, 6449125.145999990403652 ], [ 545755.244100000010803, 6449125.00899999961257 ] ] } },
{ "type": "Feature", "properties": { "plot": 8 }, "geometry": { "type": "LineString", "coordinates": [ [ 545745.060000000055879, 6449122.064000000245869 ], [ 545745.313100000028498, 6449122.105000000447035 ] ] } },
{ "type": "Feature", "properties": { "plot": 8 }, "geometry": { "type": "LineString", "coordinates": [ [ 545727.729000000050291, 6449115.588000000454485 ], [ 545727.955100000021048, 6449115.723000000230968 ] ] } },
{ "type": "Feature", "properties": { "plot": 8 }, "geometry": { "type": "LineString", "coordinates": [ [ 545771.24899999902118, 6449096.365000000223517 ], [ 545771.0431, 6449096.531000000424683 ] ] } },
{ "type": "Feature", "properties": { "plot": 8 }, "geometry": { "type": "LineString", "coordinates": [ [ 545762.736000000033528, 6449040.769999990239739 ], [ 545762.772099999943748, 6449040.506 ] ] } },
{ "type": "Feature", "properties": { "plot": 8 }, "geometry": { "type": "LineString", "coordinates": [ [ 545737.842999998945743, 6449099.487999989651144 ], [ 545737.789100000052713, 6449099.225999999791384 ] ] } },
{ "type": "Feature", "properties": { "plot": 8 }, "geometry": { "type": "LineString", "coordinates": [ [ 545779.272, 6449082.293999990448356 ], [ 545779.343100000056438, 6449082.036000000312924 ] ] } },
{ "type": "Feature", "properties": { "plot": 8 }, "geometry": { "type": "LineString", "coordinates": [ [ 545763.082999999052845, 6449066.775999990291893 ], [ 545763.205100000021048, 6449066.502999999560416 ] ] } },
{ "type": "Feature", "properties": { "plot": 8 }, "geometry": { "type": "LineString", "coordinates": [ [ 545766.150000000023283, 6449049.792000000365078 ], [ 545766.3101, 6449049.536000000312924 ] ] } },
{ "type": "Feature", "properties": { "plot": 8 }, "geometry": { "type": "LineString", "coordinates": [ [ 545756.253000000026077, 6449122.087000000290573 ], [ 545755.9521, 6449122.117999999783933 ] ] } },
{ "type": "Feature", "properties": { "plot": 8 }, "geometry": { "type": "LineString", "coordinates": [ [ 545758.614999998942949, 6449064.379999989643693 ], [ 545758.8321, 6449064.16399999987334 ] ] } },
{ "type": "Feature", "properties": { "plot": 8 }, "geometry": { "type": "LineString", "coordinates": [ [ 545765.90500000002794, 6449038.166000000201166 ], [ 545765.600100000039674, 6449038.121000000275671 ] ] } },
{ "type": "Feature", "properties": { "plot": 8 }, "geometry": { "type": "LineString", "coordinates": [ [ 545752.072999999043532, 6449041.685999990440905 ], [ 545752.098099999944679, 6449041.377999999560416 ] ] } },
{ "type": "Feature", "properties": { "plot": 8 }, "geometry": { "type": "LineString", "coordinates": [ [ 545736.922999999020249, 6449076.742999989539385 ], [ 545736.801100000040606, 6449076.446999999694526 ] ] } },
{ "type": "Feature", "properties": { "plot": 8 }, "geometry": { "type": "LineString", "coordinates": [ [ 545741.094000000040978, 6449078.129999989643693 ], [ 545741.089099999982864, 6449077.803000000305474 ] ] } },
{ "type": "Feature", "properties": { "plot": 8 }, "geometry": { "type": "LineString", "coordinates": [ [ 545758.476000000024214, 6449092.125 ], [ 545758.7291, 6449091.906999999657273 ] ] } },
{ "type": "Feature", "properties": { "plot": 8 }, "geometry": { "type": "LineString", "coordinates": [ [ 545774.342999998945743, 6449039.091 ], [ 545774.097100000013597, 6449038.859000000171363 ] ] } },
{ "type": "Feature", "properties": { "plot": 8 }, "geometry": { "type": "LineString", "coordinates": [ [ 545765.674, 6449040.566999989561737 ], [ 545765.34409999998752, 6449040.467000000178814 ] ] } },
{ "type": "Feature", "properties": { "plot": 8 }, "geometry": { "type": "LineString", "coordinates": [ [ 545758.508000000030734, 6449029.542000000365078 ], [ 545758.380099999951199, 6449029.218999999575317 ] ] } },
{ "type": "Feature", "properties": { "plot": 8 }, "geometry": { "type": "LineString", "coordinates": [ [ 545772.824999999022111, 6449097.163999989628792 ], [ 545772.494100000010803, 6449097.054999999701977 ] ] } },
{ "type": "Feature", "properties": { "plot": 8 }, "geometry": { "type": "LineString", "coordinates": [ [ 545758.515999999013729, 6449060.076999990269542 ], [ 545758.166100000031292, 6449060.002999999560416 ] ] } },
{ "type": "Feature", "properties": { "plot": 8 }, "geometry": { "type": "LineString", "coordinates": [ [ 545754.589999999036081, 6449128.256 ], [ 545754.241099999984726, 6449128.335 ] ] } },
{ "type": "Feature", "properties": { "plot": 8 }, "geometry": { "type": "LineString", "coordinates": [ [ 545753.647, 6449107.678000000305474 ], [ 545753.928100000019185, 6449107.456000000238419 ] ] } },
{ "type": "Feature", "properties": { "plot": 8 }, "geometry": { "type": "LineString", "coordinates": [ [ 545749.234999999054708, 6449057.792999990284443 ], [ 545749.340100000030361, 6449058.139000000432134 ] ] } },
{ "type": "Feature", "properties": { "plot": 8 }, "geometry": { "type": "LineString", "coordinates": [ [ 545775.890999999013729, 6449065.548999990336597 ], [ 545776.121099999989383, 6449065.82799999974668 ] ] } },
{ "type": "Feature", "properties": { "plot": 8 }, "geometry": { "type": "LineString", "coordinates": [ [ 545737.236000000033528, 6449101.676 ], [ 545737.5991, 6449101.671 ] ] } },
{ "type": "Feature", "properties": { "plot": 8 }, "geometry": { "type": "LineString", "coordinates": [ [ 545773.136000000056811, 6449068.06900000013411 ], [ 545773.097100000013597, 6449067.706000000238419 ] ] } },
{ "type": "Feature", "properties": { "plot": 8 }, "geometry": { "type": "LineString", "coordinates": [ [ 545771.88, 6449095.871000000275671 ], [ 545772.107100000022911, 6449096.160000000149012 ] ] } },
{ "type": "Feature", "properties": { "plot": 8 }, "geometry": { "type": "LineString", "coordinates": [ [ 545782.957000000053085, 6449078.730000000447035 ], [ 545783.254100000020117, 6449078.957000000402331 ] ] } },
{ "type": "Feature", "properties": { "plot": 8 }, "geometry": { "type": "LineString", "coordinates": [ [ 545751.603, 6449045.375 ], [ 545751.737100000027567, 6449045.023 ] ] } },
{ "type": "Feature", "properties": { "plot": 8 }, "geometry": { "type": "LineString", "coordinates": [ [ 545751.199999999022111, 6449119.571000000461936 ], [ 545750.933100000023842, 6449119.292999999597669 ] ] } },
{ "type": "Feature", "properties": { "plot": 8 }, "geometry": { "type": "LineString", "coordinates": [ [ 545773.312000000034459, 6449063.536999990232289 ], [ 545772.942099999985658, 6449063.417999999597669 ] ] } },
{ "type": "Feature", "properties": { "plot": 8 }, "geometry": { "type": "LineString", "coordinates": [ [ 545745.87, 6449120.185999990440905 ], [ 545746.26210000005085, 6449120.234000000171363 ] ] } },
{ "type": "Feature", "properties": { "plot": 8 }, "geometry": { "type": "LineString", "coordinates": [ [ 545763.251999999047257, 6449077.606999989598989 ], [ 545762.9671, 6449077.331000000238419 ] ] } },
{ "type": "Feature", "properties": { "plot": 8 }, "geometry": { "type": "LineString", "coordinates": [ [ 545769.327999999048188, 6449070.83600000012666 ], [ 545769.328100000042468, 6449070.433000000193715 ] ] } },
{ "type": "Feature", "properties": { "plot": 8 }, "geometry": { "type": "LineString", "coordinates": [ [ 545770.731999999028631, 6449053.99100000038743 ], [ 545770.319099999964237, 6449053.937 ] ] } },
{ "type": "Feature", "properties": { "plot": 8 }, "geometry": { "type": "LineString", "coordinates": [ [ 545760.856999999028631, 6449050.818 ], [ 545760.527099999948405, 6449051.07799999974668 ] ] } },
{ "type": "Feature", "properties": { "plot": 8 }, "geometry": { "type": "LineString", "coordinates": [ [ 545739.628999999025837, 6449085.267 ], [ 545739.919100000057369, 6449084.962000000290573 ] ] } },
{ "type": "Feature", "properties": { "plot": 8 }, "geometry": { "type": "LineString", "coordinates": [ [ 545724.932999999029562, 6449090.110000000335276 ], [ 545724.84409999998752, 6449090.526999999769032 ] ] } },
{ "type": "Feature", "properties": { "plot": 8 }, "geometry": { "type": "LineString", "coordinates": [ [ 545732.603, 6449079.335 ], [ 545732.606099999975413, 6449078.90500000026077 ] ] } },
{ "type": "Feature", "properties": { "plot": 8 }, "geometry": { "type": "LineString", "coordinates": [ [ 545742.236000000033528, 6449058.019000000320375 ], [ 545742.103099999949336, 6449057.610000000335276 ] ] } },
{ "type": "Feature", "properties": { "plot": 8 }, "geometry": { "type": "LineString", "coordinates": [ [ 545784.451, 6449073.058000000193715 ], [ 545784.769100000034086, 6449073.349000000394881 ] ] } },
{ "type": "Feature", "properties": { "plot": 8 }, "geometry": { "type": "LineString", "coordinates": [ [ 545741.851999999023974, 6449060.092000000178814 ], [ 545741.427099999971688, 6449059.973000000230968 ] ] } },
{ "type": "Feature", "properties": { "plot": 8 }, "geometry": { "type": "LineString", "coordinates": [ [ 545764.966999999014661, 6449057.985000000335276 ], [ 545765.3761, 6449057.815000000409782 ] ] } },
{ "type": "Feature", "properties": { "plot": 8 }, "geometry": { "type": "LineString", "coordinates": [ [ 545769.966000000014901, 6449080.730999990366399 ], [ 545770.228099999949336, 6449080.36600000038743 ] ] } },
{ "type": "Feature", "properties": { "plot": 8 }, "geometry": { "type": "LineString", "coordinates": [ [ 545783.675999999046326, 6449064.985999990254641 ], [ 545783.619100000010803, 6449064.54 ] ] } },
{ "type": "Feature", "properties": { "plot": 8 }, "geometry": { "type": "LineString", "coordinates": [ [ 545765.733, 6449031.745000000111759 ], [ 545766.034100000048056, 6449031.404 ] ] } },
{ "type": "Feature", "properties": { "plot": 8 }, "geometry": { "type": "LineString", "coordinates": [ [ 545788.538999998942018, 6449056.128999990411103 ], [ 545788.960100000025705, 6449055.940000000409782 ] ] } },
{ "type": "Feature", "properties": { "plot": 8 }, "geometry": { "type": "LineString", "coordinates": [ [ 545740.451, 6449086.917999990284443 ], [ 545740.2561, 6449087.338000000454485 ] ] } },
{ "type": "Feature", "properties": { "plot": 8 }, "geometry": { "type": "LineString", "coordinates": [ [ 545765.226000000024214, 6449070.729000000283122 ], [ 545764.754100000020117, 6449070.697999999858439 ] ] } },
{ "type": "Feature", "properties": { "plot": 8 }, "geometry": { "type": "LineString", "coordinates": [ [ 545737.591999999014661, 6449124.288999989628792 ], [ 545738.068100000033155, 6449124.308000000193715 ] ] } },
{ "type": "Feature", "properties": { "plot": 8 }, "geometry": { "type": "LineString", "coordinates": [ [ 545753.38, 6449058.487999989651144 ], [ 545753.852100000018254, 6449058.398 ] ] } },
{ "type": "Feature", "properties": { "plot": 8 }, "geometry": { "type": "LineString", "coordinates": [ [ 545762.49899999902118, 6449100.565000000409782 ], [ 545762.116099999984726, 6449100.273 ] ] } },
{ "type": "Feature", "properties": { "plot": 8 }, "geometry": { "type": "LineString", "coordinates": [ [ 545776.685999999055639, 6449058.627000000327826 ], [ 545776.740100000053644, 6449058.148 ] ] } },
{ "type": "Feature", "properties": { "plot": 8 }, "geometry": { "type": "LineString", "coordinates": [ [ 545744.452999999048188, 6449058.831000000238419 ], [ 545744.192099999985658, 6449059.239 ] ] } },
{ "type": "Feature", "properties": { "plot": 8 }, "geometry": { "type": "LineString", "coordinates": [ [ 545779.035000000032596, 6449047.28000000026077 ], [ 545779.535099999979138, 6449047.285000000149012 ] ] } },
{ "type": "Feature", "properties": { "plot": 8 }, "geometry": { "type": "LineString", "coordinates": [ [ 545761.766999998944812, 6449063.775000000372529 ], [ 545761.477100000018254, 6449063.360999999567866 ] ] } },
{ "type": "Feature", "properties": { "plot": 8 }, "geometry": { "type": "LineString", "coordinates": [ [ 545761.734999999054708, 6449113.75299999024719 ], [ 545761.742100000032224, 6449113.247000000439584 ] ] } },
{ "type": "Feature", "properties": { "plot": 8 }, "geometry": { "type": "LineString", "coordinates": [ [ 545788.861999999033287, 6449053.149000000208616 ], [ 545788.392100000055507, 6449053.339999999850988 ] ] } },
{ "type": "Feature", "properties": { "plot": 8 }, "geometry": { "type": "LineString", "coordinates": [ [ 545724.155999999027699, 6449113.279 ], [ 545724.630099999951199, 6449113.484000000171363 ] ] } },
{ "type": "Feature", "properties": { "plot": 8 }, "geometry": { "type": "LineString", "coordinates": [ [ 545766.020000000018626, 6449093.081000000238419 ], [ 545765.568100000033155, 6449093.347 ] ] } },
{ "type": "Feature", "properties": { "plot": 8 }, "geometry": { "type": "LineString", "coordinates": [ [ 545741.258999999030493, 6449113.205 ], [ 545741.610100000048988, 6449112.814000000245869 ] ] } },
{ "type": "Feature", "properties": { "plot": 8 }, "geometry": { "type": "LineString", "coordinates": [ [ 545761.150000000023283, 6449054.484000000171363 ], [ 545761.307099999976344, 6449053.978000000119209 ] ] } },
{ "type": "Feature", "properties": { "plot": 8 }, "geometry": { "type": "LineString", "coordinates": [ [ 545740.253000000026077, 6449077.311999989673495 ], [ 545739.879100000020117, 6449077.700000000186265 ] ] } },
{ "type": "Feature", "properties": { "plot": 8 }, "geometry": { "type": "LineString", "coordinates": [ [ 545732.63800000003539, 6449100.5 ], [ 545732.252100000041537, 6449100.122999999672174 ] ] } },
{ "type": "Feature", "properties": { "plot": 8 }, "geometry": { "type": "LineString", "coordinates": [ [ 545785.397, 6449050.940999990329146 ], [ 545785.7511, 6449050.529 ] ] } },
{ "type": "Feature", "properties": { "plot": 8 }, "geometry": { "type": "LineString", "coordinates": [ [ 545748.19099999894388, 6449080.434999990276992 ], [ 545747.975100000039674, 6449079.916000000201166 ] ] } },
{ "type": "Feature", "properties": { "plot": 8 }, "geometry": { "type": "LineString", "coordinates": [ [ 545730.047000000020489, 6449084.957000000402331 ], [ 545729.545099999988452, 6449084.701000000350177 ] ] } },
{ "type": "Feature", "properties": { "plot": 8 }, "geometry": { "type": "LineString", "coordinates": [ [ 545762.810999999055639, 6449096.344999990426004 ], [ 545762.666100000031292, 6449095.799999999813735 ] ] } },
{ "type": "Feature", "properties": { "plot": 8 }, "geometry": { "type": "LineString", "coordinates": [ [ 545741.721000000019558, 6449093.093000000342727 ], [ 545741.49710000003688, 6449092.568 ] ] } },
{ "type": "Feature", "properties": { "plot": 8 }, "geometry": { "type": "LineString", "coordinates": [ [ 545735.721999999019317, 6449085.526999990455806 ], [ 545735.37210000003688, 6449085.06900000013411 ] ] } },
{ "type": "Feature", "properties": { "plot": 8 }, "geometry": { "type": "LineString", "coordinates": [ [ 545762.587000000057742, 6449035.764000000432134 ], [ 545762.731099999975413, 6449035.199 ] ] } },
{ "type": "Feature", "properties": { "plot": 8 }, "geometry": { "type": "LineString", "coordinates": [ [ 545768.37399999902118, 6449046.102 ], [ 545767.948100000037812, 6449045.70299999974668 ] ] } },
{ "type": "Feature", "properties": { "plot": 8 }, "geometry": { "type": "LineString", "coordinates": [ [ 545745.339000000036322, 6449080.650999990291893 ], [ 545745.058100000023842, 6449080.138000000268221 ] ] } },
{ "type": "Feature", "properties": { "plot": 8 }, "geometry": { "type": "LineString", "coordinates": [ [ 545767.172999999020249, 6449043.268000000156462 ], [ 545766.899100000038743, 6449043.791000000201166 ] ] } },
{ "type": "Feature", "properties": { "plot": 8 }, "geometry": { "type": "LineString", "coordinates": [ [ 545748.52899999904912, 6449084.930999989621341 ], [ 545749.002100000041537, 6449084.56900000013411 ] ] } },
{ "type": "Feature", "properties": { "plot": 8 }, "geometry": { "type": "LineString", "coordinates": [ [ 545776.229999999050051, 6449054.070000000298023 ], [ 545775.7021, 6449053.786000000312924 ] ] } },
{ "type": "Feature", "properties": { "plot": 8 }, "geometry": { "type": "LineString", "coordinates": [ [ 545755.035999999032356, 6449045.128999990411103 ], [ 545754.7021, 6449044.622000000439584 ] ] } },
{ "type": "Feature", "properties": { "plot": 8 }, "geometry": { "type": "LineString", "coordinates": [ [ 545731.576, 6449112.514999990351498 ], [ 545732.1541000000434, 6449112.716 ] ] } },
{ "type": "Feature", "properties": { "plot": 8 }, "geometry": { "type": "LineString", "coordinates": [ [ 545755.074999999022111, 6449088.640999989584088 ], [ 545755.259100000024773, 6449089.233 ] ] } },
{ "type": "Feature", "properties": { "plot": 8 }, "geometry": { "type": "LineString", "coordinates": [ [ 545746.201, 6449066.348000000230968 ], [ 545745.8001, 6449065.872000000439584 ] ] } },
{ "type": "Feature", "properties": { "plot": 8 }, "geometry": { "type": "LineString", "coordinates": [ [ 545761.756000000052154, 6449106.150999990291893 ], [ 545761.222100000013597, 6449105.799999999813735 ] ] } },
{ "type": "Feature", "properties": { "plot": 8 }, "geometry": { "type": "LineString", "coordinates": [ [ 545762.812000000034459, 6449032.399000000208616 ], [ 545762.732100000022911, 6449031.762000000104308 ] ] } },
{ "type": "Feature", "properties": { "plot": 8 }, "geometry": { "type": "LineString", "coordinates": [ [ 545729.594000000040978, 6449089.588000000454485 ], [ 545729.9621, 6449090.115000000223517 ] ] } },
{ "type": "Feature", "properties": { "plot": 8 }, "geometry": { "type": "LineString", "coordinates": [ [ 545736.356000000028871, 6449103.884999990463257 ], [ 545736.289100000052713, 6449103.239 ] ] } },
{ "type": "Feature", "properties": { "plot": 8 }, "geometry": { "type": "LineString", "coordinates": [ [ 545728.300000000046566, 6449105.686999989673495 ], [ 545727.698100000037812, 6449105.957999999634922 ] ] } },
{ "type": "Feature", "properties": { "plot": 8 }, "geometry": { "type": "LineString", "coordinates": [ [ 545774.905999999027699, 6449087.457000000402331 ], [ 545775.324099999968894, 6449086.939000000245869 ] ] } },
{ "type": "Feature", "properties": { "plot": 8 }, "geometry": { "type": "LineString", "coordinates": [ [ 545769.400999999023043, 6449087.724000000394881 ], [ 545769.8421, 6449088.223000000230968 ] ] } },
{ "type": "Feature", "properties": { "plot": 8 }, "geometry": { "type": "LineString", "coordinates": [ [ 545766.197000000043772, 6449095.723000000230968 ], [ 545765.928100000019185, 6449095.104000000283122 ] ] } },
{ "type": "Feature", "properties": { "plot": 8 }, "geometry": { "type": "LineString", "coordinates": [ [ 545763.973, 6449030.917999990284443 ], [ 545764.644100000034086, 6449030.84499999973923 ] ] } },
{ "type": "Feature", "properties": { "plot": 8 }, "geometry": { "type": "LineString", "coordinates": [ [ 545755.207999999052845, 6449095.433000000193715 ], [ 545754.806100000045262, 6449095.990000000223517 ] ] } },
{ "type": "Feature", "properties": { "plot": 8 }, "geometry": { "type": "LineString", "coordinates": [ [ 545733.464999999036081, 6449092.058000000193715 ], [ 545734.09409999998752, 6449091.75 ] ] } },
{ "type": "Feature", "properties": { "plot": 8 }, "geometry": { "type": "LineString", "coordinates": [ [ 545736.665000000037253, 6449067.318 ], [ 545736.8371, 6449066.639000000432134 ] ] } },
{ "type": "Feature", "properties": { "plot": 8 }, "geometry": { "type": "LineString", "coordinates": [ [ 545775.055000000051223, 6449072.031000000424683 ], [ 545774.672099999967031, 6449071.438 ] ] } },
{ "type": "Feature", "properties": { "plot": 8 }, "geometry": { "type": "LineString", "coordinates": [ [ 545721.346999999019317, 6449122.50800000037998 ], [ 545721.634100000024773, 6449121.862999999895692 ] ] } },
{ "type": "Feature", "properties": { "plot": 8 }, "geometry": { "type": "LineString", "coordinates": [ [ 545754.670999999041669, 6449033.992999989539385 ], [ 545753.970100000035018, 6449034.100999999791384 ] ] } },
{ "type": "Feature", "properties": { "plot": 8 }, "geometry": { "type": "LineString", "coordinates": [ [ 545763.751999999047257, 6449106.478000000119209 ], [ 545763.0651, 6449106.690000000409782 ] ] } },
{ "type": "Feature", "properties": { "plot": 8 }, "geometry": { "type": "LineString", "coordinates": [ [ 545752.381999999051914, 6449064.311999989673495 ], [ 545752.955100000021048, 6449063.860000000335276 ] ] } },
{ "type": "Feature", "properties": { "plot": 8 }, "geometry": { "type": "LineString", "coordinates": [ [ 545758.233, 6449059.115000000223517 ], [ 545758.3421, 6449058.38399999961257 ] ] } },
{ "type": "Feature", "properties": { "plot": 8 }, "geometry": { "type": "LineString", "coordinates": [ [ 545757.542999999015592, 6449125.178999990224838 ], [ 545756.836099999956787, 6449124.957999999634922 ] ] } },
{ "type": "Feature", "properties": { "plot": 8 }, "geometry": { "type": "LineString", "coordinates": [ [ 545757.594000000040978, 6449072.799999989569187 ], [ 545756.959099999978207, 6449073.190999999642372 ] ] } },
{ "type": "Feature", "properties": { "plot": 8 }, "geometry": { "type": "LineString", "coordinates": [ [ 545755.964000000036322, 6449060.28000000026077 ], [ 545755.2391, 6449060.483 ] ] } },
{ "type": "Feature", "properties": { "plot": 8 }, "geometry": { "type": "LineString", "coordinates": [ [ 545733.817999999038875, 6449111.546 ], [ 545733.100100000039674, 6449111.315999999642372 ] ] } },
{ "type": "Feature", "properties": { "plot": 8 }, "geometry": { "type": "LineString", "coordinates": [ [ 545770.964000000036322, 6449037.769000000320375 ], [ 545770.455100000021048, 6449037.20299999974668 ] ] } },
{ "type": "Feature", "properties": { "plot": 8 }, "geometry": { "type": "LineString", "coordinates": [ [ 545713.662000000011176, 6449116.247000000439584 ], [ 545714.298100000014529, 6449115.816999999806285 ] ] } },
{ "type": "Feature", "properties": { "plot": 8 }, "geometry": { "type": "LineString", "coordinates": [ [ 545763.101999999023974, 6449048.385999989695847 ], [ 545762.384100000024773, 6449048.660000000149012 ] ] } },
{ "type": "Feature", "properties": { "plot": 8 }, "geometry": { "type": "LineString", "coordinates": [ [ 545789.522, 6449052.015999989584088 ], [ 545790.296100000035949, 6449052.00800000037998 ] ] } },
{ "type": "Feature", "properties": { "plot": 8 }, "geometry": { "type": "LineString", "coordinates": [ [ 545772.883999999030493, 6449058.493999989703298 ], [ 545773.656100000021979, 6449058.36600000038743 ] ] } },
{ "type": "Feature", "properties": { "plot": 8 }, "geometry": { "type": "LineString", "coordinates": [ [ 545724.084999999031425, 6449119.314000000245869 ], [ 545723.922099999967031, 6449120.082000000402331 ] ] } },
{ "type": "Feature", "properties": { "plot": 8 }, "geometry": { "type": "LineString", "coordinates": [ [ 545730.751000000047497, 6449083.236999990418553 ], [ 545731.194099999964237, 6449082.575000000186265 ] ] } },
{ "type": "Feature", "properties": { "plot": 8 }, "geometry": { "type": "LineString", "coordinates": [ [ 545755.709000000031665, 6449093.915 ], [ 545755.147099999943748, 6449094.480999999679625 ] ] } },
{ "type": "Feature", "properties": { "plot": 8 }, "geometry": { "type": "LineString", "coordinates": [ [ 545741.662999999010935, 6449071.717000000178814 ], [ 545741.8761, 6449070.946000000461936 ] ] } },
{ "type": "Feature", "properties": { "plot": 8 }, "geometry": { "type": "LineString", "coordinates": [ [ 545770.800999999046326, 6449065.440000000409782 ], [ 545770.301100000040606, 6449064.776999999769032 ] ] } },
{ "type": "Feature", "properties": { "plot": 8 }, "geometry": { "type": "LineString", "coordinates": [ [ 545727.694999999017455, 6449111.735000000335276 ], [ 545728.2931, 6449111.15500000026077 ] ] } },
{ "type": "Feature", "properties": { "plot": 8 }, "geometry": { "type": "LineString", "coordinates": [ [ 545719.141999998944812, 6449120.79 ], [ 545719.6851, 6449120.156000000424683 ] ] } },
{ "type": "Feature", "properties": { "plot": 8 }, "geometry": { "type": "LineString", "coordinates": [ [ 545748.576, 6449088.575000000186265 ], [ 545747.8221, 6449088.955 ] ] } },
{ "type": "Feature", "properties": { "plot": 8 }, "geometry": { "type": "LineString", "coordinates": [ [ 545757.175999999046326, 6449037.264999990351498 ], [ 545756.3421, 6449037.096 ] ] } },
{ "type": "Feature", "properties": { "plot": 8 }, "geometry": { "type": "LineString", "coordinates": [ [ 545781.177999999024905, 6449075.128999990411103 ], [ 545781.494100000010803, 6449074.338999999687076 ] ] } },
{ "type": "Feature", "properties": { "plot": 8 }, "geometry": { "type": "LineString", "coordinates": [ [ 545748.356999999028631, 6449130.315999990329146 ], [ 545747.49710000003688, 6449130.310999999754131 ] ] } },
{ "type": "Feature", "properties": { "plot": 8 }, "geometry": { "type": "LineString", "coordinates": [ [ 545739.560999999055639, 6449074.768000000156462 ], [ 545738.7121, 6449074.907999999821186 ] ] } },
{ "type": "Feature", "properties": { "plot": 8 }, "geometry": { "type": "LineString", "coordinates": [ [ 545795.03000000002794, 6449054.631 ], [ 545795.355100000044331, 6449055.43099999986589 ] ] } },
{ "type": "Feature", "properties": { "plot": 8 }, "geometry": { "type": "LineString", "coordinates": [ [ 545755.746000000042841, 6449129.628999990411103 ], [ 545756.3321, 6449128.974000000394881 ] ] } },
{ "type": "Feature", "properties": { "plot": 8 }, "geometry": { "type": "LineString", "coordinates": [ [ 545750.856000000028871, 6449053.932 ], [ 545751.399100000038743, 6449053.235999999567866 ] ] } },
{ "type": "Feature", "properties": { "plot": 8 }, "geometry": { "type": "LineString", "coordinates": [ [ 545733.001999999047257, 6449077.269000000320375 ], [ 545733.1261, 6449076.389999999664724 ] ] } },
{ "type": "Feature", "properties": { "plot": 8 }, "geometry": { "type": "LineString", "coordinates": [ [ 545757.812999999034218, 6449047.277999989688396 ], [ 545756.975100000039674, 6449046.927000000141561 ] ] } },
{ "type": "Feature", "properties": { "plot": 8 }, "geometry": { "type": "LineString", "coordinates": [ [ 545767.63699999905657, 6449036.850999989546835 ], [ 545768.449099999968894, 6449036.435999999754131 ] ] } },
{ "type": "Feature", "properties": { "plot": 8 }, "geometry": { "type": "LineString", "coordinates": [ [ 545784.812000000034459, 6449052.502000000327826 ], [ 545785.703100000042468, 6449052.302000000141561 ] ] } },
{ "type": "Feature", "properties": { "plot": 8 }, "geometry": { "type": "LineString", "coordinates": [ [ 545764.88, 6449075.205 ], [ 545765.1361, 6449074.313 ] ] } },
{ "type": "Feature", "properties": { "plot": 8 }, "geometry": { "type": "LineString", "coordinates": [ [ 545771.506000000052154, 6449048.699 ], [ 545770.698100000037812, 6449048.231999999843538 ] ] } },
{ "type": "Feature", "properties": { "plot": 8 }, "geometry": { "type": "LineString", "coordinates": [ [ 545734.839000000036322, 6449098.582999990321696 ], [ 545735.515099999960512, 6449097.93099999986589 ] ] } },
{ "type": "Feature", "properties": { "plot": 8 }, "geometry": { "type": "LineString", "coordinates": [ [ 545742.381000000052154, 6449106.212000000290573 ], [ 545742.1851, 6449105.28899999987334 ] ] } },
{ "type": "Feature", "properties": { "plot": 8 }, "geometry": { "type": "LineString", "coordinates": [ [ 545755.670999999041669, 6449040.008999990299344 ], [ 545754.74710000003688, 6449040.20299999974668 ] ] } },
{ "type": "Feature", "properties": { "plot": 8 }, "geometry": { "type": "LineString", "coordinates": [ [ 545770.001999999047257, 6449042.337000000290573 ], [ 545769.0501, 6449042.467000000178814 ] ] } },
{ "type": "Feature", "properties": { "plot": 8 }, "geometry": { "type": "LineString", "coordinates": [ [ 545774.150999999023043, 6449078.723000000230968 ], [ 545774.373099999967963, 6449077.786000000312924 ] ] } },
{ "type": "Feature", "properties": { "plot": 8 }, "geometry": { "type": "LineString", "coordinates": [ [ 545781.454000000027008, 6449042.150999990291893 ], [ 545782.423100000014529, 6449042.105999999679625 ] ] } },
{ "type": "Feature", "properties": { "plot": 8 }, "geometry": { "type": "LineString", "coordinates": [ [ 545760.814999999012798, 6449121.967000000178814 ], [ 545760.575100000016391, 6449121.00899999961257 ] ] } },
{ "type": "Feature", "properties": { "plot": 8 }, "geometry": { "type": "LineString", "coordinates": [ [ 545759.680000000051223, 6449089.469999990426004 ], [ 545759.672099999967031, 6449088.455 ] ] } },
{ "type": "Feature", "properties": { "plot": 8 }, "geometry": { "type": "LineString", "coordinates": [ [ 545783.611000000033528, 6449070.185999990440905 ], [ 545784.488099999958649, 6449070.713000000454485 ] ] } },
{ "type": "Feature", "properties": { "plot": 8 }, "geometry": { "type": "LineString", "coordinates": [ [ 545749.060999999055639, 6449061.83600000012666 ], [ 545749.3491, 6449060.849999999627471 ] ] } },
{ "type": "Feature", "properties": { "plot": 8 }, "geometry": { "type": "LineString", "coordinates": [ [ 545772.099000000045635, 6449040.00800000037998 ], [ 545772.232100000022911, 6449041.03000000026077 ] ] } },
{ "type": "Feature", "properties": { "plot": 8 }, "geometry": { "type": "LineString", "coordinates": [ [ 545784.839000000036322, 6449047.634999990463257 ], [ 545785.814099999959581, 6449047.978000000119209 ] ] } },
{ "type": "Feature", "properties": { "plot": 8 }, "geometry": { "type": "LineString", "coordinates": [ [ 545727.62, 6449089.973000000230968 ], [ 545728.629100000020117, 6449090.253999999724329 ] ] } },
{ "type": "Feature", "properties": { "plot": 8 }, "geometry": { "type": "LineString", "coordinates": [ [ 545770.008000000030734, 6449059.775000000372529 ], [ 545769.172099999967031, 6449059.139999999664724 ] ] } },
{ "type": "Feature", "properties": { "plot": 8 }, "geometry": { "type": "LineString", "coordinates": [ [ 545740.910999999032356, 6449103.169999989680946 ], [ 545739.882100000046194, 6449102.867999999783933 ] ] } },
{ "type": "Feature", "properties": { "plot": 8 }, "geometry": { "type": "LineString", "coordinates": [ [ 545754.312999999034218, 6449109.388000000268221 ], [ 545755.296100000035949, 6449109.848000000230968 ] ] } },
{ "type": "Feature", "properties": { "plot": 8 }, "geometry": { "type": "LineString", "coordinates": [ [ 545767.557999999029562, 6449052.168999990448356 ], [ 545766.703100000042468, 6449052.838000000454485 ] ] } },
{ "type": "Feature", "properties": { "plot": 8 }, "geometry": { "type": "LineString", "coordinates": [ [ 545734.467999998945743, 6449107.638000000268221 ], [ 545733.427099999971688, 6449107.265999999828637 ] ] } },
{ "type": "Feature", "properties": { "plot": 8 }, "geometry": { "type": "LineString", "coordinates": [ [ 545732.773999999044463, 6449103.99100000038743 ], [ 545731.699099999968894, 6449103.596 ] ] } },
{ "type": "Feature", "properties": { "plot": 8 }, "geometry": { "type": "LineString", "coordinates": [ [ 545754.057999999029562, 6449056.396999989636242 ], [ 545752.921100000035949, 6449056.247000000439584 ] ] } },
{ "type": "Feature", "properties": { "plot": 8 }, "geometry": { "type": "LineString", "coordinates": [ [ 545747.704999999026768, 6449127.553000000305474 ], [ 545746.5431, 6449127.63399999961257 ] ] } },
{ "type": "Feature", "properties": { "plot": 8 }, "geometry": { "type": "LineString", "coordinates": [ [ 545755.297000000020489, 6449113.364 ], [ 545756.38710000005085, 6449112.904 ] ] } },
{ "type": "Feature", "properties": { "plot": 8 }, "geometry": { "type": "LineString", "coordinates": [ [ 545770.915999999037012, 6449089.531000000424683 ], [ 545771.400099999969825, 6449088.437 ] ] } },
{ "type": "Feature", "properties": { "plot": 8 }, "geometry": { "type": "LineString", "coordinates": [ [ 545737.741999999037944, 6449117.216 ], [ 545738.8641, 6449117.688 ] ] } },
{ "type": "Feature", "properties": { "plot": 8 }, "geometry": { "type": "LineString", "coordinates": [ [ 545753.39000000001397, 6449126.69400000013411 ], [ 545754.341099999961443, 6449125.92200000025332 ] ] } },
{ "type": "Feature", "properties": { "plot": 8 }, "geometry": { "type": "LineString", "coordinates": [ [ 545750.917000000015832, 6449068.258999990299344 ], [ 545749.884100000024773, 6449068.92 ] ] } },
{ "type": "Feature", "properties": { "plot": 8 }, "geometry": { "type": "LineString", "coordinates": [ [ 545782.461000000010245, 6449068.15500000026077 ], [ 545781.350100000039674, 6449067.604000000283122 ] ] } },
{ "type": "Feature", "properties": { "plot": 8 }, "geometry": { "type": "LineString", "coordinates": [ [ 545769.221999999019317, 6449104.810999990440905 ], [ 545769.681100000045262, 6449103.656000000424683 ] ] } },
{ "type": "Feature", "properties": { "plot": 8 }, "geometry": { "type": "LineString", "coordinates": [ [ 545756.376000000047497, 6449070.581000000238419 ], [ 545757.105100000044331, 6449071.593999999575317 ] ] } },
{ "type": "Feature", "properties": { "plot": 8 }, "geometry": { "type": "LineString", "coordinates": [ [ 545732.484000000054948, 6449074.159 ], [ 545732.9571, 6449073.002000000327826 ] ] } },
{ "type": "Feature", "properties": { "plot": 8 }, "geometry": { "type": "LineString", "coordinates": [ [ 545777.768999999039806, 6449048.815000000409782 ], [ 545777.2391, 6449047.61699999962002 ] ] } },
{ "type": "Feature", "properties": { "plot": 8 }, "geometry": { "type": "LineString", "coordinates": [ [ 545763.65399999904912, 6449090.502000000327826 ], [ 545764.819099999964237, 6449089.898 ] ] } },
{ "type": "Feature", "properties": { "plot": 8 }, "geometry": { "type": "LineString", "coordinates": [ [ 545764.484000000054948, 6449102.995000000111759 ], [ 545765.5281, 6449102.128999999724329 ] ] } },
{ "type": "Feature", "properties": { "plot": 8 }, "geometry": { "type": "LineString", "coordinates": [ [ 545763.062999999034218, 6449116.326999990269542 ], [ 545764.031100000021979, 6449115.365000000223517 ] ] } },
{ "type": "Feature", "properties": { "plot": 8 }, "geometry": { "type": "LineString", "coordinates": [ [ 545751.51500000001397, 6449113.600999989546835 ], [ 545752.838100000051782, 6449113.187 ] ] } },
{ "type": "Feature", "properties": { "plot": 8 }, "geometry": { "type": "LineString", "coordinates": [ [ 545739.724999999045394, 6449108.303999990224838 ], [ 545741.0960999999661, 6449108.04 ] ] } },
{ "type": "Feature", "properties": { "plot": 8 }, "geometry": { "type": "LineString", "coordinates": [ [ 545757.957000000053085, 6449100.773 ], [ 545759.3541, 6449100.708999999798834 ] ] } },
{ "type": "Feature", "properties": { "plot": 8 }, "geometry": { "type": "LineString", "coordinates": [ [ 545744.172999999020249, 6449133.917000000365078 ], [ 545742.852100000018254, 6449133.360999999567866 ] ] } },
{ "type": "Feature", "properties": { "plot": 8 }, "geometry": { "type": "LineString", "coordinates": [ [ 545738.836000000010245, 6449089.574 ], [ 545739.715100000030361, 6449088.423000000417233 ] ] } },
{ "type": "Feature", "properties": { "plot": 8 }, "geometry": { "type": "LineString", "coordinates": [ [ 545760.966999999014661, 6449071.388000000268221 ], [ 545762.196099999942817, 6449070.579 ] ] } },
{ "type": "Feature", "properties": { "plot": 8 }, "geometry": { "type": "LineString", "coordinates": [ [ 545769.473, 6449072.892 ], [ 545770.9401, 6449073.025999999605119 ] ] } },
{ "type": "Feature", "properties": { "plot": 8 }, "geometry": { "type": "LineString", "coordinates": [ [ 545731.314999999012798, 6449123.051 ], [ 545730.88710000005085, 6449121.636 ] ] } },
{ "type": "Feature", "properties": { "plot": 8 }, "geometry": { "type": "LineString", "coordinates": [ [ 545749.439999999012798, 6449129.285000000149012 ], [ 545750.855100000044331, 6449128.781000000424683 ] ] } },
{ "type": "Feature", "properties": { "plot": 8 }, "geometry": { "type": "LineString", "coordinates": [ [ 545741.484999999054708, 6449094.327999990433455 ], [ 545740.13710000005085, 6449095.076999999582767 ] ] } },
{ "type": "Feature", "properties": { "plot": 8 }, "geometry": { "type": "LineString", "coordinates": [ [ 545770.457999999052845, 6449052.180999989621341 ], [ 545771.763099999981932, 6449051.314000000245869 ] ] } },
{ "type": "Feature", "properties": { "plot": 8 }, "geometry": { "type": "LineString", "coordinates": [ [ 545779.180999999050982, 6449056.527999989688396 ], [ 545780.254100000020117, 6449055.382000000216067 ] ] } },
{ "type": "Feature", "properties": { "plot": 8 }, "geometry": { "type": "LineString", "coordinates": [ [ 545753.76, 6449072.093999990262091 ], [ 545755.021100000012666, 6449073.03000000026077 ] ] } },
{ "type": "Feature", "properties": { "plot": 8 }, "geometry": { "type": "LineString", "coordinates": [ [ 545784.52800000004936, 6449059.94400000013411 ], [ 545784.796100000035949, 6449061.514999999664724 ] ] } },
{ "type": "Feature", "properties": { "plot": 8 }, "geometry": { "type": "LineString", "coordinates": [ [ 545766.839999999036081, 6449082.231999989598989 ], [ 545765.884100000024773, 6449080.881 ] ] } },
{ "type": "Feature", "properties": { "plot": 8 }, "geometry": { "type": "LineString", "coordinates": [ [ 545729.310000000055879, 6449108.070000000298023 ], [ 545730.9791, 6449107.92 ] ] } },
{ "type": "Feature", "properties": { "plot": 8 }, "geometry": { "type": "LineString", "coordinates": [ [ 545758.925000000046566, 6449034.128999990411103 ], [ 545757.369100000010803, 6449033.502000000327826 ] ] } },
{ "type": "Feature", "properties": { "plot": 8 }, "geometry": { "type": "LineString", "coordinates": [ [ 545742.001000000047497, 6449090.729000000283122 ], [ 545740.8371, 6449089.492999999783933 ] ] } },
{ "type": "Feature", "properties": { "plot": 8 }, "geometry": { "type": "LineString", "coordinates": [ [ 545737.192000000039116, 6449111.449 ], [ 545736.5871, 6449109.853000000119209 ] ] } },
{ "type": "Feature", "properties": { "plot": 8 }, "geometry": { "type": "LineString", "coordinates": [ [ 545751.285999999032356, 6449117.457999990321696 ], [ 545752.0331, 6449115.84499999973923 ] ] } },
{ "type": "Feature", "properties": { "plot": 8 }, "geometry": { "type": "LineString", "coordinates": [ [ 545740.533000000054017, 6449082.308000000193715 ], [ 545741.877100000041537, 6449083.498999999836087 ] ] } },
{ "type": "Feature", "properties": { "plot": 8 }, "geometry": { "type": "LineString", "coordinates": [ [ 545734.047999999020249, 6449070.052000000141561 ], [ 545733.258099999977276, 6449071.723000000230968 ] ] } },
{ "type": "Feature", "properties": { "plot": 8 }, "geometry": { "type": "LineString", "coordinates": [ [ 545773.827999999048188, 6449049.593999990262091 ], [ 545775.385099999955855, 6449050.606999999843538 ] ] } },
{ "type": "Feature", "properties": { "plot": 8 }, "geometry": { "type": "LineString", "coordinates": [ [ 545763.4969999990426, 6449103.33600000012666 ], [ 545761.692099999985658, 6449103.853000000119209 ] ] } },
{ "type": "Feature", "properties": { "plot": 8 }, "geometry": { "type": "LineString", "coordinates": [ [ 545724.273000000044703, 6449105.020999990403652 ], [ 545722.384100000024773, 6449105.071999999694526 ] ] } },
{ "type": "Feature", "properties": { "plot": 8 }, "geometry": { "type": "LineString", "coordinates": [ [ 545727.407, 6449109.25 ], [ 545725.776100000017323, 6449110.287999999709427 ] ] } },
{ "type": "Feature", "properties": { "plot": 8 }, "geometry": { "type": "LineString", "coordinates": [ [ 545778.442000000039116, 6449086.737999989651144 ], [ 545779.866099999984726, 6449085.355999999679625 ] ] } },
{ "type": "Feature", "properties": { "plot": 8 }, "geometry": { "type": "LineString", "coordinates": [ [ 545750.283000000054017, 6449099.852 ], [ 545752.1141, 6449099.026999999769032 ] ] } },
{ "type": "Feature", "properties": { "plot": 8 }, "geometry": { "type": "LineString", "coordinates": [ [ 545778.761000000056811, 6449064.888000000268221 ], [ 545779.257100000046194, 6449066.86600000038743 ] ] } },
{ "type": "Feature", "properties": { "plot": 8 }, "geometry": { "type": "LineString", "coordinates": [ [ 545749.089000000036322, 6449109.940000000409782 ], [ 545750.487100000027567, 6449111.456000000238419 ] ] } },
{ "type": "Feature", "properties": { "plot": 8 }, "geometry": { "type": "LineString", "coordinates": [ [ 545744.26, 6449075.606999989598989 ], [ 545742.7731, 6449073.928999999538064 ] ] } },
{ "type": "Feature", "properties": { "plot": 8 }, "geometry": { "type": "LineString", "coordinates": [ [ 545756.363000000012107, 6449057.075000000186265 ], [ 545757.7071, 6449055.264000000432134 ] ] } },
{ "type": "Feature", "properties": { "plot": 8 }, "geometry": { "type": "LineString", "coordinates": [ [ 545761.39000000001397, 6449079.662999990396202 ], [ 545759.248099999967963, 6449080.400999999605119 ] ] } },
{ "type": "Feature", "properties": { "plot": 8 }, "geometry": { "type": "LineString", "coordinates": [ [ 545739.081, 6449132.205 ], [ 545740.433100000023842, 6449130.375 ] ] } },
{ "type": "Feature", "properties": { "plot": 8 }, "geometry": { "type": "LineString", "coordinates": [ [ 545748.930000000051223, 6449106.265999989584088 ], [ 545747.009100000024773, 6449104.355000000447035 ] ] } },
{ "type": "Feature", "properties": { "plot": 8 }, "geometry": { "type": "LineString", "coordinates": [ [ 545751.212000000057742, 6449080.6969999903813 ], [ 545754.039100000052713, 6449081.166000000201166 ] ] } },
{ "type": "Feature", "properties": { "plot": 8 }, "geometry": { "type": "LineString", "coordinates": [ [ 545744.067999999038875, 6449089.174999989569187 ], [ 545744.453100000042468, 6449086.112999999895692 ] ] } },
{ "type": "Feature", "properties": { "plot": 9 }, "geometry": { "type": "LineString", "coordinates": [ [ 546193.62399999902118, 6449140.167999990284443 ], [ 546193.526100000017323, 6449140.204 ] ] } },
{ "type": "Feature", "properties": { "plot": 9 }, "geometry": { "type": "LineString", "coordinates": [ [ 546259.424, 6449175.28000000026077 ], [ 546259.307099999976344, 6449175.329 ] ] } },
{ "type": "Feature", "properties": { "plot": 9 }, "geometry": { "type": "LineString", "coordinates": [ [ 546222.358, 6449170.765999989584088 ], [ 546222.504100000020117, 6449170.739 ] ] } },
{ "type": "Feature", "properties": { "plot": 9 }, "geometry": { "type": "LineString", "coordinates": [ [ 546183.29500000004191, 6449116.436999989673495 ], [ 546183.149100000038743, 6449116.478000000119209 ] ] } },
{ "type": "Feature", "properties": { "plot": 9 }, "geometry": { "type": "LineString", "coordinates": [ [ 546219.76399999903515, 6449163.236999990418553 ], [ 546219.6901, 6449163.075000000186265 ] ] } },
{ "type": "Feature", "properties": { "plot": 9 }, "geometry": { "type": "LineString", "coordinates": [ [ 546232.824999999022111, 6449184.381 ], [ 546232.820100000011735, 6449184.564000000245869 ] ] } },
{ "type": "Feature", "properties": { "plot": 9 }, "geometry": { "type": "LineString", "coordinates": [ [ 546210.030999999027699, 6449146.656000000424683 ], [ 546210.130099999951199, 6449146.474999999627471 ] ] } },
{ "type": "Feature", "properties": { "plot": 9 }, "geometry": { "type": "LineString", "coordinates": [ [ 546224.729999999050051, 6449171.860000000335276 ], [ 546224.695100000011735, 6449171.648 ] ] } },
{ "type": "Feature", "properties": { "plot": 9 }, "geometry": { "type": "LineString", "coordinates": [ [ 546228.814000000013039, 6449155.71100000012666 ], [ 546229.0291000000434, 6449155.666000000201166 ] ] } },
{ "type": "Feature", "properties": { "plot": 9 }, "geometry": { "type": "LineString", "coordinates": [ [ 546216.346999999019317, 6449145.519999990239739 ], [ 546216.414100000052713, 6449145.746000000275671 ] ] } },
{ "type": "Feature", "properties": { "plot": 9 }, "geometry": { "type": "LineString", "coordinates": [ [ 546216.777, 6449125.003999990411103 ], [ 546217.0111, 6449124.946999999694526 ] ] } },
{ "type": "Feature", "properties": { "plot": 9 }, "geometry": { "type": "LineString", "coordinates": [ [ 546208.415999999037012, 6449104.035000000149012 ], [ 546208.6411, 6449103.938 ] ] } },
{ "type": "Feature", "properties": { "plot": 9 }, "geometry": { "type": "LineString", "coordinates": [ [ 546228.072000000043772, 6449132.19400000013411 ], [ 546228.294100000057369, 6449132.299999999813735 ] ] } },
{ "type": "Feature", "properties": { "plot": 9 }, "geometry": { "type": "LineString", "coordinates": [ [ 546197.962000000057742, 6449113.355999990366399 ], [ 546198.159100000048056, 6449113.207000000402331 ] ] } },
{ "type": "Feature", "properties": { "plot": 9 }, "geometry": { "type": "LineString", "coordinates": [ [ 546225.596000000019558, 6449157.490000000223517 ], [ 546225.790099999983795, 6449157.657999999821186 ] ] } },
{ "type": "Feature", "properties": { "plot": 9 }, "geometry": { "type": "LineString", "coordinates": [ [ 546222.449999999022111, 6449106.814000000245869 ], [ 546222.304099999950267, 6449107.025999999605119 ] ] } },
{ "type": "Feature", "properties": { "plot": 9 }, "geometry": { "type": "LineString", "coordinates": [ [ 546205.7469999990426, 6449168.921 ], [ 546205.51210000005085, 6449168.795 ] ] } },
{ "type": "Feature", "properties": { "plot": 9 }, "geometry": { "type": "LineString", "coordinates": [ [ 546189.327000000048429, 6449119.730000000447035 ], [ 546189.531100000021979, 6449119.924999999813735 ] ] } },
{ "type": "Feature", "properties": { "plot": 9 }, "geometry": { "type": "LineString", "coordinates": [ [ 546196.319000000017695, 6449145.520999990403652 ], [ 546196.5651, 6449145.358 ] ] } },
{ "type": "Feature", "properties": { "plot": 9 }, "geometry": { "type": "LineString", "coordinates": [ [ 546238.741000000038184, 6449136.614 ], [ 546238.996099999989383, 6449136.769000000320375 ] ] } },
{ "type": "Feature", "properties": { "plot": 9 }, "geometry": { "type": "LineString", "coordinates": [ [ 546237.196, 6449132.483 ], [ 546236.893099999986589, 6449132.466 ] ] } },
{ "type": "Feature", "properties": { "plot": 9 }, "geometry": { "type": "LineString", "coordinates": [ [ 546224.047999999020249, 6449163.046 ], [ 546224.3421, 6449163.205 ] ] } },
{ "type": "Feature", "properties": { "plot": 9 }, "geometry": { "type": "LineString", "coordinates": [ [ 546220.594000000040978, 6449193.637000000104308 ], [ 546220.869100000010803, 6449193.86600000038743 ] ] } },
{ "type": "Feature", "properties": { "plot": 9 }, "geometry": { "type": "LineString", "coordinates": [ [ 546216.26500000001397, 6449151.810999990440905 ], [ 546216.620099999941885, 6449151.872999999672174 ] ] } },
{ "type": "Feature", "properties": { "plot": 9 }, "geometry": { "type": "LineString", "coordinates": [ [ 546224.293999998946674, 6449136.866999990306795 ], [ 546224.59409999998752, 6449136.666000000201166 ] ] } },
{ "type": "Feature", "properties": { "plot": 9 }, "geometry": { "type": "LineString", "coordinates": [ [ 546246.979999999050051, 6449175.911000000312924 ], [ 546247.12410000001546, 6449175.54 ] ] } },
{ "type": "Feature", "properties": { "plot": 9 }, "geometry": { "type": "LineString", "coordinates": [ [ 546219.64000000001397, 6449150.911999990232289 ], [ 546220.0281, 6449150.80599999986589 ] ] } },
{ "type": "Feature", "properties": { "plot": 9 }, "geometry": { "type": "LineString", "coordinates": [ [ 546217.535999999032356, 6449186.004999989643693 ], [ 546217.862100000027567, 6449186.242999999783933 ] ] } },
{ "type": "Feature", "properties": { "plot": 9 }, "geometry": { "type": "LineString", "coordinates": [ [ 546234.199999999022111, 6449181.746000000275671 ], [ 546234.123099999967963, 6449182.144000000320375 ] ] } },
{ "type": "Feature", "properties": { "plot": 9 }, "geometry": { "type": "LineString", "coordinates": [ [ 546245.935999999055639, 6449141.299999989569187 ], [ 546246.3421, 6449141.292999999597669 ] ] } },
{ "type": "Feature", "properties": { "plot": 9 }, "geometry": { "type": "LineString", "coordinates": [ [ 546222.336000000010245, 6449155.974000000394881 ], [ 546221.972100000013597, 6449155.775000000372529 ] ] } },
{ "type": "Feature", "properties": { "plot": 9 }, "geometry": { "type": "LineString", "coordinates": [ [ 546211.704999999026768, 6449110.337000000290573 ], [ 546211.303100000019185, 6449110.474999999627471 ] ] } },
{ "type": "Feature", "properties": { "plot": 9 }, "geometry": { "type": "LineString", "coordinates": [ [ 546237.261000000056811, 6449174.337000000290573 ], [ 546236.8271, 6449174.406000000424683 ] ] } },
{ "type": "Feature", "properties": { "plot": 9 }, "geometry": { "type": "LineString", "coordinates": [ [ 546197.312000000034459, 6449112.428000000305474 ], [ 546197.740100000053644, 6449112.531999999657273 ] ] } },
{ "type": "Feature", "properties": { "plot": 9 }, "geometry": { "type": "LineString", "coordinates": [ [ 546191.027, 6449123.583999989554286 ], [ 546191.4671, 6449123.446999999694526 ] ] } },
{ "type": "Feature", "properties": { "plot": 9 }, "geometry": { "type": "LineString", "coordinates": [ [ 546223.805000000051223, 6449123.108 ], [ 546224.246099999989383, 6449122.966 ] ] } },
{ "type": "Feature", "properties": { "plot": 9 }, "geometry": { "type": "LineString", "coordinates": [ [ 546235.488000000012107, 6449187.878999990411103 ], [ 546235.399100000038743, 6449187.421 ] ] } },
{ "type": "Feature", "properties": { "plot": 9 }, "geometry": { "type": "LineString", "coordinates": [ [ 546228.202000000048429, 6449152.622999990358949 ], [ 546228.5161, 6449152.972 ] ] } },
{ "type": "Feature", "properties": { "plot": 9 }, "geometry": { "type": "LineString", "coordinates": [ [ 546228.317999999038875, 6449128.810999990440905 ], [ 546228.573100000037812, 6449129.21 ] ] } },
{ "type": "Feature", "properties": { "plot": 9 }, "geometry": { "type": "LineString", "coordinates": [ [ 546216.378999999025837, 6449118.00800000037998 ], [ 546215.968100000056438, 6449117.771999999880791 ] ] } },
{ "type": "Feature", "properties": { "plot": 9 }, "geometry": { "type": "LineString", "coordinates": [ [ 546238.643999999039806, 6449174.609000000171363 ], [ 546238.259100000024773, 6449174.889999999664724 ] ] } },
{ "type": "Feature", "properties": { "plot": 9 }, "geometry": { "type": "LineString", "coordinates": [ [ 546206.956, 6449111.368999989703298 ], [ 546207.383099999977276, 6449111.153 ] ] } },
{ "type": "Feature", "properties": { "plot": 9 }, "geometry": { "type": "LineString", "coordinates": [ [ 546235.067999999038875, 6449187.053999990224838 ], [ 546235.51410000002943, 6449186.86699999962002 ] ] } },
{ "type": "Feature", "properties": { "plot": 9 }, "geometry": { "type": "LineString", "coordinates": [ [ 546222.533999999053776, 6449194.21499998960644 ], [ 546222.656100000021979, 6449193.734000000171363 ] ] } },
{ "type": "Feature", "properties": { "plot": 9 }, "geometry": { "type": "LineString", "coordinates": [ [ 546205.834999999031425, 6449149.439000000245869 ], [ 546206.306100000045262, 6449149.610000000335276 ] ] } },
{ "type": "Feature", "properties": { "plot": 9 }, "geometry": { "type": "LineString", "coordinates": [ [ 546222.832999999052845, 6449096.661000000312924 ], [ 546223.226099999970756, 6449096.349999999627471 ] ] } },
{ "type": "Feature", "properties": { "plot": 9 }, "geometry": { "type": "LineString", "coordinates": [ [ 546239.300000000046566, 6449181.815999990329146 ], [ 546239.6361, 6449182.200000000186265 ] ] } },
{ "type": "Feature", "properties": { "plot": 9 }, "geometry": { "type": "LineString", "coordinates": [ [ 546214.175000000046566, 6449099.626000000163913 ], [ 546213.990100000053644, 6449099.150000000372529 ] ] } },
{ "type": "Feature", "properties": { "plot": 9 }, "geometry": { "type": "LineString", "coordinates": [ [ 546205.957999999052845, 6449152.178000000305474 ], [ 546206.470100000035018, 6449152.223000000230968 ] ] } },
{ "type": "Feature", "properties": { "plot": 9 }, "geometry": { "type": "LineString", "coordinates": [ [ 546248.300999999046326, 6449151.013000000268221 ], [ 546248.678100000019185, 6449150.662999999709427 ] ] } },
{ "type": "Feature", "properties": { "plot": 9 }, "geometry": { "type": "LineString", "coordinates": [ [ 546219.790999999037012, 6449115.082999990321696 ], [ 546220.156100000021979, 6449114.718000000342727 ] ] } },
{ "type": "Feature", "properties": { "plot": 9 }, "geometry": { "type": "LineString", "coordinates": [ [ 546208.366999999037944, 6449163.058000000193715 ], [ 546208.6541000000434, 6449162.625 ] ] } },
{ "type": "Feature", "properties": { "plot": 9 }, "geometry": { "type": "LineString", "coordinates": [ [ 546203.973, 6449130.791000000201166 ], [ 546204.488099999958649, 6449130.677000000141561 ] ] } },
{ "type": "Feature", "properties": { "plot": 9 }, "geometry": { "type": "LineString", "coordinates": [ [ 546204.229999999050051, 6449128.370000000111759 ], [ 546204.746099999989383, 6449128.254999999888241 ] ] } },
{ "type": "Feature", "properties": { "plot": 9 }, "geometry": { "type": "LineString", "coordinates": [ [ 546197.194000000017695, 6449119.091 ], [ 546196.671100000035949, 6449119.00800000037998 ] ] } },
{ "type": "Feature", "properties": { "plot": 9 }, "geometry": { "type": "LineString", "coordinates": [ [ 546239.7469999990426, 6449183.997000000439584 ], [ 546240.0821, 6449184.417999999597669 ] ] } },
{ "type": "Feature", "properties": { "plot": 9 }, "geometry": { "type": "LineString", "coordinates": [ [ 546186.584999999031425, 6449109.176 ], [ 546187.130099999951199, 6449109.17200000025332 ] ] } },
{ "type": "Feature", "properties": { "plot": 9 }, "geometry": { "type": "LineString", "coordinates": [ [ 546254.726000000024214, 6449165.026999990455806 ], [ 546255.274100000038743, 6449165.003999999724329 ] ] } },
{ "type": "Feature", "properties": { "plot": 9 }, "geometry": { "type": "LineString", "coordinates": [ [ 546210.368999999016523, 6449131.793999990448356 ], [ 546210.917099999962375, 6449131.90500000026077 ] ] } },
{ "type": "Feature", "properties": { "plot": 9 }, "geometry": { "type": "LineString", "coordinates": [ [ 546230.895999999018386, 6449165.765999989584088 ], [ 546231.45609999995213, 6449165.808000000193715 ] ] } },
{ "type": "Feature", "properties": { "plot": 9 }, "geometry": { "type": "LineString", "coordinates": [ [ 546194.564000000013039, 6449127.019000000320375 ], [ 546194.867100000032224, 6449126.546 ] ] } },
{ "type": "Feature", "properties": { "plot": 9 }, "geometry": { "type": "LineString", "coordinates": [ [ 546211.807999999029562, 6449175.656000000424683 ], [ 546211.7391, 6449175.083999999798834 ] ] } },
{ "type": "Feature", "properties": { "plot": 9 }, "geometry": { "type": "LineString", "coordinates": [ [ 546219.518000000040047, 6449127.913999989628792 ], [ 546219.8321, 6449128.40500000026077 ] ] } },
{ "type": "Feature", "properties": { "plot": 9 }, "geometry": { "type": "LineString", "coordinates": [ [ 546251.812999999034218, 6449158.041000000201166 ], [ 546252.162099999957718, 6449158.517 ] ] } },
{ "type": "Feature", "properties": { "plot": 9 }, "geometry": { "type": "LineString", "coordinates": [ [ 546229.589000000036322, 6449115.527999989688396 ], [ 546230.164100000052713, 6449115.66399999987334 ] ] } },
{ "type": "Feature", "properties": { "plot": 9 }, "geometry": { "type": "LineString", "coordinates": [ [ 546212.957000000053085, 6449173.191999989561737 ], [ 546213.227100000018254, 6449172.660000000149012 ] ] } },
{ "type": "Feature", "properties": { "plot": 9 }, "geometry": { "type": "LineString", "coordinates": [ [ 546202.479000000050291, 6449158.383999990299344 ], [ 546203.0061, 6449158.731999999843538 ] ] } },
{ "type": "Feature", "properties": { "plot": 9 }, "geometry": { "type": "LineString", "coordinates": [ [ 546194.147, 6449131.246000000275671 ], [ 546194.791100000031292, 6449131.281000000424683 ] ] } },
{ "type": "Feature", "properties": { "plot": 9 }, "geometry": { "type": "LineString", "coordinates": [ [ 546227.898000000044703, 6449122.894000000320375 ], [ 546228.1041, 6449122.279 ] ] } },
{ "type": "Feature", "properties": { "plot": 9 }, "geometry": { "type": "LineString", "coordinates": [ [ 546248.344999999040738, 6449162.378999990411103 ], [ 546248.2661, 6449161.727 ] ] } },
{ "type": "Feature", "properties": { "plot": 9 }, "geometry": { "type": "LineString", "coordinates": [ [ 546218.092999998945743, 6449159.06900000013411 ], [ 546218.6851, 6449159.356999999843538 ] ] } },
{ "type": "Feature", "properties": { "plot": 9 }, "geometry": { "type": "LineString", "coordinates": [ [ 546227.685000000055879, 6449140.911999990232289 ], [ 546228.3421, 6449140.966 ] ] } },
{ "type": "Feature", "properties": { "plot": 9 }, "geometry": { "type": "LineString", "coordinates": [ [ 546229.935000000055879, 6449188.099999990314245 ], [ 546230.591099999961443, 6449188.026999999769032 ] ] } },
{ "type": "Feature", "properties": { "plot": 9 }, "geometry": { "type": "LineString", "coordinates": [ [ 546227.047000000020489, 6449114.361999990418553 ], [ 546227.644100000034086, 6449114.071000000461936 ] ] } },
{ "type": "Feature", "properties": { "plot": 9 }, "geometry": { "type": "LineString", "coordinates": [ [ 546247.076, 6449180.176 ], [ 546247.237100000027567, 6449179.531000000424683 ] ] } },
{ "type": "Feature", "properties": { "plot": 9 }, "geometry": { "type": "LineString", "coordinates": [ [ 546207.846999999019317, 6449161.19400000013411 ], [ 546208.198100000037812, 6449161.781000000424683 ] ] } },
{ "type": "Feature", "properties": { "plot": 9 }, "geometry": { "type": "LineString", "coordinates": [ [ 546190.917999999015592, 6449133.332000000402331 ], [ 546191.465100000030361, 6449132.92 ] ] } },
{ "type": "Feature", "properties": { "plot": 9 }, "geometry": { "type": "LineString", "coordinates": [ [ 546243.954000000027008, 6449153.347 ], [ 546244.031100000021979, 6449152.665 ] ] } },
{ "type": "Feature", "properties": { "plot": 9 }, "geometry": { "type": "LineString", "coordinates": [ [ 546227.270000000018626, 6449180.75800000037998 ], [ 546227.689099999959581, 6449180.201999999582767 ] ] } },
{ "type": "Feature", "properties": { "plot": 9 }, "geometry": { "type": "LineString", "coordinates": [ [ 546217.74800000002142, 6449110.889999990351498 ], [ 546218.445100000011735, 6449110.928000000305474 ] ] } },
{ "type": "Feature", "properties": { "plot": 9 }, "geometry": { "type": "LineString", "coordinates": [ [ 546207.685000000055879, 6449150.036000000312924 ], [ 546208.222100000013597, 6449149.588000000454485 ] ] } },
{ "type": "Feature", "properties": { "plot": 9 }, "geometry": { "type": "LineString", "coordinates": [ [ 546208.165000000037253, 6449137.96399999037385 ], [ 546208.869100000010803, 6449138.03000000026077 ] ] } },
{ "type": "Feature", "properties": { "plot": 9 }, "geometry": { "type": "LineString", "coordinates": [ [ 546207.099000000045635, 6449147.599999990314245 ], [ 546206.776100000017323, 6449146.957000000402331 ] ] } },
{ "type": "Feature", "properties": { "plot": 9 }, "geometry": { "type": "LineString", "coordinates": [ [ 546204.473, 6449094.975999989546835 ], [ 546204.987100000027567, 6449094.467000000178814 ] ] } },
{ "type": "Feature", "properties": { "plot": 9 }, "geometry": { "type": "LineString", "coordinates": [ [ 546215.87, 6449107.031999990344048 ], [ 546216.396100000012666, 6449107.541000000201166 ] ] } },
{ "type": "Feature", "properties": { "plot": 9 }, "geometry": { "type": "LineString", "coordinates": [ [ 546224.185000000055879, 6449118.810999990440905 ], [ 546224.914100000052713, 6449118.878999999724329 ] ] } },
{ "type": "Feature", "properties": { "plot": 9 }, "geometry": { "type": "LineString", "coordinates": [ [ 546236.037999999010935, 6449159.00800000037998 ], [ 546236.744100000010803, 6449159.207000000402331 ] ] } },
{ "type": "Feature", "properties": { "plot": 9 }, "geometry": { "type": "LineString", "coordinates": [ [ 546219.376999999047257, 6449187.361999990418553 ], [ 546220.078100000042468, 6449187.600999999791384 ] ] } },
{ "type": "Feature", "properties": { "plot": 9 }, "geometry": { "type": "LineString", "coordinates": [ [ 546244.177999999024905, 6449182.96399999037385 ], [ 546244.304099999950267, 6449183.697999999858439 ] ] } },
{ "type": "Feature", "properties": { "plot": 9 }, "geometry": { "type": "LineString", "coordinates": [ [ 546225.483, 6449101.08899999037385 ], [ 546226.083100000047125, 6449101.531999999657273 ] ] } },
{ "type": "Feature", "properties": { "plot": 9 }, "geometry": { "type": "LineString", "coordinates": [ [ 546221.961000000010245, 6449145.728000000119209 ], [ 546222.142100000055507, 6449146.45299999974668 ] ] } },
{ "type": "Feature", "properties": { "plot": 9 }, "geometry": { "type": "LineString", "coordinates": [ [ 546241.393000000040047, 6449137.436999989673495 ], [ 546240.9741, 6449136.79 ] ] } },
{ "type": "Feature", "properties": { "plot": 9 }, "geometry": { "type": "LineString", "coordinates": [ [ 546216.724999999045394, 6449101.96 ], [ 546216.919100000057369, 6449102.712000000290573 ] ] } },
{ "type": "Feature", "properties": { "plot": 9 }, "geometry": { "type": "LineString", "coordinates": [ [ 546201.63800000003539, 6449149.958999989554286 ], [ 546202.377100000041537, 6449149.707000000402331 ] ] } },
{ "type": "Feature", "properties": { "plot": 9 }, "geometry": { "type": "LineString", "coordinates": [ [ 546207.26, 6449159.764999990351498 ], [ 546208.0111, 6449159.543999999761581 ] ] } },
{ "type": "Feature", "properties": { "plot": 9 }, "geometry": { "type": "LineString", "coordinates": [ [ 546213.25, 6449133.388000000268221 ], [ 546213.390099999960512, 6449132.606999999843538 ] ] } },
{ "type": "Feature", "properties": { "plot": 9 }, "geometry": { "type": "LineString", "coordinates": [ [ 546207.412999999010935, 6449120.183000000193715 ], [ 546208.045099999988452, 6449120.665 ] ] } },
{ "type": "Feature", "properties": { "plot": 9 }, "geometry": { "type": "LineString", "coordinates": [ [ 546210.604999999050051, 6449147.889000000432134 ], [ 546211.380099999951199, 6449148.087000000290573 ] ] } },
{ "type": "Feature", "properties": { "plot": 9 }, "geometry": { "type": "LineString", "coordinates": [ [ 546232.817000000039116, 6449113.911999990232289 ], [ 546232.017100000055507, 6449113.972 ] ] } },
{ "type": "Feature", "properties": { "plot": 9 }, "geometry": { "type": "LineString", "coordinates": [ [ 546201.856999999028631, 6449102.940000000409782 ], [ 546202.660099999979138, 6449102.996000000275671 ] ] } },
{ "type": "Feature", "properties": { "plot": 9 }, "geometry": { "type": "LineString", "coordinates": [ [ 546201.912000000011176, 6449138.651999990455806 ], [ 546201.610100000048988, 6449137.900999999605119 ] ] } },
{ "type": "Feature", "properties": { "plot": 9 }, "geometry": { "type": "LineString", "coordinates": [ [ 546200.42000000004191, 6449112.707999990321696 ], [ 546201.067099999985658, 6449112.205 ] ] } },
{ "type": "Feature", "properties": { "plot": 9 }, "geometry": { "type": "LineString", "coordinates": [ [ 546241.885, 6449154.115000000223517 ], [ 546242.693100000033155, 6449154.25800000037998 ] ] } },
{ "type": "Feature", "properties": { "plot": 9 }, "geometry": { "type": "LineString", "coordinates": [ [ 546198.829000000027008, 6449105.792000000365078 ], [ 546199.542099999962375, 6449105.375 ] ] } },
{ "type": "Feature", "properties": { "plot": 9 }, "geometry": { "type": "LineString", "coordinates": [ [ 546231.947999999043532, 6449150.676 ], [ 546232.770099999965169, 6449150.581000000238419 ] ] } },
{ "type": "Feature", "properties": { "plot": 9 }, "geometry": { "type": "LineString", "coordinates": [ [ 546228.856999999028631, 6449151.40500000026077 ], [ 546229.6851, 6449151.353000000119209 ] ] } },
{ "type": "Feature", "properties": { "plot": 9 }, "geometry": { "type": "LineString", "coordinates": [ [ 546185.413999998942018, 6449120.432 ], [ 546186.2391, 6449120.548000000417233 ] ] } },
{ "type": "Feature", "properties": { "plot": 9 }, "geometry": { "type": "LineString", "coordinates": [ [ 546220.474999999045394, 6449176.888000000268221 ], [ 546221.298100000014529, 6449176.723000000230968 ] ] } },
{ "type": "Feature", "properties": { "plot": 9 }, "geometry": { "type": "LineString", "coordinates": [ [ 546207.170999999041669, 6449131.632000000216067 ], [ 546206.395099999965169, 6449131.96 ] ] } },
{ "type": "Feature", "properties": { "plot": 9 }, "geometry": { "type": "LineString", "coordinates": [ [ 546205.890999999013729, 6449116.481999989598989 ], [ 546206.731099999975413, 6449116.559999999590218 ] ] } },
{ "type": "Feature", "properties": { "plot": 9 }, "geometry": { "type": "LineString", "coordinates": [ [ 546233.766999998944812, 6449175.968000000342727 ], [ 546234.1581, 6449175.213999999687076 ] ] } },
{ "type": "Feature", "properties": { "plot": 9 }, "geometry": { "type": "LineString", "coordinates": [ [ 546229.964000000036322, 6449162.680999989621341 ], [ 546230.775099999969825, 6449162.423999999649823 ] ] } },
{ "type": "Feature", "properties": { "plot": 9 }, "geometry": { "type": "LineString", "coordinates": [ [ 546232.929, 6449140.611999990418553 ], [ 546233.730100000044331, 6449140.926 ] ] } },
{ "type": "Feature", "properties": { "plot": 9 }, "geometry": { "type": "LineString", "coordinates": [ [ 546218.793999998946674, 6449097.849999990314245 ], [ 546219.059099999954924, 6449097.03000000026077 ] ] } },
{ "type": "Feature", "properties": { "plot": 9 }, "geometry": { "type": "LineString", "coordinates": [ [ 546220.819999999017455, 6449095.342000000178814 ], [ 546220.8491, 6449094.468999999575317 ] ] } },
{ "type": "Feature", "properties": { "plot": 9 }, "geometry": { "type": "LineString", "coordinates": [ [ 546209.761000000056811, 6449167.041000000201166 ], [ 546210.633099999977276, 6449166.989 ] ] } },
{ "type": "Feature", "properties": { "plot": 9 }, "geometry": { "type": "LineString", "coordinates": [ [ 546183.037000000011176, 6449108.305999989621341 ], [ 546183.906100000021979, 6449108.42200000025332 ] ] } },
{ "type": "Feature", "properties": { "plot": 9 }, "geometry": { "type": "LineString", "coordinates": [ [ 546217.309, 6449155.932 ], [ 546218.1801, 6449156.070000000298023 ] ] } },
{ "type": "Feature", "properties": { "plot": 9 }, "geometry": { "type": "LineString", "coordinates": [ [ 546199.111999999033287, 6449149.190999990329146 ], [ 546199.992100000032224, 6449149.256 ] ] } },
{ "type": "Feature", "properties": { "plot": 9 }, "geometry": { "type": "LineString", "coordinates": [ [ 546200.469000000040978, 6449103.082000000402331 ], [ 546200.2391, 6449102.225999999791384 ] ] } },
{ "type": "Feature", "properties": { "plot": 9 }, "geometry": { "type": "LineString", "coordinates": [ [ 546226.288999998942018, 6449116.270999990403652 ], [ 546226.946099999942817, 6449115.676 ] ] } },
{ "type": "Feature", "properties": { "plot": 9 }, "geometry": { "type": "LineString", "coordinates": [ [ 546236.680000000051223, 6449127.716 ], [ 546237.564099999959581, 6449127.793999999761581 ] ] } },
{ "type": "Feature", "properties": { "plot": 9 }, "geometry": { "type": "LineString", "coordinates": [ [ 546216.346999999019317, 6449133.781999990344048 ], [ 546217.2241, 6449133.975999999791384 ] ] } },
{ "type": "Feature", "properties": { "plot": 9 }, "geometry": { "type": "LineString", "coordinates": [ [ 546207.307000000029802, 6449165.21100000012666 ], [ 546206.504100000020117, 6449164.804999999701977 ] ] } },
{ "type": "Feature", "properties": { "plot": 9 }, "geometry": { "type": "LineString", "coordinates": [ [ 546213.886000000056811, 6449126.801 ], [ 546213.003099999972619, 6449126.974999999627471 ] ] } },
{ "type": "Feature", "properties": { "plot": 9 }, "geometry": { "type": "LineString", "coordinates": [ [ 546241.057999999029562, 6449143.252000000327826 ], [ 546241.961099999956787, 6449143.285000000149012 ] ] } },
{ "type": "Feature", "properties": { "plot": 9 }, "geometry": { "type": "LineString", "coordinates": [ [ 546234.236999999033287, 6449186.532999989576638 ], [ 546233.795099999988452, 6449187.326000000350177 ] ] } },
{ "type": "Feature", "properties": { "plot": 9 }, "geometry": { "type": "LineString", "coordinates": [ [ 546210.393000000040047, 6449179.621000000275671 ], [ 546210.562099999981001, 6449180.514999999664724 ] ] } },
{ "type": "Feature", "properties": { "plot": 9 }, "geometry": { "type": "LineString", "coordinates": [ [ 546243.846999999019317, 6449169.542000000365078 ], [ 546242.9471, 6449169.704 ] ] } },
{ "type": "Feature", "properties": { "plot": 9 }, "geometry": { "type": "LineString", "coordinates": [ [ 546223.74899999902118, 6449144.693 ], [ 546224.655099999974482, 6449144.95299999974668 ] ] } },
{ "type": "Feature", "properties": { "plot": 9 }, "geometry": { "type": "LineString", "coordinates": [ [ 546188.437000000034459, 6449126.552000000141561 ], [ 546189.362100000027567, 6449126.369 ] ] } },
{ "type": "Feature", "properties": { "plot": 9 }, "geometry": { "type": "LineString", "coordinates": [ [ 546226.300000000046566, 6449106.264999990351498 ], [ 546225.9301, 6449105.38399999961257 ] ] } },
{ "type": "Feature", "properties": { "plot": 9 }, "geometry": { "type": "LineString", "coordinates": [ [ 546197.966000000014901, 6449130.849000000394881 ], [ 546197.714099999982864, 6449131.792000000365078 ] ] } },
{ "type": "Feature", "properties": { "plot": 9 }, "geometry": { "type": "LineString", "coordinates": [ [ 546234.234000000054948, 6449135.938 ], [ 546234.045099999988452, 6449136.906999999657273 ] ] } },
{ "type": "Feature", "properties": { "plot": 9 }, "geometry": { "type": "LineString", "coordinates": [ [ 546197.518000000040047, 6449124.798999990336597 ], [ 546197.99910000001546, 6449125.66399999987334 ] ] } },
{ "type": "Feature", "properties": { "plot": 9 }, "geometry": { "type": "LineString", "coordinates": [ [ 546216.633000000030734, 6449154.718999990262091 ], [ 546217.643099999986589, 6449154.802000000141561 ] ] } },
{ "type": "Feature", "properties": { "plot": 9 }, "geometry": { "type": "LineString", "coordinates": [ [ 546199.454000000027008, 6449144.696000000461936 ], [ 546199.9841, 6449143.832000000402331 ] ] } },
{ "type": "Feature", "properties": { "plot": 9 }, "geometry": { "type": "LineString", "coordinates": [ [ 546218.795999999041669, 6449179.184999990276992 ], [ 546219.798100000014529, 6449178.947999999858439 ] ] } },
{ "type": "Feature", "properties": { "plot": 9 }, "geometry": { "type": "LineString", "coordinates": [ [ 546182.89000000001397, 6449111.064000000245869 ], [ 546183.921100000035949, 6449111.13300000037998 ] ] } },
{ "type": "Feature", "properties": { "plot": 9 }, "geometry": { "type": "LineString", "coordinates": [ [ 546187.859999999054708, 6449116.777999989688396 ], [ 546188.62410000001546, 6449116.081000000238419 ] ] } },
{ "type": "Feature", "properties": { "plot": 9 }, "geometry": { "type": "LineString", "coordinates": [ [ 546226.890999999013729, 6449116.855999990366399 ], [ 546227.134100000024773, 6449117.865000000223517 ] ] } },
{ "type": "Feature", "properties": { "plot": 9 }, "geometry": { "type": "LineString", "coordinates": [ [ 546225.14000000001397, 6449182.842000000178814 ], [ 546224.617100000032224, 6449181.92200000025332 ] ] } },
{ "type": "Feature", "properties": { "plot": 9 }, "geometry": { "type": "LineString", "coordinates": [ [ 546222.535000000032596, 6449139.439000000245869 ], [ 546223.173100000014529, 6449140.286999999545515 ] ] } },
{ "type": "Feature", "properties": { "plot": 9 }, "geometry": { "type": "LineString", "coordinates": [ [ 546203.202000000048429, 6449139.126000000163913 ], [ 546203.8591, 6449138.270999999716878 ] ] } },
{ "type": "Feature", "properties": { "plot": 9 }, "geometry": { "type": "LineString", "coordinates": [ [ 546235.082000000053085, 6449159.33600000012666 ], [ 546235.21909999998752, 6449160.406999999657273 ] ] } },
{ "type": "Feature", "properties": { "plot": 9 }, "geometry": { "type": "LineString", "coordinates": [ [ 546217.993999999016523, 6449191.338000000454485 ], [ 546217.115100000053644, 6449191.995000000111759 ] ] } },
{ "type": "Feature", "properties": { "plot": 9 }, "geometry": { "type": "LineString", "coordinates": [ [ 546194.574999999022111, 6449134.977 ], [ 546194.8641, 6449133.917999999597669 ] ] } },
{ "type": "Feature", "properties": { "plot": 9 }, "geometry": { "type": "LineString", "coordinates": [ [ 546231.432999999029562, 6449112.00299999024719 ], [ 546232.535099999979138, 6449112.049999999813735 ] ] } },
{ "type": "Feature", "properties": { "plot": 9 }, "geometry": { "type": "LineString", "coordinates": [ [ 546227.446, 6449153.83600000012666 ], [ 546226.477100000018254, 6449154.36600000038743 ] ] } },
{ "type": "Feature", "properties": { "plot": 9 }, "geometry": { "type": "LineString", "coordinates": [ [ 546249.802000000025146, 6449155.474999990314245 ], [ 546250.152099999948405, 6449154.423999999649823 ] ] } },
{ "type": "Feature", "properties": { "plot": 9 }, "geometry": { "type": "LineString", "coordinates": [ [ 546234.711000000010245, 6449131.200000000186265 ], [ 546234.975100000039674, 6449130.115000000223517 ] ] } },
{ "type": "Feature", "properties": { "plot": 9 }, "geometry": { "type": "LineString", "coordinates": [ [ 546241.912999999010935, 6449153.230999990366399 ], [ 546242.955100000021048, 6449152.815999999642372 ] ] } },
{ "type": "Feature", "properties": { "plot": 9 }, "geometry": { "type": "LineString", "coordinates": [ [ 546189.483, 6449124.936999989673495 ], [ 546188.369100000010803, 6449125.083999999798834 ] ] } },
{ "type": "Feature", "properties": { "plot": 9 }, "geometry": { "type": "LineString", "coordinates": [ [ 546228.861999999033287, 6449123.219999990426004 ], [ 546228.4301, 6449124.25800000037998 ] ] } },
{ "type": "Feature", "properties": { "plot": 9 }, "geometry": { "type": "LineString", "coordinates": [ [ 546230.591000000014901, 6449147.705 ], [ 546231.703100000042468, 6449147.388000000268221 ] ] } },
{ "type": "Feature", "properties": { "plot": 9 }, "geometry": { "type": "LineString", "coordinates": [ [ 546184.332999999052845, 6449105.265999989584088 ], [ 546185.2511, 6449104.545 ] ] } },
{ "type": "Feature", "properties": { "plot": 9 }, "geometry": { "type": "LineString", "coordinates": [ [ 546207.223, 6449169.752000000327826 ], [ 546208.3911, 6449169.713000000454485 ] ] } },
{ "type": "Feature", "properties": { "plot": 9 }, "geometry": { "type": "LineString", "coordinates": [ [ 546222.113000000012107, 6449178.178000000305474 ], [ 546221.646100000012666, 6449179.265999999828637 ] ] } },
{ "type": "Feature", "properties": { "plot": 9 }, "geometry": { "type": "LineString", "coordinates": [ [ 546223.90500000002794, 6449191.949 ], [ 546222.7611, 6449192.269999999552965 ] ] } },
{ "type": "Feature", "properties": { "plot": 9 }, "geometry": { "type": "LineString", "coordinates": [ [ 546227.829999999026768, 6449110.361999990418553 ], [ 546228.941100000054576, 6449110.833999999798834 ] ] } },
{ "type": "Feature", "properties": { "plot": 9 }, "geometry": { "type": "LineString", "coordinates": [ [ 546201.15500000002794, 6449141.109000000171363 ], [ 546199.958100000047125, 6449140.934999999590218 ] ] } },
{ "type": "Feature", "properties": { "plot": 9 }, "geometry": { "type": "LineString", "coordinates": [ [ 546198.337999999057502, 6449153.012000000104308 ], [ 546197.1971, 6449153.428999999538064 ] ] } },
{ "type": "Feature", "properties": { "plot": 9 }, "geometry": { "type": "LineString", "coordinates": [ [ 546204.839000000036322, 6449163.474000000394881 ], [ 546204.3911, 6449162.32799999974668 ] ] } },
{ "type": "Feature", "properties": { "plot": 9 }, "geometry": { "type": "LineString", "coordinates": [ [ 546190.712999999057502, 6449111.456000000238419 ], [ 546191.7661, 6449112.093999999575317 ] ] } },
{ "type": "Feature", "properties": { "plot": 9 }, "geometry": { "type": "LineString", "coordinates": [ [ 546210.819000000017695, 6449143.941999989561737 ], [ 546212.051100000040606, 6449143.903 ] ] } },
{ "type": "Feature", "properties": { "plot": 9 }, "geometry": { "type": "LineString", "coordinates": [ [ 546187.947999999043532, 6449126.536000000312924 ], [ 546186.821099999942817, 6449126.019000000320375 ] ] } },
{ "type": "Feature", "properties": { "plot": 9 }, "geometry": { "type": "LineString", "coordinates": [ [ 546224.454000000027008, 6449134.393000000156462 ], [ 546224.240100000053644, 6449133.144000000320375 ] ] } },
{ "type": "Feature", "properties": { "plot": 9 }, "geometry": { "type": "LineString", "coordinates": [ [ 546235.29500000004191, 6449190.739 ], [ 546235.382100000046194, 6449189.463999999687076 ] ] } },
{ "type": "Feature", "properties": { "plot": 9 }, "geometry": { "type": "LineString", "coordinates": [ [ 546221.462999999057502, 6449172.821000000461936 ], [ 546222.737100000027567, 6449173.020999999716878 ] ] } },
{ "type": "Feature", "properties": { "plot": 9 }, "geometry": { "type": "LineString", "coordinates": [ [ 546220.697999999043532, 6449190.29 ], [ 546221.988099999958649, 6449190.230000000447035 ] ] } },
{ "type": "Feature", "properties": { "plot": 9 }, "geometry": { "type": "LineString", "coordinates": [ [ 546205.51500000001397, 6449095.678000000305474 ], [ 546204.5161, 6449096.509999999776483 ] ] } },
{ "type": "Feature", "properties": { "plot": 9 }, "geometry": { "type": "LineString", "coordinates": [ [ 546209.473, 6449118.58899999037385 ], [ 546210.5651, 6449119.30599999986589 ] ] } },
{ "type": "Feature", "properties": { "plot": 9 }, "geometry": { "type": "LineString", "coordinates": [ [ 546220.822000000043772, 6449130.174999989569187 ], [ 546220.426100000040606, 6449131.42200000025332 ] ] } },
{ "type": "Feature", "properties": { "plot": 9 }, "geometry": { "type": "LineString", "coordinates": [ [ 546220.533000000054017, 6449108.31900000013411 ], [ 546219.210100000025705, 6449108.434999999590218 ] ] } },
{ "type": "Feature", "properties": { "plot": 9 }, "geometry": { "type": "LineString", "coordinates": [ [ 546226.496000000042841, 6449125.832000000402331 ], [ 546227.116099999984726, 6449127.034 ] ] } },
{ "type": "Feature", "properties": { "plot": 9 }, "geometry": { "type": "LineString", "coordinates": [ [ 546194.319999999017455, 6449108.75 ], [ 546193.1681, 6449109.506 ] ] } },
{ "type": "Feature", "properties": { "plot": 9 }, "geometry": { "type": "LineString", "coordinates": [ [ 546231.096000000019558, 6449125.773 ], [ 546231.559099999954924, 6449127.093999999575317 ] ] } },
{ "type": "Feature", "properties": { "plot": 9 }, "geometry": { "type": "LineString", "coordinates": [ [ 546202.667000000015832, 6449104.816999989561737 ], [ 546201.770099999965169, 6449105.907999999821186 ] ] } },
{ "type": "Feature", "properties": { "plot": 9 }, "geometry": { "type": "LineString", "coordinates": [ [ 546232.317000000039116, 6449153.588000000454485 ], [ 546233.617100000032224, 6449154.150999999605119 ] ] } },
{ "type": "Feature", "properties": { "plot": 9 }, "geometry": { "type": "LineString", "coordinates": [ [ 546218.206, 6449129.553999990224838 ], [ 546219.298100000014529, 6449130.478000000119209 ] ] } },
{ "type": "Feature", "properties": { "plot": 9 }, "geometry": { "type": "LineString", "coordinates": [ [ 546221.628000000026077, 6449142.292999990284443 ], [ 546222.784100000048056, 6449143.139000000432134 ] ] } },
{ "type": "Feature", "properties": { "plot": 9 }, "geometry": { "type": "LineString", "coordinates": [ [ 546215.064000000013039, 6449100.701999990269542 ], [ 546214.009100000024773, 6449099.707000000402331 ] ] } },
{ "type": "Feature", "properties": { "plot": 9 }, "geometry": { "type": "LineString", "coordinates": [ [ 546232.520000000018626, 6449134.827999990433455 ], [ 546232.659100000048056, 6449133.373999999836087 ] ] } },
{ "type": "Feature", "properties": { "plot": 9 }, "geometry": { "type": "LineString", "coordinates": [ [ 546245.089000000036322, 6449175.801 ], [ 546244.156100000021979, 6449176.958999999798834 ] ] } },
{ "type": "Feature", "properties": { "plot": 9 }, "geometry": { "type": "LineString", "coordinates": [ [ 546242.361999999033287, 6449184.919999989680946 ], [ 546241.0821, 6449184.160000000149012 ] ] } },
{ "type": "Feature", "properties": { "plot": 9 }, "geometry": { "type": "LineString", "coordinates": [ [ 546238.018000000040047, 6449146.440999990329146 ], [ 546238.178100000019185, 6449144.958999999798834 ] ] } },
{ "type": "Feature", "properties": { "plot": 9 }, "geometry": { "type": "LineString", "coordinates": [ [ 546224.393999999039806, 6449154.568 ], [ 546225.867100000032224, 6449154.853000000119209 ] ] } },
{ "type": "Feature", "properties": { "plot": 9 }, "geometry": { "type": "LineString", "coordinates": [ [ 546229.611999999033287, 6449176.21100000012666 ], [ 546228.1681, 6449175.75800000037998 ] ] } },
{ "type": "Feature", "properties": { "plot": 9 }, "geometry": { "type": "LineString", "coordinates": [ [ 546199.314000000013039, 6449135.180999989621341 ], [ 546198.5601, 6449136.494 ] ] } },
{ "type": "Feature", "properties": { "plot": 9 }, "geometry": { "type": "LineString", "coordinates": [ [ 546231.174, 6449132.441999989561737 ], [ 546230.146100000012666, 6449131.313 ] ] } },
{ "type": "Feature", "properties": { "plot": 9 }, "geometry": { "type": "LineString", "coordinates": [ [ 546219.947000000043772, 6449112.417999990284443 ], [ 546218.3761, 6449112.689000000245869 ] ] } },
{ "type": "Feature", "properties": { "plot": 9 }, "geometry": { "type": "LineString", "coordinates": [ [ 546204.430999999050982, 6449120.227 ], [ 546204.730100000044331, 6449118.648 ] ] } },
{ "type": "Feature", "properties": { "plot": 9 }, "geometry": { "type": "LineString", "coordinates": [ [ 546201.761000000056811, 6449152.859000000171363 ], [ 546203.1681, 6449153.661999999545515 ] ] } },
{ "type": "Feature", "properties": { "plot": 9 }, "geometry": { "type": "LineString", "coordinates": [ [ 546200.037000000011176, 6449108.462000000290573 ], [ 546198.492100000032224, 6449108.957999999634922 ] ] } },
{ "type": "Feature", "properties": { "plot": 9 }, "geometry": { "type": "LineString", "coordinates": [ [ 546205.143999999039806, 6449136.974000000394881 ], [ 546203.621099999989383, 6449136.286999999545515 ] ] } },
{ "type": "Feature", "properties": { "plot": 9 }, "geometry": { "type": "LineString", "coordinates": [ [ 546231.917000000015832, 6449124.389999990351498 ], [ 546231.3151, 6449122.795 ] ] } },
{ "type": "Feature", "properties": { "plot": 9 }, "geometry": { "type": "LineString", "coordinates": [ [ 546222.152, 6449116.42200000025332 ], [ 546223.176100000040606, 6449115.036999999545515 ] ] } },
{ "type": "Feature", "properties": { "plot": 9 }, "geometry": { "type": "LineString", "coordinates": [ [ 546204.101999999023974, 6449100.935999990440905 ], [ 546205.4671, 6449102.012000000104308 ] ] } },
{ "type": "Feature", "properties": { "plot": 9 }, "geometry": { "type": "LineString", "coordinates": [ [ 546223.359000000054948, 6449094.190000000409782 ], [ 546223.8051, 6449092.457000000402331 ] ] } },
{ "type": "Feature", "properties": { "plot": 9 }, "geometry": { "type": "LineString", "coordinates": [ [ 546197.62399999902118, 6449151.066999989561737 ], [ 546195.938100000028498, 6449150.423999999649823 ] ] } },
{ "type": "Feature", "properties": { "plot": 9 }, "geometry": { "type": "LineString", "coordinates": [ [ 546241.327000000048429, 6449147.769999990239739 ], [ 546240.173100000014529, 6449146.36699999962002 ] ] } },
{ "type": "Feature", "properties": { "plot": 9 }, "geometry": { "type": "LineString", "coordinates": [ [ 546224.608, 6449124.815999990329146 ], [ 546225.884100000024773, 6449123.503999999724329 ] ] } },
{ "type": "Feature", "properties": { "plot": 9 }, "geometry": { "type": "LineString", "coordinates": [ [ 546235.819999999017455, 6449142.870000000111759 ], [ 546234.910099999979138, 6449144.494 ] ] } },
{ "type": "Feature", "properties": { "plot": 9 }, "geometry": { "type": "LineString", "coordinates": [ [ 546195.268000000040047, 6449135.843000000342727 ], [ 546195.843100000056438, 6449134.052000000141561 ] ] } },
{ "type": "Feature", "properties": { "plot": 9 }, "geometry": { "type": "LineString", "coordinates": [ [ 546234.221999999019317, 6449167.833999989554286 ], [ 546236.085100000025705, 6449168.38300000037998 ] ] } },
{ "type": "Feature", "properties": { "plot": 9 }, "geometry": { "type": "LineString", "coordinates": [ [ 546198.253999999025837, 6449120.627000000327826 ], [ 546199.598099999944679, 6449119.224000000394881 ] ] } },
{ "type": "Feature", "properties": { "plot": 9 }, "geometry": { "type": "LineString", "coordinates": [ [ 546193.376999999047257, 6449120.203999989666045 ], [ 546191.473099999944679, 6449120.740000000223517 ] ] } },
{ "type": "Feature", "properties": { "plot": 9 }, "geometry": { "type": "LineString", "coordinates": [ [ 546222.935999999055639, 6449099.052000000141561 ], [ 546222.4571, 6449101.019999999552965 ] ] } },
{ "type": "Feature", "properties": { "plot": 9 }, "geometry": { "type": "LineString", "coordinates": [ [ 546229.207000000053085, 6449191.264000000432134 ], [ 546229.323100000037812, 6449189.21999999973923 ] ] } },
{ "type": "Feature", "properties": { "plot": 9 }, "geometry": { "type": "LineString", "coordinates": [ [ 546233.802999999024905, 6449169.052000000141561 ], [ 546232.24910000001546, 6449170.401999999769032 ] ] } },
{ "type": "Feature", "properties": { "plot": 9 }, "geometry": { "type": "LineString", "coordinates": [ [ 546205.76500000001397, 6449145.058000000193715 ], [ 546204.76410000002943, 6449146.938 ] ] } },
{ "type": "Feature", "properties": { "plot": 9 }, "geometry": { "type": "LineString", "coordinates": [ [ 546195.574000000022352, 6449098.701999990269542 ], [ 546197.556100000045262, 6449097.747999999672174 ] ] } },
{ "type": "Feature", "properties": { "plot": 9 }, "geometry": { "type": "LineString", "coordinates": [ [ 546214.937999999034218, 6449104.600999989546835 ], [ 546213.1311, 6449105.911999999545515 ] ] } },
{ "type": "Feature", "properties": { "plot": 9 }, "geometry": { "type": "LineString", "coordinates": [ [ 546223.753000000026077, 6449098.616999990306795 ], [ 546225.445100000011735, 6449097.08600000012666 ] ] } },
{ "type": "Feature", "properties": { "plot": 9 }, "geometry": { "type": "LineString", "coordinates": [ [ 546237.547000000020489, 6449171.33899999037385 ], [ 546238.627100000041537, 6449169.218000000342727 ] ] } },
{ "type": "Feature", "properties": { "plot": 9 }, "geometry": { "type": "LineString", "coordinates": [ [ 546199.947999999043532, 6449099.58899999037385 ], [ 546202.078100000042468, 6449098.474000000394881 ] ] } },
{ "type": "Feature", "properties": { "plot": 9 }, "geometry": { "type": "LineString", "coordinates": [ [ 546213.54500000004191, 6449096.251000000163913 ], [ 546211.714099999982864, 6449094.575000000186265 ] ] } },
{ "type": "Feature", "properties": { "plot": 9 }, "geometry": { "type": "LineString", "coordinates": [ [ 546256.322999999043532, 6449176.468999990262091 ], [ 546256.074099999968894, 6449173.865000000223517 ] ] } },
{ "type": "Feature", "properties": { "plot": 9 }, "geometry": { "type": "LineString", "coordinates": [ [ 546218.785000000032596, 6449087.918999990448356 ], [ 546219.687099999981001, 6449090.377999999560416 ] ] } },
{ "type": "Feature", "properties": { "plot": 9 }, "geometry": { "type": "LineString", "coordinates": [ [ 546187.13699999905657, 6449132.502000000327826 ], [ 546189.0821, 6449130.707999999634922 ] ] } },
{ "type": "Feature", "properties": { "plot": 9 }, "geometry": { "type": "LineString", "coordinates": [ [ 546225.3719999990426, 6449185.049999989569187 ], [ 546226.4791, 6449187.611999999731779 ] ] } },
{ "type": "Feature", "properties": { "plot": 9 }, "geometry": { "type": "LineString", "coordinates": [ [ 546243.699000000022352, 6449166.093000000342727 ], [ 546247.080100000021048, 6449166.712000000290573 ] ] } },
{ "type": "Feature", "properties": { "plot": 10 }, "geometry": { "type": "LineString", "coordinates": [ [ 546573.484000000054948, 6449103.946000000461936 ], [ 546573.478699999977835, 6449103.969700000248849 ] ] } },
{ "type": "Feature", "properties": { "plot": 10 }, "geometry": { "type": "LineString", "coordinates": [ [ 546573.886000000056811, 6449146.434999990276992 ], [ 546573.887699999962933, 6449146.407700000330806 ] ] } },
{ "type": "Feature", "properties": { "plot": 10 }, "geometry": { "type": "LineString", "coordinates": [ [ 546595.628000000026077, 6449110.487999989651144 ], [ 546595.706699999980628, 6449110.506699999794364 ] ] } },
{ "type": "Feature", "properties": { "plot": 10 }, "geometry": { "type": "LineString", "coordinates": [ [ 546583.449000000022352, 6449159.934999990276992 ], [ 546583.512699999962933, 6449159.989699999801815 ] ] } },
{ "type": "Feature", "properties": { "plot": 10 }, "geometry": { "type": "LineString", "coordinates": [ [ 546606.935999999055639, 6449117.347 ], [ 546606.860699999961071, 6449117.292700000107288 ] ] } },
{ "type": "Feature", "properties": { "plot": 10 }, "geometry": { "type": "LineString", "coordinates": [ [ 546597.179, 6449122.54700000025332 ], [ 546597.112700000056066, 6449122.4797 ] ] } },
{ "type": "Feature", "properties": { "plot": 10 }, "geometry": { "type": "LineString", "coordinates": [ [ 546592.49800000002142, 6449109.605000000447035 ], [ 546592.4177, 6449109.681699999608099 ] ] } },
{ "type": "Feature", "properties": { "plot": 10 }, "geometry": { "type": "LineString", "coordinates": [ [ 546578.76300000003539, 6449125.6969999903813 ], [ 546578.641700000036508, 6449125.7027000002563 ] ] } },
{ "type": "Feature", "properties": { "plot": 10 }, "geometry": { "type": "LineString", "coordinates": [ [ 546598.381000000052154, 6449089.549999989569187 ], [ 546598.257699999958277, 6449089.528699999675155 ] ] } },
{ "type": "Feature", "properties": { "plot": 10 }, "geometry": { "type": "LineString", "coordinates": [ [ 546602.363000000012107, 6449140.404 ], [ 546602.233699999982491, 6449140.4337 ] ] } },
{ "type": "Feature", "properties": { "plot": 10 }, "geometry": { "type": "LineString", "coordinates": [ [ 546576.74800000002142, 6449089.06900000013411 ], [ 546576.622699999948964, 6449089.00870000012219 ] ] } },
{ "type": "Feature", "properties": { "plot": 10 }, "geometry": { "type": "LineString", "coordinates": [ [ 546586.471999999019317, 6449171.731999989598989 ], [ 546586.320700000040233, 6449171.7237 ] ] } },
{ "type": "Feature", "properties": { "plot": 10 }, "geometry": { "type": "LineString", "coordinates": [ [ 546588.275000000023283, 6449160.415 ], [ 546588.214700000011362, 6449160.555700000375509 ] ] } },
{ "type": "Feature", "properties": { "plot": 10 }, "geometry": { "type": "LineString", "coordinates": [ [ 546607.658000000054017, 6449124.933000000193715 ], [ 546607.572700000018813, 6449125.0647 ] ] } },
{ "type": "Feature", "properties": { "plot": 10 }, "geometry": { "type": "LineString", "coordinates": [ [ 546614.567000000039116, 6449124.241999990306795 ], [ 546614.455700000049546, 6449124.123700000345707 ] ] } },
{ "type": "Feature", "properties": { "plot": 10 }, "geometry": { "type": "LineString", "coordinates": [ [ 546615.26399999903515, 6449138.150000000372529 ], [ 546615.1337, 6449138.255699999630451 ] ] } },
{ "type": "Feature", "properties": { "plot": 10 }, "geometry": { "type": "LineString", "coordinates": [ [ 546620.077000000048429, 6449149.896999989636242 ], [ 546619.909699999960139, 6449149.927699999883771 ] ] } },
{ "type": "Feature", "properties": { "plot": 10 }, "geometry": { "type": "LineString", "coordinates": [ [ 546599.88699999905657, 6449104.303000000305474 ], [ 546600.0037, 6449104.175699999555945 ] ] } },
{ "type": "Feature", "properties": { "plot": 10 }, "geometry": { "type": "LineString", "coordinates": [ [ 546568.518000000040047, 6449092.248999989591539 ], [ 546568.352700000046752, 6449092.1847 ] ] } },
{ "type": "Feature", "properties": { "plot": 10 }, "geometry": { "type": "LineString", "coordinates": [ [ 546601.12, 6449095.83899999037385 ], [ 546600.940700000035577, 6449095.775700000114739 ] ] } },
{ "type": "Feature", "properties": { "plot": 10 }, "geometry": { "type": "LineString", "coordinates": [ [ 546601.410000000032596, 6449150.430999989621341 ], [ 546601.3467, 6449150.617700000293553 ] ] } },
{ "type": "Feature", "properties": { "plot": 10 }, "geometry": { "type": "LineString", "coordinates": [ [ 546562.02800000004936, 6449100.578999989666045 ], [ 546561.831699999980628, 6449100.523699999786913 ] ] } },
{ "type": "Feature", "properties": { "plot": 10 }, "geometry": { "type": "LineString", "coordinates": [ [ 546586.697000000043772, 6449167.56900000013411 ], [ 546586.768700000015087, 6449167.762699999846518 ] ] } },
{ "type": "Feature", "properties": { "plot": 10 }, "geometry": { "type": "LineString", "coordinates": [ [ 546589.667000000015832, 6449099.350999989546835 ], [ 546589.815700000035577, 6449099.4967 ] ] } },
{ "type": "Feature", "properties": { "plot": 10 }, "geometry": { "type": "LineString", "coordinates": [ [ 546602.628999999025837, 6449124.350999989546835 ], [ 546602.504700000048615, 6449124.520700000226498 ] ] } },
{ "type": "Feature", "properties": { "plot": 10 }, "geometry": { "type": "LineString", "coordinates": [ [ 546566.88899999903515, 6449090.410000000149012 ], [ 546566.701699999975972, 6449090.3037 ] ] } },
{ "type": "Feature", "properties": { "plot": 10 }, "geometry": { "type": "LineString", "coordinates": [ [ 546596.106000000028871, 6449159.803000000305474 ], [ 546595.884700000053272, 6449159.77170000039041 ] ] } },
{ "type": "Feature", "properties": { "plot": 10 }, "geometry": { "type": "LineString", "coordinates": [ [ 546617.562000000034459, 6449174.833999989554286 ], [ 546617.696699999971315, 6449174.653699999675155 ] ] } },
{ "type": "Feature", "properties": { "plot": 10 }, "geometry": { "type": "LineString", "coordinates": [ [ 546624.24800000002142, 6449157.111999990418553 ], [ 546624.01969999994617, 6449157.066700000315905 ] ] } },
{ "type": "Feature", "properties": { "plot": 10 }, "geometry": { "type": "LineString", "coordinates": [ [ 546578.037999999010935, 6449158.472 ], [ 546577.816699999966659, 6449158.387699999846518 ] ] } },
{ "type": "Feature", "properties": { "plot": 10 }, "geometry": { "type": "LineString", "coordinates": [ [ 546588.633999999030493, 6449176.247999990358949 ], [ 546588.398700000019744, 6449176.275700000114739 ] ] } },
{ "type": "Feature", "properties": { "plot": 10 }, "geometry": { "type": "LineString", "coordinates": [ [ 546586.106000000028871, 6449132.308000000193715 ], [ 546585.866700000013225, 6449132.28870000038296 ] ] } },
{ "type": "Feature", "properties": { "plot": 10 }, "geometry": { "type": "LineString", "coordinates": [ [ 546556.106999999028631, 6449105.531999990344048 ], [ 546556.097700000042096, 6449105.283699999563396 ] ] } },
{ "type": "Feature", "properties": { "plot": 10 }, "geometry": { "type": "LineString", "coordinates": [ [ 546587.084000000031665, 6449178.743999989703298 ], [ 546587.289699999964796, 6449178.88370000012219 ] ] } },
{ "type": "Feature", "properties": { "plot": 10 }, "geometry": { "type": "LineString", "coordinates": [ [ 546609.072000000043772, 6449166.764999990351498 ], [ 546608.885699999984354, 6449166.594700000248849 ] ] } },
{ "type": "Feature", "properties": { "plot": 10 }, "geometry": { "type": "LineString", "coordinates": [ [ 546612.913999998942018, 6449120.648 ], [ 546612.693699999945238, 6449120.773699999786913 ] ] } },
{ "type": "Feature", "properties": { "plot": 10 }, "geometry": { "type": "LineString", "coordinates": [ [ 546607.63, 6449159.443 ], [ 546607.4177, 6449159.5927 ] ] } },
{ "type": "Feature", "properties": { "plot": 10 }, "geometry": { "type": "LineString", "coordinates": [ [ 546588.125, 6449083.503999990411103 ], [ 546587.929699999978766, 6449083.324699999764562 ] ] } },
{ "type": "Feature", "properties": { "plot": 10 }, "geometry": { "type": "LineString", "coordinates": [ [ 546600.209999999031425, 6449106.860000000335276 ], [ 546600.016700000036508, 6449106.675699999555945 ] ] } },
{ "type": "Feature", "properties": { "plot": 10 }, "geometry": { "type": "LineString", "coordinates": [ [ 546566.437000000034459, 6449126.139999990351498 ], [ 546566.171699999948032, 6449126.182699999772012 ] ] } },
{ "type": "Feature", "properties": { "plot": 10 }, "geometry": { "type": "LineString", "coordinates": [ [ 546609.150000000023283, 6449120.951999990269542 ], [ 546609.2977, 6449120.724700000137091 ] ] } },
{ "type": "Feature", "properties": { "plot": 10 }, "geometry": { "type": "LineString", "coordinates": [ [ 546622.38699999905657, 6449152.697999989613891 ], [ 546622.409699999960139, 6449152.409699999727309 ] ] } },
{ "type": "Feature", "properties": { "plot": 10 }, "geometry": { "type": "LineString", "coordinates": [ [ 546593.038999998942018, 6449162.341 ], [ 546593.125699999975041, 6449162.062699999660254 ] ] } },
{ "type": "Feature", "properties": { "plot": 10 }, "geometry": { "type": "LineString", "coordinates": [ [ 546593.799, 6449182.544999989680946 ], [ 546593.76569999998901, 6449182.83669999986887 ] ] } },
{ "type": "Feature", "properties": { "plot": 10 }, "geometry": { "type": "LineString", "coordinates": [ [ 546580.780999999027699, 6449116.645999990403652 ], [ 546580.549699999974109, 6449116.8427 ] ] } },
{ "type": "Feature", "properties": { "plot": 10 }, "geometry": { "type": "LineString", "coordinates": [ [ 546579.579000000027008, 6449097.955 ], [ 546579.375699999975041, 6449097.728699999861419 ] ] } },
{ "type": "Feature", "properties": { "plot": 10 }, "geometry": { "type": "LineString", "coordinates": [ [ 546605.233, 6449120.299999989569187 ], [ 546605.203699999954551, 6449119.995699999853969 ] ] } },
{ "type": "Feature", "properties": { "plot": 10 }, "geometry": { "type": "LineString", "coordinates": [ [ 546585.538999998942018, 6449128.966 ], [ 546585.215699999942444, 6449128.992700000293553 ] ] } },
{ "type": "Feature", "properties": { "plot": 10 }, "geometry": { "type": "LineString", "coordinates": [ [ 546565.699000000022352, 6449118.402999989688396 ], [ 546565.404699999955483, 6449118.545699999667704 ] ] } },
{ "type": "Feature", "properties": { "plot": 10 }, "geometry": { "type": "LineString", "coordinates": [ [ 546602.989999998942949, 6449160.507000000216067 ], [ 546602.865699999965727, 6449160.8097 ] ] } },
{ "type": "Feature", "properties": { "plot": 10 }, "geometry": { "type": "LineString", "coordinates": [ [ 546612.788999998942018, 6449144.917000000365078 ], [ 546612.538700000033714, 6449145.145700000226498 ] ] } },
{ "type": "Feature", "properties": { "plot": 10 }, "geometry": { "type": "LineString", "coordinates": [ [ 546591.211000000010245, 6449171.707000000402331 ], [ 546590.913700000033714, 6449171.881699999794364 ] ] } },
{ "type": "Feature", "properties": { "plot": 10 }, "geometry": { "type": "LineString", "coordinates": [ [ 546585.969999999040738, 6449151.716 ], [ 546585.630699999979697, 6449151.631699999794364 ] ] } },
{ "type": "Feature", "properties": { "plot": 10 }, "geometry": { "type": "LineString", "coordinates": [ [ 546604.430000000051223, 6449141.286000000312924 ], [ 546604.39069999998901, 6449141.639700000174344 ] ] } },
{ "type": "Feature", "properties": { "plot": 10 }, "geometry": { "type": "LineString", "coordinates": [ [ 546579.974000000045635, 6449146.560999990440905 ], [ 546579.690700000035577, 6449146.776700000278652 ] ] } },
{ "type": "Feature", "properties": { "plot": 10 }, "geometry": { "type": "LineString", "coordinates": [ [ 546582.586000000010245, 6449143.355999990366399 ], [ 546582.946699999971315, 6449143.3947 ] ] } },
{ "type": "Feature", "properties": { "plot": 10 }, "geometry": { "type": "LineString", "coordinates": [ [ 546623.49899999902118, 6449146.883999990299344 ], [ 546623.469700000016019, 6449147.2527 ] ] } },
{ "type": "Feature", "properties": { "plot": 10 }, "geometry": { "type": "LineString", "coordinates": [ [ 546609.915000000037253, 6449139.837000000290573 ], [ 546609.548700000043027, 6449139.778699999675155 ] ] } },
{ "type": "Feature", "properties": { "plot": 10 }, "geometry": { "type": "LineString", "coordinates": [ [ 546579.454999999026768, 6449152.308000000193715 ], [ 546579.469700000016019, 6449151.935700000263751 ] ] } },
{ "type": "Feature", "properties": { "plot": 10 }, "geometry": { "type": "LineString", "coordinates": [ [ 546589.216000000014901, 6449130.853000000119209 ], [ 546588.936699999962002, 6449130.602699999697506 ] ] } },
{ "type": "Feature", "properties": { "plot": 10 }, "geometry": { "type": "LineString", "coordinates": [ [ 546583.339000000036322, 6449089.919999989680946 ], [ 546582.963699999963865, 6449090.035699999891222 ] ] } },
{ "type": "Feature", "properties": { "plot": 10 }, "geometry": { "type": "LineString", "coordinates": [ [ 546614.231999999028631, 6449169.46499998960644 ], [ 546613.841699999989942, 6449169.417700000107288 ] ] } },
{ "type": "Feature", "properties": { "plot": 10 }, "geometry": { "type": "LineString", "coordinates": [ [ 546606.937999999034218, 6449131.043999990448356 ], [ 546606.568699999945238, 6449131.1897 ] ] } },
{ "type": "Feature", "properties": { "plot": 10 }, "geometry": { "type": "LineString", "coordinates": [ [ 546592.375, 6449168.582000000402331 ], [ 546592.626700000022538, 6449168.2697 ] ] } },
{ "type": "Feature", "properties": { "plot": 10 }, "geometry": { "type": "LineString", "coordinates": [ [ 546587.417000000015832, 6449146.865000000223517 ], [ 546587.697700000018813, 6449146.5587 ] ] } },
{ "type": "Feature", "properties": { "plot": 10 }, "geometry": { "type": "LineString", "coordinates": [ [ 546576.381999999051914, 6449118.08899999037385 ], [ 546575.966699999989942, 6449118.065700000151992 ] ] } },
{ "type": "Feature", "properties": { "plot": 10 }, "geometry": { "type": "LineString", "coordinates": [ [ 546595.971000000019558, 6449113.854000000283122 ], [ 546596.113699999987148, 6449114.245699999853969 ] ] } },
{ "type": "Feature", "properties": { "plot": 10 }, "geometry": { "type": "LineString", "coordinates": [ [ 546607.116000000038184, 6449143.513000000268221 ], [ 546607.103699999977835, 6449143.940700000151992 ] ] } },
{ "type": "Feature", "properties": { "plot": 10 }, "geometry": { "type": "LineString", "coordinates": [ [ 546609.535999999032356, 6449177.19400000013411 ], [ 546609.218699999968521, 6449177.482699999585748 ] ] } },
{ "type": "Feature", "properties": { "plot": 10 }, "geometry": { "type": "LineString", "coordinates": [ [ 546570.287999999010935, 6449115.518000000156462 ], [ 546570.036700000055134, 6449115.86670000012964 ] ] } },
{ "type": "Feature", "properties": { "plot": 10 }, "geometry": { "type": "LineString", "coordinates": [ [ 546586.652, 6449180.8219999903813 ], [ 546587.027699999976903, 6449180.6047 ] ] } },
{ "type": "Feature", "properties": { "plot": 10 }, "geometry": { "type": "LineString", "coordinates": [ [ 546570.62399999902118, 6449120.190999990329146 ], [ 546570.233699999982491, 6449119.998700000345707 ] ] } },
{ "type": "Feature", "properties": { "plot": 10 }, "geometry": { "type": "LineString", "coordinates": [ [ 546602.182999999029562, 6449134.8219999903813 ], [ 546601.813700000056997, 6449135.056699999608099 ] ] } },
{ "type": "Feature", "properties": { "plot": 10 }, "geometry": { "type": "LineString", "coordinates": [ [ 546602.147, 6449128.802000000141561 ], [ 546601.745699999970384, 6449128.614699999801815 ] ] } },
{ "type": "Feature", "properties": { "plot": 10 }, "geometry": { "type": "LineString", "coordinates": [ [ 546617.466999999014661, 6449152.375 ], [ 546617.2537, 6449152.772699999623001 ] ] } },
{ "type": "Feature", "properties": { "plot": 10 }, "geometry": { "type": "LineString", "coordinates": [ [ 546581.508000000030734, 6449103.691999989561737 ], [ 546581.095699999947101, 6449103.887699999846518 ] ] } },
{ "type": "Feature", "properties": { "plot": 10 }, "geometry": { "type": "LineString", "coordinates": [ [ 546599.966000000014901, 6449098.745000000111759 ], [ 546600.399699999950826, 6449098.8887 ] ] } },
{ "type": "Feature", "properties": { "plot": 10 }, "geometry": { "type": "LineString", "coordinates": [ [ 546557.096999999019317, 6449098.222 ], [ 546556.637699999962933, 6449098.182699999772012 ] ] } },
{ "type": "Feature", "properties": { "plot": 10 }, "geometry": { "type": "LineString", "coordinates": [ [ 546576.724000000045635, 6449150.94400000013411 ], [ 546576.259700000053272, 6449150.8947 ] ] } },
{ "type": "Feature", "properties": { "plot": 10 }, "geometry": { "type": "LineString", "coordinates": [ [ 546615.922999999020249, 6449160.245000000111759 ], [ 546615.7537, 6449160.682699999772012 ] ] } },
{ "type": "Feature", "properties": { "plot": 10 }, "geometry": { "type": "LineString", "coordinates": [ [ 546569.741000000038184, 6449114.616999990306795 ], [ 546569.451699999975972, 6449114.988699999637902 ] ] } },
{ "type": "Feature", "properties": { "plot": 10 }, "geometry": { "type": "LineString", "coordinates": [ [ 546583.415000000037253, 6449086.603000000119209 ], [ 546582.970699999947101, 6449086.436700000427663 ] ] } },
{ "type": "Feature", "properties": { "plot": 10 }, "geometry": { "type": "LineString", "coordinates": [ [ 546604.839999999036081, 6449172.906000000424683 ], [ 546604.388700000010431, 6449173.068699999712408 ] ] } },
{ "type": "Feature", "properties": { "plot": 10 }, "geometry": { "type": "LineString", "coordinates": [ [ 546599.647, 6449125.532999989576638 ], [ 546599.201699999975972, 6449125.339700000360608 ] ] } },
{ "type": "Feature", "properties": { "plot": 10 }, "geometry": { "type": "LineString", "coordinates": [ [ 546601.15399999904912, 6449157.376000000163913 ], [ 546600.66870000003837, 6449157.3267 ] ] } },
{ "type": "Feature", "properties": { "plot": 10 }, "geometry": { "type": "LineString", "coordinates": [ [ 546612.988000000012107, 6449134.342000000178814 ], [ 546612.492699999944307, 6449134.332700000144541 ] ] } },
{ "type": "Feature", "properties": { "plot": 10 }, "geometry": { "type": "LineString", "coordinates": [ [ 546608.479000000050291, 6449136.08600000012666 ], [ 546607.982700000051409, 6449136.1497 ] ] } },
{ "type": "Feature", "properties": { "plot": 10 }, "geometry": { "type": "LineString", "coordinates": [ [ 546597.883999999030493, 6449137.275000000372529 ], [ 546597.727700000046752, 6449136.7977 ] ] } },
{ "type": "Feature", "properties": { "plot": 10 }, "geometry": { "type": "LineString", "coordinates": [ [ 546586.158999999053776, 6449145.974999990314245 ], [ 546586.245699999970384, 6449146.469700000248849 ] ] } },
{ "type": "Feature", "properties": { "plot": 10 }, "geometry": { "type": "LineString", "coordinates": [ [ 546627.677999999024905, 6449160.637000000104308 ], [ 546627.421699999948032, 6449161.078700000420213 ] ] } },
{ "type": "Feature", "properties": { "plot": 10 }, "geometry": { "type": "LineString", "coordinates": [ [ 546587.618000000016764, 6449117.574 ], [ 546588.1287, 6449117.529699999839067 ] ] } },
{ "type": "Feature", "properties": { "plot": 10 }, "geometry": { "type": "LineString", "coordinates": [ [ 546569.454000000027008, 6449088.907999989576638 ], [ 546569.0307, 6449088.5757 ] ] } },
{ "type": "Feature", "properties": { "plot": 10 }, "geometry": { "type": "LineString", "coordinates": [ [ 546602.893000000040047, 6449141.970999989658594 ], [ 546603.4177, 6449142.095700000412762 ] ] } },
{ "type": "Feature", "properties": { "plot": 10 }, "geometry": { "type": "LineString", "coordinates": [ [ 546611.189000000013039, 6449122.46499998960644 ], [ 546610.8957, 6449122.943699999712408 ] ] } },
{ "type": "Feature", "properties": { "plot": 10 }, "geometry": { "type": "LineString", "coordinates": [ [ 546554.069999999017455, 6449102.94400000013411 ], [ 546554.341699999989942, 6449102.440700000151992 ] ] } },
{ "type": "Feature", "properties": { "plot": 10 }, "geometry": { "type": "LineString", "coordinates": [ [ 546605.824999999022111, 6449149.604000000283122 ], [ 546605.43370000005234, 6449149.179700000211596 ] ] } },
{ "type": "Feature", "properties": { "plot": 10 }, "geometry": { "type": "LineString", "coordinates": [ [ 546573.667999999015592, 6449127.485999990254641 ], [ 546573.092700000037439, 6449127.5647 ] ] } },
{ "type": "Feature", "properties": { "plot": 10 }, "geometry": { "type": "LineString", "coordinates": [ [ 546598.849999999045394, 6449090.064000000245869 ], [ 546599.12769999995362, 6449090.5767 ] ] } },
{ "type": "Feature", "properties": { "plot": 10 }, "geometry": { "type": "LineString", "coordinates": [ [ 546619.5, 6449170.985000000335276 ], [ 546619.382699999958277, 6449170.408699999563396 ] ] } },
{ "type": "Feature", "properties": { "plot": 10 }, "geometry": { "type": "LineString", "coordinates": [ [ 546595.579999999026768, 6449145.638000000268221 ], [ 546595.073699999949895, 6449145.941700000315905 ] ] } },
{ "type": "Feature", "properties": { "plot": 10 }, "geometry": { "type": "LineString", "coordinates": [ [ 546595.974999999045394, 6449130.568 ], [ 546595.4057, 6449130.759700000286102 ] ] } },
{ "type": "Feature", "properties": { "plot": 10 }, "geometry": { "type": "LineString", "coordinates": [ [ 546575.231999999028631, 6449094.208999989554286 ], [ 546575.423700000043027, 6449093.637699999846518 ] ] } },
{ "type": "Feature", "properties": { "plot": 10 }, "geometry": { "type": "LineString", "coordinates": [ [ 546578.868000000016764, 6449142.673000000417233 ], [ 546578.665700000012293, 6449143.244699999690056 ] ] } },
{ "type": "Feature", "properties": { "plot": 10 }, "geometry": { "type": "LineString", "coordinates": [ [ 546614.858, 6449146.037999990396202 ], [ 546615.45070000004489, 6449146.19469999987632 ] ] } },
{ "type": "Feature", "properties": { "plot": 10 }, "geometry": { "type": "LineString", "coordinates": [ [ 546600.040999999037012, 6449143.108 ], [ 546599.5207, 6449143.472699999809265 ] ] } },
{ "type": "Feature", "properties": { "plot": 10 }, "geometry": { "type": "LineString", "coordinates": [ [ 546599.981999999028631, 6449119.307 ], [ 546600.233699999982491, 6449118.722699999809265 ] ] } },
{ "type": "Feature", "properties": { "plot": 10 }, "geometry": { "type": "LineString", "coordinates": [ [ 546598.082000000053085, 6449168.962000000290573 ], [ 546598.5527, 6449168.531700000166893 ] ] } },
{ "type": "Feature", "properties": { "plot": 10 }, "geometry": { "type": "LineString", "coordinates": [ [ 546603.930999999050982, 6449153.996000000275671 ], [ 546603.697700000018813, 6449154.599700000137091 ] ] } },
{ "type": "Feature", "properties": { "plot": 10 }, "geometry": { "type": "LineString", "coordinates": [ [ 546581.925000000046566, 6449132.17200000025332 ], [ 546581.639699999941513, 6449132.7577 ] ] } },
{ "type": "Feature", "properties": { "plot": 10 }, "geometry": { "type": "LineString", "coordinates": [ [ 546573.003000000026077, 6449090.171 ], [ 546572.425700000021607, 6449089.830699999816716 ] ] } },
{ "type": "Feature", "properties": { "plot": 10 }, "geometry": { "type": "LineString", "coordinates": [ [ 546605.076, 6449151.700000000186265 ], [ 546604.886700000031851, 6449152.3487 ] ] } },
{ "type": "Feature", "properties": { "plot": 10 }, "geometry": { "type": "LineString", "coordinates": [ [ 546591.432000000029802, 6449164.074 ], [ 546591.806699999957345, 6449164.639700000174344 ] ] } },
{ "type": "Feature", "properties": { "plot": 10 }, "geometry": { "type": "LineString", "coordinates": [ [ 546599.935000000055879, 6449151.531999990344048 ], [ 546599.564699999988079, 6449152.114699999801815 ] ] } },
{ "type": "Feature", "properties": { "plot": 10 }, "geometry": { "type": "LineString", "coordinates": [ [ 546563.285999999032356, 6449103.262000000104308 ], [ 546562.903700000024401, 6449102.665699999779463 ] ] } },
{ "type": "Feature", "properties": { "plot": 10 }, "geometry": { "type": "LineString", "coordinates": [ [ 546570.878999999025837, 6449111.197999989613891 ], [ 546570.214700000011362, 6449110.929700000211596 ] ] } },
{ "type": "Feature", "properties": { "plot": 10 }, "geometry": { "type": "LineString", "coordinates": [ [ 546616.486000000033528, 6449166.048000000417233 ], [ 546616.4007, 6449166.759700000286102 ] ] } },
{ "type": "Feature", "properties": { "plot": 10 }, "geometry": { "type": "LineString", "coordinates": [ [ 546588.28000000002794, 6449081.777999989688396 ], [ 546588.833699999959208, 6449082.254700000397861 ] ] } },
{ "type": "Feature", "properties": { "plot": 10 }, "geometry": { "type": "LineString", "coordinates": [ [ 546581.611000000033528, 6449112.099000000394881 ], [ 546581.037699999986216, 6449111.643699999898672 ] ] } },
{ "type": "Feature", "properties": { "plot": 10 }, "geometry": { "type": "LineString", "coordinates": [ [ 546619.174, 6449171.419999989680946 ], [ 546619.858699999982491, 6449171.6837 ] ] } },
{ "type": "Feature", "properties": { "plot": 10 }, "geometry": { "type": "LineString", "coordinates": [ [ 546592.94099999894388, 6449143.139999990351498 ], [ 546592.216699999989942, 6449143.299700000323355 ] ] } },
{ "type": "Feature", "properties": { "plot": 10 }, "geometry": { "type": "LineString", "coordinates": [ [ 546603.584999999031425, 6449155.644000000320375 ], [ 546604.196699999971315, 6449155.2007 ] ] } },
{ "type": "Feature", "properties": { "plot": 10 }, "geometry": { "type": "LineString", "coordinates": [ [ 546600.077000000048429, 6449148.536999990232289 ], [ 546600.2757, 6449147.804700000211596 ] ] } },
{ "type": "Feature", "properties": { "plot": 10 }, "geometry": { "type": "LineString", "coordinates": [ [ 546579.586000000010245, 6449140.301 ], [ 546579.977700000046752, 6449139.64670000039041 ] ] } },
{ "type": "Feature", "properties": { "plot": 10 }, "geometry": { "type": "LineString", "coordinates": [ [ 546598.626999999047257, 6449178.355000000447035 ], [ 546598.947700000018813, 6449179.0477 ] ] } },
{ "type": "Feature", "properties": { "plot": 10 }, "geometry": { "type": "LineString", "coordinates": [ [ 546630.385, 6449166.598000000230968 ], [ 546629.614700000034645, 6449166.66370000038296 ] ] } },
{ "type": "Feature", "properties": { "plot": 10 }, "geometry": { "type": "LineString", "coordinates": [ [ 546628.995, 6449157.362999989651144 ], [ 546628.977700000046752, 6449158.1497 ] ] } },
{ "type": "Feature", "properties": { "plot": 10 }, "geometry": { "type": "LineString", "coordinates": [ [ 546607.697000000043772, 6449174.174999989569187 ], [ 546606.906700000050478, 6449174.237700000405312 ] ] } },
{ "type": "Feature", "properties": { "plot": 10 }, "geometry": { "type": "LineString", "coordinates": [ [ 546612.746000000042841, 6449126.639999990351498 ], [ 546612.974700000020675, 6449127.401700000278652 ] ] } },
{ "type": "Feature", "properties": { "plot": 10 }, "geometry": { "type": "LineString", "coordinates": [ [ 546576.807999999029562, 6449137.08999998960644 ], [ 546576.099700000020675, 6449136.7187 ] ] } },
{ "type": "Feature", "properties": { "plot": 10 }, "geometry": { "type": "LineString", "coordinates": [ [ 546611.598, 6449147.872999990358949 ], [ 546611.196699999971315, 6449148.566700000315905 ] ] } },
{ "type": "Feature", "properties": { "plot": 10 }, "geometry": { "type": "LineString", "coordinates": [ [ 546619.481000000028871, 6449155.760999989695847 ], [ 546619.738699999987148, 6449156.526700000278652 ] ] } },
{ "type": "Feature", "properties": { "plot": 10 }, "geometry": { "type": "LineString", "coordinates": [ [ 546625.586000000010245, 6449165.224999990314245 ], [ 546625.385699999984354, 6449166.025700000114739 ] ] } },
{ "type": "Feature", "properties": { "plot": 10 }, "geometry": { "type": "LineString", "coordinates": [ [ 546576.236999999033287, 6449102.08999998960644 ], [ 546575.406700000050478, 6449101.943699999712408 ] ] } },
{ "type": "Feature", "properties": { "plot": 10 }, "geometry": { "type": "LineString", "coordinates": [ [ 546590.827000000048429, 6449158.649000000208616 ], [ 546591.583699999959208, 6449159.0417 ] ] } },
{ "type": "Feature", "properties": { "plot": 10 }, "geometry": { "type": "LineString", "coordinates": [ [ 546602.197000000043772, 6449143.927000000141561 ], [ 546601.4227, 6449144.305700000375509 ] ] } },
{ "type": "Feature", "properties": { "plot": 10 }, "geometry": { "type": "LineString", "coordinates": [ [ 546586.157, 6449100.667000000365078 ], [ 546585.608699999982491, 6449101.346699999645352 ] ] } },
{ "type": "Feature", "properties": { "plot": 10 }, "geometry": { "type": "LineString", "coordinates": [ [ 546589.783999999053776, 6449137.264000000432134 ], [ 546588.9377, 6449137.040699999779463 ] ] } },
{ "type": "Feature", "properties": { "plot": 10 }, "geometry": { "type": "LineString", "coordinates": [ [ 546586.643999999039806, 6449112.38300000037998 ], [ 546585.893700000015087, 6449111.880699999630451 ] ] } },
{ "type": "Feature", "properties": { "plot": 10 }, "geometry": { "type": "LineString", "coordinates": [ [ 546597.27800000004936, 6449099.735000000335276 ], [ 546596.8837, 6449100.548700000159442 ] ] } },
{ "type": "Feature", "properties": { "plot": 10 }, "geometry": { "type": "LineString", "coordinates": [ [ 546600.647, 6449133.265999989584088 ], [ 546599.789699999964796, 6449132.965699999593198 ] ] } },
{ "type": "Feature", "properties": { "plot": 10 }, "geometry": { "type": "LineString", "coordinates": [ [ 546585.726000000024214, 6449084.747999990358949 ], [ 546584.901700000045821, 6449084.352699999697506 ] ] } },
{ "type": "Feature", "properties": { "plot": 10 }, "geometry": { "type": "LineString", "coordinates": [ [ 546574.275000000023283, 6449121.228000000119209 ], [ 546574.0207, 6449120.349700000137091 ] ] } },
{ "type": "Feature", "properties": { "plot": 10 }, "geometry": { "type": "LineString", "coordinates": [ [ 546582.890999999013729, 6449146.496000000275671 ], [ 546582.328699999954551, 6449145.767699999734759 ] ] } },
{ "type": "Feature", "properties": { "plot": 10 }, "geometry": { "type": "LineString", "coordinates": [ [ 546591.731999999028631, 6449152.703999989666045 ], [ 546591.4377, 6449151.8277000002563 ] ] } },
{ "type": "Feature", "properties": { "plot": 10 }, "geometry": { "type": "LineString", "coordinates": [ [ 546599.751999999047257, 6449112.773 ], [ 546599.152699999976903, 6449111.988699999637902 ] ] } },
{ "type": "Feature", "properties": { "plot": 10 }, "geometry": { "type": "LineString", "coordinates": [ [ 546609.234000000054948, 6449137.627000000327826 ], [ 546609.948699999949895, 6449136.91469999961555 ] ] } },
{ "type": "Feature", "properties": { "plot": 10 }, "geometry": { "type": "LineString", "coordinates": [ [ 546603.395999999018386, 6449097.644000000320375 ], [ 546602.540700000012293, 6449098.193699999712408 ] ] } },
{ "type": "Feature", "properties": { "plot": 10 }, "geometry": { "type": "LineString", "coordinates": [ [ 546570.503000000026077, 6449100.684000000357628 ], [ 546570.492699999944307, 6449101.747700000181794 ] ] } },
{ "type": "Feature", "properties": { "plot": 10 }, "geometry": { "type": "LineString", "coordinates": [ [ 546599.569000000017695, 6449128.848000000230968 ], [ 546598.4867, 6449128.710699999704957 ] ] } },
{ "type": "Feature", "properties": { "plot": 10 }, "geometry": { "type": "LineString", "coordinates": [ [ 546565.611999999033287, 6449098.236999990418553 ], [ 546566.691699999966659, 6449098.0757 ] ] } },
{ "type": "Feature", "properties": { "plot": 10 }, "geometry": { "type": "LineString", "coordinates": [ [ 546605.062000000034459, 6449166.102 ], [ 546604.105699999956414, 6449166.6497 ] ] } },
{ "type": "Feature", "properties": { "plot": 10 }, "geometry": { "type": "LineString", "coordinates": [ [ 546592.9969999990426, 6449121.879999989643693 ], [ 546592.166699999943376, 6449121.1217 ] ] } },
{ "type": "Feature", "properties": { "plot": 10 }, "geometry": { "type": "LineString", "coordinates": [ [ 546583.207000000053085, 6449138.6969999903813 ], [ 546584.215699999942444, 6449139.243700000457466 ] ] } },
{ "type": "Feature", "properties": { "plot": 10 }, "geometry": { "type": "LineString", "coordinates": [ [ 546626.626000000047497, 6449152.967000000178814 ], [ 546625.818699999945238, 6449153.8257 ] ] } },
{ "type": "Feature", "properties": { "plot": 10 }, "geometry": { "type": "LineString", "coordinates": [ [ 546617.949000000022352, 6449160.989 ], [ 546619.136700000031851, 6449161.180700000375509 ] ] } },
{ "type": "Feature", "properties": { "plot": 10 }, "geometry": { "type": "LineString", "coordinates": [ [ 546584.89000000001397, 6449145.876000000163913 ], [ 546584.092700000037439, 6449146.779699999839067 ] ] } },
{ "type": "Feature", "properties": { "plot": 10 }, "geometry": { "type": "LineString", "coordinates": [ [ 546576.383999999030493, 6449112.293999990448356 ], [ 546575.1677, 6449112.357699999585748 ] ] } },
{ "type": "Feature", "properties": { "plot": 10 }, "geometry": { "type": "LineString", "coordinates": [ [ 546575.677999999024905, 6449109.848000000230968 ], [ 546574.7757, 6449110.671699999831617 ] ] } },
{ "type": "Feature", "properties": { "plot": 10 }, "geometry": { "type": "LineString", "coordinates": [ [ 546569.13800000003539, 6449102.393000000156462 ], [ 546569.018700000015087, 6449103.643699999898672 ] ] } },
{ "type": "Feature", "properties": { "plot": 10 }, "geometry": { "type": "LineString", "coordinates": [ [ 546579.245, 6449101.066999989561737 ], [ 546578.114700000034645, 6449100.471699999645352 ] ] } },
{ "type": "Feature", "properties": { "plot": 10 }, "geometry": { "type": "LineString", "coordinates": [ [ 546578.550999999046326, 6449136.49100000038743 ], [ 546578.526700000045821, 6449135.203700000420213 ] ] } },
{ "type": "Feature", "properties": { "plot": 10 }, "geometry": { "type": "LineString", "coordinates": [ [ 546582.685000000055879, 6449126.900000000372529 ], [ 546583.3617, 6449125.798700000159442 ] ] } },
{ "type": "Feature", "properties": { "plot": 10 }, "geometry": { "type": "LineString", "coordinates": [ [ 546583.814999999012798, 6449164.782999989576638 ], [ 546585.028700000024401, 6449165.242700000293553 ] ] } },
{ "type": "Feature", "properties": { "plot": 10 }, "geometry": { "type": "LineString", "coordinates": [ [ 546602.432000000029802, 6449137.21 ], [ 546602.837700000032783, 6449138.4677 ] ] } },
{ "type": "Feature", "properties": { "plot": 10 }, "geometry": { "type": "LineString", "coordinates": [ [ 546573.810000000055879, 6449126.003999990411103 ], [ 546572.488699999987148, 6449125.833700000308454 ] ] } },
{ "type": "Feature", "properties": { "plot": 10 }, "geometry": { "type": "LineString", "coordinates": [ [ 546610.785000000032596, 6449118.267 ], [ 546610.514699999941513, 6449116.954699999652803 ] ] } },
{ "type": "Feature", "properties": { "plot": 10 }, "geometry": { "type": "LineString", "coordinates": [ [ 546568.917999999015592, 6449142.236999990418553 ], [ 546570.233699999982491, 6449142.498700000345707 ] ] } },
{ "type": "Feature", "properties": { "plot": 10 }, "geometry": { "type": "LineString", "coordinates": [ [ 546579.797000000020489, 6449122.161000000312924 ], [ 546580.730699999956414, 6449121.196700000204146 ] ] } },
{ "type": "Feature", "properties": { "plot": 10 }, "geometry": { "type": "LineString", "coordinates": [ [ 546578.76300000003539, 6449115.996000000275671 ], [ 546578.4817, 6449114.6667 ] ] } },
{ "type": "Feature", "properties": { "plot": 10 }, "geometry": { "type": "LineString", "coordinates": [ [ 546568.951, 6449141.430999989621341 ], [ 546568.381700000027195, 6449140.129700000397861 ] ] } },
{ "type": "Feature", "properties": { "plot": 10 }, "geometry": { "type": "LineString", "coordinates": [ [ 546584.071, 6449130.128999990411103 ], [ 546582.654699999955483, 6449129.946700000204146 ] ] } },
{ "type": "Feature", "properties": { "plot": 10 }, "geometry": { "type": "LineString", "coordinates": [ [ 546593.523000000044703, 6449102.487999989651144 ], [ 546594.453699999954551, 6449103.60869999974966 ] ] } },
{ "type": "Feature", "properties": { "plot": 10 }, "geometry": { "type": "LineString", "coordinates": [ [ 546600.288999998942018, 6449136.594999990426004 ], [ 546600.115699999965727, 6449138.073699999600649 ] ] } },
{ "type": "Feature", "properties": { "plot": 10 }, "geometry": { "type": "LineString", "coordinates": [ [ 546586.883000000030734, 6449092.572999989613891 ], [ 546588.071699999971315, 6449093.472699999809265 ] ] } },
{ "type": "Feature", "properties": { "plot": 10 }, "geometry": { "type": "LineString", "coordinates": [ [ 546570.523000000044703, 6449130.560999990440905 ], [ 546569.764699999941513, 6449129.207700000144541 ] ] } },
{ "type": "Feature", "properties": { "plot": 10 }, "geometry": { "type": "LineString", "coordinates": [ [ 546598.481999999028631, 6449161.037999990396202 ], [ 546599.174699999974109, 6449159.6097 ] ] } },
{ "type": "Feature", "properties": { "plot": 10 }, "geometry": { "type": "LineString", "coordinates": [ [ 546594.449999999022111, 6449085.333999989554286 ], [ 546593.39269999996759, 6449084.1447 ] ] } },
{ "type": "Feature", "properties": { "plot": 10 }, "geometry": { "type": "LineString", "coordinates": [ [ 546618.234000000054948, 6449171.565000000409782 ], [ 546617.760699999984354, 6449170.033699999563396 ] ] } },
{ "type": "Feature", "properties": { "plot": 10 }, "geometry": { "type": "LineString", "coordinates": [ [ 546595.76300000003539, 6449174.139000000432134 ], [ 546594.629700000048615, 6449172.999699999578297 ] ] } },
{ "type": "Feature", "properties": { "plot": 10 }, "geometry": { "type": "LineString", "coordinates": [ [ 546567.520999999018386, 6449118.292999990284443 ], [ 546569.1187, 6449117.927699999883771 ] ] } },
{ "type": "Feature", "properties": { "plot": 10 }, "geometry": { "type": "LineString", "coordinates": [ [ 546560.079999999026768, 6449098.063 ], [ 546558.686699999962002, 6449098.947700000368059 ] ] } },
{ "type": "Feature", "properties": { "plot": 10 }, "geometry": { "type": "LineString", "coordinates": [ [ 546584.535999999032356, 6449115.968000000342727 ], [ 546583.5427, 6449114.64670000039041 ] ] } },
{ "type": "Feature", "properties": { "plot": 10 }, "geometry": { "type": "LineString", "coordinates": [ [ 546625.65500000002794, 6449149.979000000283122 ], [ 546624.372699999948964, 6449148.926699999719858 ] ] } },
{ "type": "Feature", "properties": { "plot": 10 }, "geometry": { "type": "LineString", "coordinates": [ [ 546605.827999999048188, 6449179.901999990455806 ], [ 546604.375699999975041, 6449178.992700000293553 ] ] } },
{ "type": "Feature", "properties": { "plot": 10 }, "geometry": { "type": "LineString", "coordinates": [ [ 546566.564999999012798, 6449133.364 ], [ 546567.051699999952689, 6449135.071700000204146 ] ] } },
{ "type": "Feature", "properties": { "plot": 10 }, "geometry": { "type": "LineString", "coordinates": [ [ 546619.158000000054017, 6449165.814000000245869 ], [ 546618.260699999984354, 6449164.226700000464916 ] ] } },
{ "type": "Feature", "properties": { "plot": 10 }, "geometry": { "type": "LineString", "coordinates": [ [ 546566.239999998942949, 6449112.551 ], [ 546565.3957, 6449110.779699999839067 ] ] } },
{ "type": "Feature", "properties": { "plot": 10 }, "geometry": { "type": "LineString", "coordinates": [ [ 546621.716999999014661, 6449160.796 ], [ 546622.022699999972247, 6449162.737700000405312 ] ] } },
{ "type": "Feature", "properties": { "plot": 10 }, "geometry": { "type": "LineString", "coordinates": [ [ 546572.851999999023974, 6449130.650000000372529 ], [ 546573.568699999945238, 6449128.795699999667704 ] ] } },
{ "type": "Feature", "properties": { "plot": 10 }, "geometry": { "type": "LineString", "coordinates": [ [ 546609.984000000054948, 6449150.582000000402331 ], [ 546611.939699999988079, 6449150.941700000315905 ] ] } },
{ "type": "Feature", "properties": { "plot": 10 }, "geometry": { "type": "LineString", "coordinates": [ [ 546591.402, 6449093.859000000171363 ], [ 546590.504700000048615, 6449092.0417 ] ] } },
{ "type": "Feature", "properties": { "plot": 10 }, "geometry": { "type": "LineString", "coordinates": [ [ 546588.715592999942601, 6449096.993619999848306 ], [ 546590.533700000029057, 6449095.857699999585748 ] ] } },
{ "type": "Feature", "properties": { "plot": 10 }, "geometry": { "type": "LineString", "coordinates": [ [ 546586.770000000018626, 6449098.565999990329146 ], [ 546584.593699999968521, 6449098.688699999824166 ] ] } },
{ "type": "Feature", "properties": { "plot": 10 }, "geometry": { "type": "LineString", "coordinates": [ [ 546595.79500000004191, 6449143.65500000026077 ], [ 546595.483699999982491, 6449141.306699999608099 ] ] } },
{ "type": "Feature", "properties": { "plot": 10 }, "geometry": { "type": "LineString", "coordinates": [ [ 546585.349000000045635, 6449109.990000000223517 ], [ 546584.12769999995362, 6449107.884700000286102 ] ] } },
{ "type": "Feature", "properties": { "plot": 10 }, "geometry": { "type": "LineString", "coordinates": [ [ 546586.905999999027699, 6449096.064000000245869 ], [ 546584.412699999986216, 6449096.821700000204146 ] ] } },
{ "type": "Feature", "properties": { "plot": 10 }, "geometry": { "type": "LineString", "coordinates": [ [ 546619.141999998944812, 6449140.974000000394881 ], [ 546621.781700000050478, 6449140.214700000360608 ] ] } },
{ "type": "Feature", "properties": { "plot": 10 }, "geometry": { "type": "LineString", "coordinates": [ [ 546585.712999999057502, 6449124.115000000223517 ], [ 546583.027699999976903, 6449123.28870000038296 ] ] } },
{ "type": "Feature", "properties": { "plot": 10 }, "geometry": { "type": "LineString", "coordinates": [ [ 546591.993000000016764, 6449175.741999990306795 ], [ 546593.284699999960139, 6449178.9507 ] ] } }
]
}
