plot,tree_no,species,dbh,age,height,angle,comment,geometry,coords,candidate,class,distance
1,420.0,Aspen,23.6,,,60.0,,POINT (547072.506 6450332.66799999),"(np.float64(547072.506), np.float64(6450332.66799999))",,FN,
1,94.0,Birch,16.1,,15.8,0.0,,POINT (547072.668999999 6450396.864),"(np.float64(547072.668999999), np.float64(6450396.864))",,FN,
1,163.0,Aspen,33.2,,,80.0,,POINT (547072.827999999 6450388.65799999),"(np.float64(547072.827999999), np.float64(6450388.65799999))",,FN,
1,340.0,Aspen,27.9,,,0.0,,POINT (547072.854 6450351.849),"(np.float64(547072.854), np.float64(6450351.849))","(np.float64(547073.335), np.float64(6450352.8393), np.float64(29.093999999999994))",TP,1.1009337352216655
1,95.0,Birch,18.4,,22.4,0.0,Rotten,POINT (547072.939999999 6450396.29),"(np.float64(547072.939999999), np.float64(6450396.29))",,FN,
1,342.0,Aspen,27.55,,,0.0,,POINT (547073.094 6450339.84499999),"(np.float64(547073.094), np.float64(6450339.84499999))",,FN,
1,341.0,Aspen,32.5,88.0,32.2,0.0,,POINT (547073.466999999 6450340.915),"(np.float64(547073.466999999), np.float64(6450340.915))","(np.float64(547073.853), np.float64(6450341.2953), np.float64(30.318000000000012))",TP,0.5418709172843496
1,241.0,Aspen,19.5,,,0.0,,POINT (547073.491 6450371.956),"(np.float64(547073.491), np.float64(6450371.956))",,FN,
1,96.0,Birch,14.65,,16.3,0.0,,POINT (547073.633999999 6450392.66199999),"(np.float64(547073.633999999), np.float64(6450392.66199999))",,FN,
1,162.0,Aspen,26.55,,,0.0,,POINT (547073.702999999 6450387.43499999),"(np.float64(547073.702999999), np.float64(6450387.43499999))",,FN,
1,343.0,Spruce,16.5,,,0.0,,POINT (547074.118999999 6450339.25299999),"(np.float64(547074.118999999), np.float64(6450339.25299999))",,FN,
1,345.0,Aspen,26.55,,,0.0,,POINT (547074.184 6450336.83299999),"(np.float64(547074.184), np.float64(6450336.83299999))","(np.float64(547073.569), np.float64(6450337.2053), np.float64(16.254999999999995))",TP,0.7189104929482003
1,2.0,Aspen,28.5,,,0.0,,POINT (547074.299 6450419.542),"(np.float64(547074.299), np.float64(6450419.542))",,FN,
1,240.0,Fir,12.2,,,0.0,,POINT (547074.43 6450371.61),"(np.float64(547074.43), np.float64(6450371.61))",,FN,
1,161.0,Aspen,22.35,,,0.0,,POINT (547074.462 6450386.707),"(np.float64(547074.462), np.float64(6450386.707))","(np.float64(547073.359), np.float64(6450385.8423), np.float64(17.385999999999996))",TP,1.401540256744005
1,91.0,Fir,26.2,,,0.0,,POINT (547074.581 6450403.03699999),"(np.float64(547074.581), np.float64(6450403.03699999))","(np.float64(547073.993), np.float64(6450403.3593), np.float64(25.72))",TP,0.6705380645907314
1,166.0,Aspen,28.8,79.0,29.7,0.0,,POINT (547074.616999999 6450374.96999999),"(np.float64(547074.616999999), np.float64(6450374.96999999))","(np.float64(547074.353), np.float64(6450374.7473), np.float64(27.738))",TP,0.34538570505667304
1,5.0,Aspen,27.25,,,0.0,,POINT (547074.668999999 6450415.57299999),"(np.float64(547074.668999999), np.float64(6450415.57299999))","(np.float64(547074.525), np.float64(6450414.0223), np.float64(26.752999999999986))",TP,1.5573716501016397
1,165.0,Birch,13.8,,,0.0,,POINT (547074.778999999 6450376.12399999),"(np.float64(547074.778999999), np.float64(6450376.12399999))","(np.float64(547074.451), np.float64(6450375.6953), np.float64(14.046999999999997))",TP,0.5397848466128148
1,239.0,Birch,18.05,,21.9,0.0,,POINT (547075 6450371.65199999),"(np.float64(547075.0), np.float64(6450371.65199999))","(np.float64(547075.246), np.float64(6450372.1573), np.float64(20.04600000000002))",TP,0.5620000887422113
1,344.0,Aspen,25.0,,,0.0,,POINT (547075.351999999 6450338.68699999),"(np.float64(547075.351999999), np.float64(6450338.68699999))","(np.float64(547076.314), np.float64(6450338.5733), np.float64(15.954000000000008))",TP,0.968695870483099
1,164.0,Birch,11.65,,14.8,0.0,,POINT (547075.361 6450379.56099999),"(np.float64(547075.361), np.float64(6450379.56099999))",,FN,
1,97.0,Fir,12.85,,,0.0,,POINT (547075.388 6450391.49899999),"(np.float64(547075.388), np.float64(6450391.49899999))",,FN,
1,338.0,Aspen,23.6,,,0.0,,POINT (547075.621 6450350.65299999),"(np.float64(547075.621), np.float64(6450350.65299999))","(np.float64(547075.902), np.float64(6450350.2393), np.float64(29.579999999999984))",TP,0.5001086700083213
1,418.0,Aspen,19.0,,,0.0,,POINT (547075.745 6450333.07699999),"(np.float64(547075.745), np.float64(6450333.07699999))","(np.float64(547075.584), np.float64(6450332.1963), np.float64(12.61699999999999))",TP,0.895295187596284
1,1.0,Birch,46.7,,26.5,0.0,,POINT (547075.839999999 6450425.24299999),"(np.float64(547075.839999999), np.float64(6450425.24299999))",,FN,
1,242.0,Aspen,33.85,,,0.0,,POINT (547076.136 6450362.37399999),"(np.float64(547076.136), np.float64(6450362.37399999))","(np.float64(547076.232), np.float64(6450362.1773), np.float64(29.87299999999999))",TP,0.2188764172575683
1,419.0,Aspen,22.0,,,0.0,,POINT (547076.314 6450331.568),"(np.float64(547076.314), np.float64(6450331.568))",,FN,
1,90.0,Aspen,30.25,,,80.0,,POINT (547076.339999999 6450405.24399999),"(np.float64(547076.339999999), np.float64(6450405.24399999))",,FN,
1,159.0,Aspen,33.25,,,0.0,,POINT (547076.371 6450385.654),"(np.float64(547076.371), np.float64(6450385.654))","(np.float64(547076.232), np.float64(6450385.0513), np.float64(27.756))",TP,0.6185210502953129
1,346.0,Birch,17.35,,19.9,0.0,,POINT (547076.466999999 6450337.576),"(np.float64(547076.466999999), np.float64(6450337.576))","(np.float64(547076.025), np.float64(6450336.3983), np.float64(17.308999999999997))",TP,1.25791147980621
1,238.0,Aspen,22.15,,,0.0,,POINT (547076.562 6450367.33999999),"(np.float64(547076.562), np.float64(6450367.33999999))",,FN,
1,337.0,Aspen,21.55,,,0.0,,POINT (547076.729 6450351.57299999),"(np.float64(547076.729), np.float64(6450351.57299999))","(np.float64(547077.204), np.float64(6450352.2413), np.float64(29.194000000000017))",TP,0.8199084727557318
1,243.0,Aspen,26.7,,,0.0,,POINT (547076.893 6450359.88399999),"(np.float64(547076.893), np.float64(6450359.88399999))","(np.float64(547076.466), np.float64(6450360.4003), np.float64(21.954000000000008))",TP,0.6699960446874385
1,89.0,Aspen,27.45,,,0.0,,POINT (547077.072999999 6450406.12999999),"(np.float64(547077.072999999), np.float64(6450406.12999999))","(np.float64(547076.415), np.float64(6450408.2953), np.float64(17.77000000000001))",TP,2.2630705104006057
1,98.0,Aspen,30.35,,,0.0,,POINT (547077.18 6450392.852),"(np.float64(547077.18), np.float64(6450392.852))","(np.float64(547076.158), np.float64(6450392.4623), np.float64(15.982))",TP,1.0937778979894286
1,350.0,Aspen,19.6,,,0.0,,POINT (547077.246 6450343.97499999),"(np.float64(547077.246), np.float64(6450343.97499999))",,FN,
1,349.0,Birch,26.65,90.0,31.9,0.0,,POINT (547077.3 6450341.90199999),"(np.float64(547077.3), np.float64(6450341.90199999))","(np.float64(547077.335), np.float64(6450341.6333), np.float64(29.054000000000002))",TP,0.2709698967316326
1,160.0,Aspen,17.45,,,0.0,,POINT (547077.359999999 6450388.898),"(np.float64(547077.359999999), np.float64(6450388.898))","(np.float64(547076.074), np.float64(6450388.5693), np.float64(15.587999999999994))",TP,1.3273430934718677
1,3.0,Fir,12.55,,,0.0,,POINT (547077.454 6450419.99399999),"(np.float64(547077.454), np.float64(6450419.99399999))","(np.float64(547078.329), np.float64(6450419.6493), np.float64(16.09899999999999))",TP,0.9404483415419292
1,158.0,Fir,12.15,,,0.0,,POINT (547077.552999999 6450382.48199999),"(np.float64(547077.552999999), np.float64(6450382.48199999))",,FN,
1,348.0,Spruce,14.2,,14.3,0.0,,POINT (547077.729999999 6450340.58),"(np.float64(547077.729999999), np.float64(6450340.58))","(np.float64(547077.405), np.float64(6450341.9923), np.float64(15.495000000000005))",TP,1.4492122995861492
1,100.0,Aspen,29.8,,,0.0,,POINT (547077.755 6450395.855),"(np.float64(547077.755), np.float64(6450395.855))",,FN,
1,167.0,Aspen,23.3,,,0.0,,POINT (547078.052 6450379.797),"(np.float64(547078.052), np.float64(6450379.797))","(np.float64(547076.579), np.float64(6450379.8003), np.float64(18.663999999999987))",TP,1.4730036965311373
1,92.0,Fir,15.6,,,0.0,,POINT (547078.190999999 6450401.94799999),"(np.float64(547078.190999999), np.float64(6450401.94799999))",,FN,
1,4.0,Aspen,23.5,69.0,27.4,0.0,,POINT (547078.211 6450419.01999999),"(np.float64(547078.211), np.float64(6450419.01999999))","(np.float64(547078.406), np.float64(6450416.3683), np.float64(26.243000000000023))",TP,2.658860251522612
1,417.0,Aspen,31.35,,,0.0,,POINT (547078.261999999 6450335.086),"(np.float64(547078.261999999), np.float64(6450335.086))","(np.float64(547078.796), np.float64(6450335.2333), np.float64(28.262))",TP,0.5539434005996033
1,347.0,Aspen,22.05,,,0.0,,POINT (547078.361 6450338.184),"(np.float64(547078.361), np.float64(6450338.184))","(np.float64(547079.844), np.float64(6450338.2383), np.float64(20.531999999999982))",TP,1.4839937634699578
1,244.0,Aspen,22.75,,,0.0,,POINT (547078.432 6450359.4),"(np.float64(547078.432), np.float64(6450359.4))","(np.float64(547078.846), np.float64(6450360.3593), np.float64(20.466000000000008))",TP,1.0448217496912116
1,157.0,Tilia,17.0,,,0.0,,POINT (547078.447999999 6450382.791),"(np.float64(547078.447999999), np.float64(6450382.791))",,FN,
1,246.0,Aspen,27.1,,,0.0,,POINT (547078.505 6450356.894),"(np.float64(547078.505), np.float64(6450356.894))","(np.float64(547078.696), np.float64(6450357.8173), np.float64(29.595))",TP,0.9428488159966029
1,339.0,Aspen,30.65,,,0.0,,POINT (547078.606 6450346.375),"(np.float64(547078.606), np.float64(6450346.375))","(np.float64(547078.93), np.float64(6450346.1983), np.float64(29.923000000000002))",TP,0.36905133777766175
1,99.0,Spruce,12.65,,,0.0,,POINT (547078.709999999 6450394.665),"(np.float64(547078.709999999), np.float64(6450394.665))","(np.float64(547079.63), np.float64(6450394.9433), np.float64(25.846000000000004))",TP,0.9611716246270193
1,88.0,Aspen,29.0,,,80.0,,POINT (547078.783999999 6450404.468),"(np.float64(547078.783999999), np.float64(6450404.468))","(np.float64(547079.823), np.float64(6450405.3943), np.float64(25.997000000000014))",TP,1.3919600177190687
1,156.0,Tilia,18.25,,,0.0,,POINT (547079.062 6450381.926),"(np.float64(547079.062), np.float64(6450381.926))","(np.float64(547079.635), np.float64(6450381.4123), np.float64(20.629999999999995))",TP,0.7695561642803596
1,336.0,Aspen,28.95,,,0.0,,POINT (547079.385 6450350.491),"(np.float64(547079.385), np.float64(6450350.491))","(np.float64(547079.597), np.float64(6450350.4743), np.float64(29.982000000000028))",TP,0.21265674217361405
1,93.0,Aspen,32.3,,,0.0,,POINT (547079.412 6450402.286),"(np.float64(547079.412), np.float64(6450402.286))","(np.float64(547079.339), np.float64(6450402.1833), np.float64(12.596000000000004))",TP,0.12600115128636802
1,155.0,Spruce,20.5,111.0,17.1,0.0,A hollow,POINT (547079.456 6450383.512),"(np.float64(547079.456), np.float64(6450383.512))","(np.float64(547078.95), np.float64(6450384.1003), np.float64(16.857))",TP,0.7759722224331931
1,249.0,Aspen,17.25,,,0.0,,POINT (547079.567999999 6450363.51499999),"(np.float64(547079.567999999), np.float64(6450363.51499999))",,FN,
1,352.0,Aspen,16.95,,,0.0,,POINT (547079.650999999 6450346.876),"(np.float64(547079.650999999), np.float64(6450346.876))",,FN,
1,245.0,Aspen,17.85,,,0.0,,POINT (547079.736 6450358.70299999),"(np.float64(547079.736), np.float64(6450358.70299999))",,FN,
1,335.0,Aspen,18.95,,,80.0,,POINT (547079.802 6450354.479),"(np.float64(547079.802), np.float64(6450354.479))",,FN,
1,169.0,Birch,11.5,,,0.0,,POINT (547079.805 6450378.39099999),"(np.float64(547079.805), np.float64(6450378.39099999))","(np.float64(547078.691), np.float64(6450378.3943), np.float64(14.078000000000003))",TP,1.1140048878709174
1,173.0,Aspen,17.0,,,0.0,,POINT (547079.841 6450374.525),"(np.float64(547079.841), np.float64(6450374.525))",,FN,
1,351.0,Aspen,19.5,,,0.0,,POINT (547079.886999999 6450343.235),"(np.float64(547079.886999999), np.float64(6450343.235))",,FN,
1,168.0,Aspen,26.95,71.0,29.0,0.0,,POINT (547079.929 6450377.858),"(np.float64(547079.929), np.float64(6450377.858))",,FN,
1,237.0,Aspen,28.75,,,0.0,,POINT (547079.93 6450371.275),"(np.float64(547079.93), np.float64(6450371.275))","(np.float64(547079.756), np.float64(6450370.4483), np.float64(27.37300000000002))",TP,0.8448129320461595
1,236.0,Aspen,36.9,,,0.0,,POINT (547079.998999999 6450366.335),"(np.float64(547079.998999999), np.float64(6450366.335))","(np.float64(547079.999), np.float64(6450365.0043), np.float64(29.941000000000003))",TP,1.3306999998167157
1,247.0,Aspen,30.2,,,0.0,,POINT (547080.459 6450356.716),"(np.float64(547080.459), np.float64(6450356.716))","(np.float64(547080.209), np.float64(6450356.2043), np.float64(29.839))",TP,0.5695058293601376
1,101.0,Aspen,14.95,,,0.0,,POINT (547080.56 6450392.228),"(np.float64(547080.56), np.float64(6450392.228))",,FN,
1,235.0,Spruce,16.3,,,0.0,,POINT (547080.893999999 6450368.085),"(np.float64(547080.893999999), np.float64(6450368.085))",,FN,
1,102.0,Fir,14.45,,,0.0,,POINT (547080.927 6450390.93099999),"(np.float64(547080.927), np.float64(6450390.93099999))","(np.float64(547081.037), np.float64(6450390.6513), np.float64(14.052999999999997))",TP,0.30055296401150455
1,22.0,Aspen,27.75,,,0.0,,POINT (547081.145999999 6450413.05999999),"(np.float64(547081.145999999), np.float64(6450413.05999999))","(np.float64(547081.622), np.float64(6450412.9473), np.float64(26.181999999999988))",TP,0.4891597782850787
1,8.0,Spruce,14.45,78.0,10.9,0.0,,POINT (547081.147 6450425.64099999),"(np.float64(547081.147), np.float64(6450425.64099999))","(np.float64(547079.957), np.float64(6450426.0203), np.float64(12.385999999999996))",TP,1.2489869886229004
1,355.0,Aspen,27.0,,,0.0,,POINT (547081.185 6450341.86199999),"(np.float64(547081.185), np.float64(6450341.86199999))",,FN,
1,248.0,Aspen,16.85,,,0.0,,POINT (547081.231999999 6450359.847),"(np.float64(547081.231999999), np.float64(6450359.847))","(np.float64(547082.784), np.float64(6450360.0033), np.float64(20.191000000000003))",TP,1.559850535449575
1,250.0,Aspen,31.05,,,0.0,Two tops,POINT (547081.278 6450363.196),"(np.float64(547081.278), np.float64(6450363.196))","(np.float64(547081.315), np.float64(6450362.8053), np.float64(28.679000000000002))",TP,0.39244807332502707
1,172.0,Birch,12.6,,12.6,0.0,,POINT (547081.309 6450373.638),"(np.float64(547081.309), np.float64(6450373.638))",,FN,
1,154.0,Tilia,16.0,,,0.0,,POINT (547081.314 6450384.16299999),"(np.float64(547081.314), np.float64(6450384.16299999))",,FN,
1,103.0,Aspen,25.45,,,0.0,,POINT (547081.381 6450390.37799999),"(np.float64(547081.381), np.float64(6450390.37799999))",,FN,
1,171.0,Aspen,20.0,,,0.0,,POINT (547081.403 6450374.12299999),"(np.float64(547081.403), np.float64(6450374.12299999))","(np.float64(547081.648), np.float64(6450374.3323), np.float64(16.168999999999983))",TP,0.3222289465404241
1,170.0,Aspen,21.9,,,0.0,,POINT (547081.488 6450376.597),"(np.float64(547081.488), np.float64(6450376.597))","(np.float64(547080.297), np.float64(6450376.1793), np.float64(26.951999999999998))",TP,1.2621229298565426
1,353.0,Aspen,23.3,,,0.0,,POINT (547081.638999999 6450350.48099999),"(np.float64(547081.638999999), np.float64(6450350.48099999))","(np.float64(547082.842), np.float64(6450350.6183), np.float64(29.007000000000005))",TP,1.2108097682515284
1,6.0,Aspen,25.7,,,0.0,,POINT (547081.961 6450419.831),"(np.float64(547081.961), np.float64(6450419.831))","(np.float64(547081.853), np.float64(6450420.7243), np.float64(14.183000000000021))",TP,0.8998049173963533
1,153.0,Tilia,19.9,,,0.0,,POINT (547081.962999999 6450383.263),"(np.float64(547081.962999999), np.float64(6450383.263))","(np.float64(547082.066), np.float64(6450382.9403), np.float64(26.589))",TP,0.33873926614724353
1,354.0,Aspen,25.4,,,0.0,,POINT (547081.998 6450343.025),"(np.float64(547081.998), np.float64(6450343.025))","(np.float64(547081.068), np.float64(6450343.3013), np.float64(29.371999999999986))",TP,0.9701761129352218
1,21.0,Aspen,23.45,66.0,25.3,0.0,,POINT (547082.065999999 6450413.665),"(np.float64(547082.065999999), np.float64(6450413.665))",,FN,
1,416.0,Aspen,21.1,,,0.0,,POINT (547082.192 6450332.409),"(np.float64(547082.192), np.float64(6450332.409))",,FN,
1,234.0,Birch,18.8,,24.4,0.0,Rotten,POINT (547082.261 6450365.17399999),"(np.float64(547082.261), np.float64(6450365.17399999))",,FN,
1,334.0,Aspen,25.3,,,0.0,,POINT (547082.567999999 6450354.264),"(np.float64(547082.567999999), np.float64(6450354.264))","(np.float64(547082.563), np.float64(6450354.1293), np.float64(29.02800000000002))",TP,0.13479276711978763
1,151.0,Aspen,25.7,,,0.0,,POINT (547082.721 6450381.98099999),"(np.float64(547082.721), np.float64(6450381.98099999))",,FN,
1,152.0,Aspen,24.85,,,0.0,,POINT (547082.861 6450382.741),"(np.float64(547082.861), np.float64(6450382.741))",,FN,
1,9.0,Aspen,18.7,,,0.0,,POINT (547083.182 6450426.826),"(np.float64(547083.182), np.float64(6450426.826))",,FN,
1,330.0,Tilia,17.05,,,80.0,,POINT (547083.197 6450346.48099999),"(np.float64(547083.197), np.float64(6450346.48099999))",,FN,
1,415.0,Spruce,18.05,,15.9,0.0,,POINT (547083.221999999 6450332.142),"(np.float64(547083.221999999), np.float64(6450332.142))",,FN,
1,20.0,Aspen,30.55,,,0.0,,POINT (547083.314999999 6450410.03799999),"(np.float64(547083.314999999), np.float64(6450410.03799999))","(np.float64(547082.921), np.float64(6450410.6453), np.float64(19.218999999999994))",TP,0.723912495317889
1,414.0,Aspen,30.4,,,0.0,,POINT (547083.386999999 6450330.34499999),"(np.float64(547083.386999999), np.float64(6450330.34499999))","(np.float64(547083.099), np.float64(6450330.5143), np.float64(27.663999999999987))",TP,0.3340755792419092
1,333.0,Aspen,18.4,,,70.0,,POINT (547083.446 6450351.69),"(np.float64(547083.446), np.float64(6450351.69))",,FN,
1,17.0,Tilia,12.65,,,0.0,,POINT (547083.601999999 6450415.03699999),"(np.float64(547083.601999999), np.float64(6450415.03699999))","(np.float64(547083.719), np.float64(6450415.2033), np.float64(12.98399999999998))",TP,0.20333394586916384
1,7.0,Birch,35.2,112.0,27.2,0.0,,POINT (547083.765999999 6450422.26599999),"(np.float64(547083.765999999), np.float64(6450422.26599999))","(np.float64(547081.932), np.float64(6450423.6623), np.float64(25.47999999999999))",TP,2.3050400680398098
1,329.0,Aspen,30.7,,,0.0,,POINT (547083.814999999 6450346.83899999),"(np.float64(547083.814999999), np.float64(6450346.83899999))","(np.float64(547083.91), np.float64(6450347.1363), np.float64(14.492000000000019))",TP,0.31210942974023426
1,18.0,Tilia,13.95,,,0.0,,POINT (547083.871999999 6450413.52599999),"(np.float64(547083.871999999), np.float64(6450413.52599999))","(np.float64(547084.047), np.float64(6450414.1523), np.float64(25.925999999999988))",TP,0.6502897067781019
1,87.0,Birch,25.55,82.0,22.8,0.0,,POINT (547084.224 6450404.125),"(np.float64(547084.224), np.float64(6450404.125))","(np.float64(547087.853), np.float64(6450406.0073), np.float64(22.619))",TP,4.08811622738199
1,251.0,Aspen,25.9,,,0.0,,POINT (547084.773999999 6450359.68699999),"(np.float64(547084.773999999), np.float64(6450359.68699999))",,FN,
1,104.0,Aspen,26.25,,,70.0,,POINT (547084.940999999 6450388.438),"(np.float64(547084.940999999), np.float64(6450388.438))","(np.float64(547085.349), np.float64(6450388.0953), np.float64(26.613))",TP,0.5328295138643331
1,331.0,Aspen,23.35,,,0.0,,POINT (547085.028 6450350.149),"(np.float64(547085.028), np.float64(6450350.149))","(np.float64(547085.059), np.float64(6450350.6723), np.float64(16.388000000000005))",TP,0.5242174067225144
1,358.0,Fir,12.25,,,0.0,,POINT (547085.241999999 6450336.014),"(np.float64(547085.241999999), np.float64(6450336.014))","(np.float64(547085.445), np.float64(6450335.8583), np.float64(29.825999999999993))",TP,0.25583488888485567
1,413.0,Fir,12.0,,,0.0,,POINT (547085.329 6450330.973),"(np.float64(547085.329), np.float64(6450330.973))",,FN,
1,19.0,Tilia,18.15,,,0.0,,POINT (547085.545999999 6450411.73),"(np.float64(547085.545999999), np.float64(6450411.73))",,FN,
1,106.0,Aspen,27.8,,,0.0,,POINT (547085.569999999 6450391.946),"(np.float64(547085.569999999), np.float64(6450391.946))","(np.float64(547084.914), np.float64(6450393.1003), np.float64(25.687000000000012))",TP,1.3276838809639284
1,332.0,Aspen,23.5,,,0.0,,POINT (547085.611999999 6450352.49799999),"(np.float64(547085.611999999), np.float64(6450352.49799999))","(np.float64(547086.342), np.float64(6450352.4883), np.float64(22.999000000000024))",TP,0.7300644431413864
1,86.0,Spruce,22.05,98.0,15.4,0.0,,POINT (547085.650999999 6450404.103),"(np.float64(547085.650999999), np.float64(6450404.103))",,FN,
1,357.0,Aspen,34.4,,,0.0,,POINT (547085.655999999 6450336.24),"(np.float64(547085.655999999), np.float64(6450336.24))",,FN,
1,359.0,Aspen,17.5,,,0.0,,POINT (547085.741 6450335.75899999),"(np.float64(547085.741), np.float64(6450335.75899999))",,FN,
1,16.0,Tilia,11.35,,,0.0,,POINT (547085.863999999 6450417.82799999),"(np.float64(547085.863999999), np.float64(6450417.82799999))","(np.float64(547085.104), np.float64(6450418.3483), np.float64(12.880000000000024))",TP,0.9210385975009825
1,254.0,Aspen,26.9,,,0.0,,POINT (547085.946 6450356.506),"(np.float64(547085.946), np.float64(6450356.506))","(np.float64(547086.167), np.float64(6450356.4413), np.float64(29.093000000000018))",TP,0.23027611688384442
1,412.0,Aspen,24.15,,,0.0,,POINT (547085.991 6450331.08),"(np.float64(547085.991), np.float64(6450331.08))","(np.float64(547085.853), np.float64(6450330.8233), np.float64(27.974999999999994))",TP,0.29144277294898596
1,356.0,Aspen,23.15,,,0.0,,POINT (547086.109 6450337.11199999),"(np.float64(547086.109), np.float64(6450337.11199999))",,FN,
1,174.0,Aspen,18.8,,,0.0,,POINT (547086.177999999 6450374.945),"(np.float64(547086.177999999), np.float64(6450374.945))","(np.float64(547086.182), np.float64(6450374.3363), np.float64(25.599999999999994))",TP,0.6087131433089547
1,253.0,Aspen,26.25,,,0.0,,POINT (547086.253999999 6450357.615),"(np.float64(547086.253999999), np.float64(6450357.615))",,FN,
1,10.0,Alder,23.6,,,0.0,,POINT (547086.27 6450427.302),"(np.float64(547086.27), np.float64(6450427.302))",,FN,
1,150.0,Aspen,25.5,,,0.0,,POINT (547086.437999999 6450384.93499999),"(np.float64(547086.437999999), np.float64(6450384.93499999))","(np.float64(547086.346), np.float64(6450385.3353), np.float64(13.518))",TP,0.4107360440851622
1,105.0,Aspen,12.7,,,0.0,,POINT (547086.471 6450388.63499999),"(np.float64(547086.471), np.float64(6450388.63499999))",,FN,
1,252.0,Aspen,24.7,,,0.0,,POINT (547086.515999999 6450361.122),"(np.float64(547086.515999999), np.float64(6450361.122))","(np.float64(547086.506), np.float64(6450360.8973), np.float64(29.287999999999982))",TP,0.2249224089343702
1,328.0,Aspen,36.7,83.0,32.1,0.0,,POINT (547086.809 6450342.36799999),"(np.float64(547086.809), np.float64(6450342.36799999))","(np.float64(547086.576), np.float64(6450342.0403), np.float64(29.646000000000015))",TP,0.40208989398738354
1,175.0,Aspen,23.55,,,0.0,,POINT (547086.946 6450379.758),"(np.float64(547086.946), np.float64(6450379.758))","(np.float64(547087.695), np.float64(6450381.0923), np.float64(26.817999999999984))",TP,1.5301494985889605
1,360.0,Aspen,19.55,,,0.0,,POINT (547086.952 6450338.52799999),"(np.float64(547086.952), np.float64(6450338.52799999))",,FN,
1,149.0,Aspen,24.9,,,0.0,,POINT (547087.131999999 6450382.855),"(np.float64(547087.131999999), np.float64(6450382.855))","(np.float64(547087.38), np.float64(6450382.7293), np.float64(18.327999999999975))",TP,0.2780368512299882
1,12.0,Spruce,15.3,,,0.0,,POINT (547087.442 6450424.80499999),"(np.float64(547087.442), np.float64(6450424.80499999))","(np.float64(547086.52), np.float64(6450423.3773), np.float64(16.714))",TP,1.6995326602077752
1,25.0,Aspen,15.3,,,0.0,,POINT (547087.63 6450412.661),"(np.float64(547087.63), np.float64(6450412.661))","(np.float64(547089.154), np.float64(6450413.1413), np.float64(26.068000000000012))",TP,1.5978936416001146
1,11.0,Alder,24.7,,,0.0,,POINT (547087.748999999 6450427.188),"(np.float64(547087.748999999), np.float64(6450427.188))",,FN,
1,256.0,Aspen,27.0,,,0.0,,POINT (547087.78 6450355.37799999),"(np.float64(547087.78), np.float64(6450355.37799999))","(np.float64(547088.268), np.float64(6450355.4843), np.float64(16.056999999999988))",TP,0.49944338218996437
1,23.0,Fir,13.45,,,0.0,,POINT (547087.934 6450411.036),"(np.float64(547087.934), np.float64(6450411.036))","(np.float64(547088.639), np.float64(6450409.1913), np.float64(26.048000000000002))",TP,1.9748273572287307
1,24.0,Aspen,28.65,,,0.0,,POINT (547088.158 6450411.36),"(np.float64(547088.158), np.float64(6450411.36))",,FN,
1,232.0,Fir,12.55,,,0.0,,POINT (547088.532 6450367.42999999),"(np.float64(547088.532), np.float64(6450367.42999999))","(np.float64(547089.325), np.float64(6450366.7963), np.float64(18.08099999999999))",TP,1.0150983589126166
1,233.0,Aspen,21.85,,,0.0,,POINT (547088.571 6450364.785),"(np.float64(547088.571), np.float64(6450364.785))","(np.float64(547088.273), np.float64(6450364.9973), np.float64(16.470999999999975))",TP,0.3658897236574554
1,15.0,Aspen,23.0,,,0.0,,POINT (547088.655 6450415.353),"(np.float64(547088.655), np.float64(6450415.353))",,FN,
1,14.0,Aspen,23.85,67.0,27.7,0.0,,POINT (547088.822 6450416.944),"(np.float64(547088.822), np.float64(6450416.944))","(np.float64(547089.822), np.float64(6450418.2683), np.float64(25.98400000000001))",TP,1.6594488508867702
1,411.0,Fir,13.85,,,0.0,,POINT (547088.841999999 6450331.65199999),"(np.float64(547088.841999999), np.float64(6450331.65199999))","(np.float64(547088.69), np.float64(6450331.8933), np.float64(13.109000000000009))",TP,0.2851836148046349
1,231.0,Fir,16.25,,,0.0,,POINT (547088.844999999 6450371.502),"(np.float64(547088.844999999), np.float64(6450371.502))","(np.float64(547088.453), np.float64(6450372.0263), np.float64(14.986999999999995))",TP,0.6546407327293113
1,361.0,Aspen,30.0,,,0.0,,POINT (547088.851999999 6450337.65),"(np.float64(547088.851999999), np.float64(6450337.65))","(np.float64(547089.651), np.float64(6450337.3283), np.float64(29.864000000000004))",TP,0.8613314644305714
1,176.0,Aspen,19.55,,,0.0,,POINT (547088.976999999 6450373.36099999),"(np.float64(547088.976999999), np.float64(6450373.36099999))","(np.float64(547088.944), np.float64(6450372.8233), np.float64(17.557999999999993))",TP,0.5387116846263783
1,327.0,Aspen,28.4,,,0.0,,POINT (547089.082 6450347.69699999),"(np.float64(547089.082), np.float64(6450347.69699999))","(np.float64(547089.525), np.float64(6450347.8383), np.float64(29.819999999999993))",TP,0.46498891672410725
1,177.0,Birch,10.45,,,0.0,,POINT (547089.096 6450374.945),"(np.float64(547089.096), np.float64(6450374.945))","(np.float64(547090.557), np.float64(6450376.0513), np.float64(27.759000000000015))",TP,1.8325994352978865
1,409.0,Aspen,25.9,,,0.0,,POINT (547089.929 6450333.427),"(np.float64(547089.929), np.float64(6450333.427))","(np.float64(547089.785), np.float64(6450333.7413), np.float64(29.191000000000003))",TP,0.3457173554016222
1,180.0,Birch,12.2,,14.7,0.0,,POINT (547090.187999999 6450377.74199999),"(np.float64(547090.187999999), np.float64(6450377.74199999))",,FN,
1,27.0,Spruce,17.05,84.0,15.2,0.0,,POINT (547090.216999999 6450416.68499999),"(np.float64(547090.216999999), np.float64(6450416.68499999))","(np.float64(547090.049), np.float64(6450417.3293), np.float64(14.692000000000007))",TP,0.6658427011137865
1,107.0,Aspen,27.4,,,0.0,,POINT (547090.221 6450391.43099999),"(np.float64(547090.221), np.float64(6450391.43099999))","(np.float64(547089.764), np.float64(6450390.8883), np.float64(26.820999999999998))",TP,0.7094873353665576
1,410.0,Fir,12.8,,,0.0,,POINT (547090.258999999 6450334.104),"(np.float64(547090.258999999), np.float64(6450334.104))",,FN,
1,255.0,Aspen,36.3,,,0.0,,POINT (547090.29 6450362.727),"(np.float64(547090.29), np.float64(6450362.727))","(np.float64(547091.049), np.float64(6450361.3503), np.float64(29.738))",TP,1.5720635768579956
1,13.0,Aspen,26.9,,,0.0,,POINT (547090.3 6450424.296),"(np.float64(547090.3), np.float64(6450424.296))","(np.float64(547090.605), np.float64(6450423.7573), np.float64(26.093000000000018))",TP,0.6190498286671546
1,408.0,Aspen,20.15,,,0.0,,POINT (547090.748 6450331.15699999),"(np.float64(547090.748), np.float64(6450331.15699999))",,FN,
1,178.0,Aspen,19.65,,,0.0,,POINT (547091.008999999 6450373.47599999),"(np.float64(547091.008999999), np.float64(6450373.47599999))",,FN,
1,181.0,Aspen,25.3,,,0.0,,POINT (547091.229 6450378.67499999),"(np.float64(547091.229), np.float64(6450378.67499999))","(np.float64(547091.066), np.float64(6450378.3333), np.float64(13.712999999999994))",TP,0.3785866913297574
1,109.0,Fir,11.25,,,0.0,Undergrowth,POINT (547091.231 6450388.17899999),"(np.float64(547091.231), np.float64(6450388.17899999))","(np.float64(547090.081), np.float64(6450386.8353), np.float64(20.346000000000004))",TP,1.7686236634034416
1,324.0,Tilia,12.7,,,0.0,,POINT (547091.297999999 6450343.34599999),"(np.float64(547091.297999999), np.float64(6450343.34599999))","(np.float64(547090.471), np.float64(6450343.5353), np.float64(12.831999999999994))",TP,0.8483887623759953
1,323.0,Aspen,27.65,,,0.0,,POINT (547091.418999999 6450343.73199999),"(np.float64(547091.418999999), np.float64(6450343.73199999))",,FN,
1,26.0,Birch,31.4,,,0.0,Two tops,POINT (547091.442999999 6450415.551),"(np.float64(547091.442999999), np.float64(6450415.551))","(np.float64(547092.854), np.float64(6450417.0013), np.float64(25.205000000000013))",TP,2.0234354676925808
1,108.0,Aspen,24.05,71.0,26.2,0.0,,POINT (547091.503999999 6450388.615),"(np.float64(547091.503999999), np.float64(6450388.615))",,FN,
1,325.0,Aspen,35.3,87.0,32.2,0.0,,POINT (547091.506 6450345.093),"(np.float64(547091.506), np.float64(6450345.093))","(np.float64(547092.412), np.float64(6450345.4273), np.float64(30.11699999999999))",TP,0.9657082838261855
1,407.0,Aspen,29.6,,,0.0,,POINT (547091.545999999 6450332.03199999),"(np.float64(547091.545999999), np.float64(6450332.03199999))","(np.float64(547091.758), np.float64(6450332.1413), np.float64(29.829999999999984))",TP,0.23851727942620615
1,363.0,Aspen,22.2,,,0.0,,POINT (547091.555999999 6450335.16399999),"(np.float64(547091.555999999), np.float64(6450335.16399999))","(np.float64(547092.526), np.float64(6450335.4323), np.float64(29.152000000000015))",TP,1.0064218288372082
1,322.0,Aspen,20.15,,,0.0,,POINT (547092.040999999 6450342.45),"(np.float64(547092.040999999), np.float64(6450342.45))","(np.float64(547092.198), np.float64(6450342.3543), np.float64(29.992999999999995))",TP,0.183868133110349
1,230.0,Aspen,29.05,,,0.0,,POINT (547092.231999999 6450366.81599999),"(np.float64(547092.231999999), np.float64(6450366.81599999))","(np.float64(547093.256), np.float64(6450366.8353), np.float64(29.64700000000002))",TP,1.0241818649460217
1,362.0,Aspen,17.95,,,0.0,,POINT (547092.368 6450338.939),"(np.float64(547092.368), np.float64(6450338.939))",,FN,
1,326.0,Aspen,38.2,,,0.0,,POINT (547092.609999999 6450349.12399999),"(np.float64(547092.609999999), np.float64(6450349.12399999))","(np.float64(547093.216), np.float64(6450349.3443), np.float64(30.00400000000002))",TP,0.6448008186629492
1,85.0,Alder,26.65,,,0.0,,POINT (547092.719999999 6450404.42499999),"(np.float64(547092.719999999), np.float64(6450404.42499999))",,FN,
1,148.0,Aspen,26.6,,,80.0,,POINT (547092.917999999 6450384.71899999),"(np.float64(547092.917999999), np.float64(6450384.71899999))","(np.float64(547092.256), np.float64(6450384.9313), np.float64(17.395999999999987))",TP,0.6952088124329407
1,84.0,Alder,29.35,,,0.0,,POINT (547092.932999999 6450404.65699999),"(np.float64(547092.932999999), np.float64(6450404.65699999))","(np.float64(547094.503), np.float64(6450404.3983), np.float64(23.069000000000017))",TP,1.5911711687853118
1,229.0,Aspen,28.45,66.0,31.5,0.0,Rotten,POINT (547093.123 6450368.801),"(np.float64(547093.123), np.float64(6450368.801))",,FN,
1,31.0,Aspen,25.6,,,0.0,,POINT (547093.143 6450427.20299999),"(np.float64(547093.143), np.float64(6450427.20299999))","(np.float64(547093.101), np.float64(6450427.0523), np.float64(26.574000000000012))",TP,0.15644323963951298
1,321.0,Aspen,21.45,,,0.0,,POINT (547093.212999999 6450342.088),"(np.float64(547093.212999999), np.float64(6450342.088))",,FN,
1,110.0,Aspen,24.9,70.0,29.2,0.0,,POINT (547093.38 6450387.934),"(np.float64(547093.38), np.float64(6450387.934))",,FN,
1,182.0,Aspen,26.25,,,0.0,,POINT (547093.702 6450380.15799999),"(np.float64(547093.702), np.float64(6450380.15799999))","(np.float64(547093.664), np.float64(6450380.0753), np.float64(18.31699999999998))",TP,0.0910125723947967
1,179.0,Aspen,16.45,,,0.0,,POINT (547093.772 6450374.126),"(np.float64(547093.772), np.float64(6450374.126))",,FN,
1,28.0,Tilia,12.65,,,0.0,,POINT (547093.910999999 6450418.892),"(np.float64(547093.910999999), np.float64(6450418.892))","(np.float64(547092.143), np.float64(6450417.9613), np.float64(15.124000000000024))",TP,1.9980056274034308
1,228.0,Aspen,37.65,,,0.0,,POINT (547093.957 6450369.377),"(np.float64(547093.957), np.float64(6450369.377))","(np.float64(547094.314), np.float64(6450368.6173), np.float64(29.655))",TP,0.839400435076198
1,147.0,Aspen,20.2,,,0.0,,POINT (547094.072999999 6450382.036),"(np.float64(547094.072999999), np.float64(6450382.036))",,FN,
1,317.0,Spruce,14.55,,12.4,0.0,,POINT (547094.145 6450351.883),"(np.float64(547094.145), np.float64(6450351.883))",,FN,
1,406.0,Aspen,24.55,,,0.0,,POINT (547094.150999999 6450330.483),"(np.float64(547094.150999999), np.float64(6450330.483))","(np.float64(547094.497), np.float64(6450330.8683), np.float64(29.191000000000003))",TP,0.5178533487491713
1,111.0,Aspen,29.85,73.0,28.4,0.0,,POINT (547094.226999999 6450392.73199999),"(np.float64(547094.226999999), np.float64(6450392.73199999))","(np.float64(547095.257), np.float64(6450392.0393), np.float64(26.494999999999976))",TP,1.2412627752243954
1,43.0,Birch,10.25,,14.2,0.0,,POINT (547094.861999999 6450414.62399999),"(np.float64(547094.861999999), np.float64(6450414.62399999))",,FN,
1,257.0,Aspen,38.9,,,0.0,,POINT (547094.988999999 6450360.608),"(np.float64(547094.988999999), np.float64(6450360.608))","(np.float64(547095.047), np.float64(6450360.8153), np.float64(16.792999999999978))",TP,0.21526098130529472
1,316.0,Aspen,37.55,,,0.0,,POINT (547095.386 6450352.24),"(np.float64(547095.386), np.float64(6450352.24))","(np.float64(547095.408), np.float64(6450351.6353), np.float64(30.421999999999997))",TP,0.6051000661299861
1,29.0,Fir,15.1,,,0.0,,POINT (547095.68 6450421.72599999),"(np.float64(547095.68), np.float64(6450421.72599999))",,FN,
1,146.0,Aspen,25.8,,,0.0,,POINT (547095.944999999 6450384.882),"(np.float64(547095.944999999), np.float64(6450384.882))","(np.float64(547097.107), np.float64(6450384.0403), np.float64(25.629999999999995))",TP,1.434818069227415
1,30.0,Birch,15.2,,,0.0,,POINT (547095.967999999 6450423.531),"(np.float64(547095.967999999), np.float64(6450423.531))","(np.float64(547096.677), np.float64(6450423.2983), np.float64(13.677000000000021))",TP,0.7462106215883273
1,364.0,Aspen,27.9,,,0.0,,POINT (547095.969 6450337.852),"(np.float64(547095.969), np.float64(6450337.852))","(np.float64(547096.418), np.float64(6450337.3053), np.float64(29.430000000000007))",TP,0.7074474466215994
1,320.0,Aspen,25.55,,,0.0,,POINT (547096.086 6450340.808),"(np.float64(547096.086), np.float64(6450340.808))","(np.float64(547097.388), np.float64(6450340.3673), np.float64(29.386000000000024))",TP,1.3745619266513405
1,258.0,Aspen,24.3,,,0.0,,POINT (547096.275 6450363.14499999),"(np.float64(547096.275), np.float64(6450363.14499999))","(np.float64(547096.234), np.float64(6450362.9803), np.float64(21.831000000000017))",TP,0.16972650589400934
1,81.0,Alder,22.85,,,0.0,,POINT (547096.56 6450407.57299999),"(np.float64(547096.56), np.float64(6450407.57299999))",,FN,
1,112.0,Fir,30.1,,,0.0,,POINT (547096.65 6450394.088),"(np.float64(547096.65), np.float64(6450394.088))",,FN,
1,405.0,Aspen,23.15,,,0.0,,POINT (547096.868999999 6450334.291),"(np.float64(547096.868999999), np.float64(6450334.291))","(np.float64(547096.312), np.float64(6450333.7613), np.float64(28.765000000000015))",TP,0.768655377067986
1,315.0,Aspen,31.5,,,0.0,,POINT (547096.910999999 6450353.939),"(np.float64(547096.910999999), np.float64(6450353.939))","(np.float64(547096.929), np.float64(6450353.5363), np.float64(30.52000000000001))",TP,0.4031020843302733
1,42.0,Aspen,15.5,,,0.0,,POINT (547096.939999999 6450417.95199999),"(np.float64(547096.939999999), np.float64(6450417.95199999))",,FN,
1,83.0,Aspen,18.4,,,0.0,,POINT (547097.113999999 6450409.939),"(np.float64(547097.113999999), np.float64(6450409.939))","(np.float64(547096.519), np.float64(6450409.7663), np.float64(23.540999999999997))",TP,0.6195565259578288
1,82.0,Aspen,22.0,,,0.0,,POINT (547097.192 6450409.593),"(np.float64(547097.192), np.float64(6450409.593))",,FN,
1,80.0,Alder,18.0,,,70.0,,POINT (547097.287 6450407.683),"(np.float64(547097.287), np.float64(6450407.683))",,FN,
1,32.0,Aspen,18.65,60.0,26.2,0.0,,POINT (547097.334999999 6450427.837),"(np.float64(547097.334999999), np.float64(6450427.837))",,FN,
1,33.0,Aspen,15.0,57.0,22.2,0.0,,POINT (547097.440999999 6450425.137),"(np.float64(547097.440999999), np.float64(6450425.137))",,FN,
1,114.0,Birch,11.15,,14.4,0.0,,POINT (547097.731999999 6450387.36899999),"(np.float64(547097.731999999), np.float64(6450387.36899999))","(np.float64(547097.048), np.float64(6450387.6683), np.float64(12.305000000000007))",TP,0.7466166987903626
1,318.0,Aspen,26.6,,,0.0,,POINT (547097.837 6450344.32199999),"(np.float64(547097.837), np.float64(6450344.32199999))","(np.float64(547098.174), np.float64(6450344.2463), np.float64(20.796999999999997))",TP,0.34539758039048696
1,312.0,Aspen,18.2,,,0.0,,POINT (547097.856 6450346.52199999),"(np.float64(547097.856), np.float64(6450346.52199999))",,FN,
1,37.0,Spruce,13.3,68.0,10.5,0.0,,POINT (547098.047999999 6450421.404),"(np.float64(547098.047999999), np.float64(6450421.404))",,FN,
1,319.0,Aspen,16.45,,,0.0,,POINT (547098.229 6450342.195),"(np.float64(547098.229), np.float64(6450342.195))",,FN,
1,41.0,Aspen,12.05,,,0.0,,POINT (547098.321 6450418.08899999),"(np.float64(547098.321), np.float64(6450418.08899999))",,FN,
1,113.0,Spruce,36.35,,28.8,0.0,,POINT (547098.415 6450390.18599999),"(np.float64(547098.415), np.float64(6450390.18599999))","(np.float64(547097.98), np.float64(6450390.5373), np.float64(28.241000000000014))",TP,0.5591392462900473
1,260.0,Tilia,14.7,,,0.0,,POINT (547098.447999999 6450361.01099999),"(np.float64(547098.447999999), np.float64(6450361.01099999))","(np.float64(547098.3), np.float64(6450360.3663), np.float64(13.62100000000001))",TP,0.6614696339020244
1,403.0,Aspen,18.95,,,0.0,,POINT (547098.478 6450330.54299999),"(np.float64(547098.478), np.float64(6450330.54299999))",,FN,
1,311.0,Aspen,21.05,,,0.0,,POINT (547098.542 6450346.03899999),"(np.float64(547098.542), np.float64(6450346.03899999))","(np.float64(547098.755), np.float64(6450346.2533), np.float64(21.732))",TP,0.30214813326028517
1,259.0,Aspen,32.25,73.0,32.2,0.0,,POINT (547098.609999999 6450363.722),"(np.float64(547098.609999999), np.float64(6450363.722))",,FN,
1,314.0,Tilia,14.3,,,0.0,,POINT (547098.714999999 6450353.95199999),"(np.float64(547098.714999999), np.float64(6450353.95199999))","(np.float64(547098.627), np.float64(6450353.6503), np.float64(12.890000000000015))",TP,0.3142719905519459
1,313.0,Aspen,30.2,,,0.0,,POINT (547098.770999999 6450351.36),"(np.float64(547098.770999999), np.float64(6450351.36))","(np.float64(547099.042), np.float64(6450351.2503), np.float64(22.28200000000001))",TP,0.29236123293223054
1,404.0,Aspen,33.7,,,0.0,,POINT (547098.920999999 6450335.14499999),"(np.float64(547098.920999999), np.float64(6450335.14499999))","(np.float64(547099.433), np.float64(6450334.8193), np.float64(29.72))",TP,0.6068150334558708
1,34.0,Aspen,28.05,,,0.0,,POINT (547099.447 6450428.17999999),"(np.float64(547099.447), np.float64(6450428.17999999))","(np.float64(547099.194), np.float64(6450427.7803), np.float64(26.965000000000003))",TP,0.4730423686403712
1,261.0,Aspen,22.95,,,0.0,,POINT (547099.636 6450360.808),"(np.float64(547099.636), np.float64(6450360.808))",,FN,
1,227.0,Aspen,24.0,,,0.0,,POINT (547100.022 6450371.50899999),"(np.float64(547100.022), np.float64(6450371.50899999))","(np.float64(547098.461), np.float64(6450372.8553), np.float64(26.783999999999992))",TP,2.0613696213708894
1,39.0,Aspen,21.35,,,0.0,Single trunk,POINT (547100.06 6450420.76099999),"(np.float64(547100.06), np.float64(6450420.76099999))",,FN,
1,115.0,Birch,33.6,103.0,26.3,0.0,,POINT (547100.123 6450396.63399999),"(np.float64(547100.123), np.float64(6450396.63399999))","(np.float64(547099.034), np.float64(6450396.5963), np.float64(25.186999999999983))",TP,1.0896523708610861
1,35.0,Tilia,13.1,,,0.0,,POINT (547100.167 6450428.445),"(np.float64(547100.167), np.float64(6450428.445))",,FN,
1,226.0,Aspen,42.4,,,0.0,,POINT (547100.175 6450367.43499999),"(np.float64(547100.175), np.float64(6450367.43499999))","(np.float64(547100.298), np.float64(6450367.0163), np.float64(30.243000000000023))",TP,0.43639280656874996
1,44.0,Tilia,14.65,,,0.0,,POINT (547100.243 6450415.64699999),"(np.float64(547100.243), np.float64(6450415.64699999))","(np.float64(547100.532), np.float64(6450415.3073), np.float64(25.891999999999996))",TP,0.4460012137272602
1,38.0,Aspen,25.5,,,0.0,Single trunk,POINT (547100.354 6450420.59599999),"(np.float64(547100.354), np.float64(6450420.59599999))","(np.float64(547100.418), np.float64(6450420.7153), np.float64(25.99200000000002))",TP,0.1353827630065639
1,40.0,Tilia,12.85,,,0.0,,POINT (547100.427999999 6450419.36199999),"(np.float64(547100.427999999), np.float64(6450419.36199999))",,FN,
1,45.0,Aspen,30.05,,,0.0,,POINT (547101.113 6450416.268),"(np.float64(547101.113), np.float64(6450416.268))",,FN,
1,36.0,Spruce,14.2,,,0.0,,POINT (547101.128 6450427.79299999),"(np.float64(547101.128), np.float64(6450427.79299999))",,FN,
1,183.0,Aspen,22.45,,,0.0,,POINT (547101.135 6450375.422),"(np.float64(547101.135), np.float64(6450375.422))","(np.float64(547100.885), np.float64(6450375.8743), np.float64(14.163999999999987))",TP,0.5167932758889611
1,46.0,Aspen,18.2,,,0.0,,POINT (547101.167999999 6450413.53299999),"(np.float64(547101.167999999), np.float64(6450413.53299999))",,FN,
1,307.0,Aspen,21.4,,,0.0,,POINT (547101.199999999 6450348.72599999),"(np.float64(547101.199999999), np.float64(6450348.72599999))","(np.float64(547100.285), np.float64(6450348.8713), np.float64(19.587999999999994))",TP,0.9264648353394298
1,401.0,Spruce,16.0,,15.4,0.0,,POINT (547101.359 6450335.03199999),"(np.float64(547101.359), np.float64(6450335.03199999))","(np.float64(547100.673), np.float64(6450335.3443), np.float64(13.594999999999999))",TP,0.7537421947662738
1,365.0,Aspen,21.0,,,0.0,,POINT (547101.440999999 6450339.109),"(np.float64(547101.440999999), np.float64(6450339.109))","(np.float64(547101.452), np.float64(6450338.5513), np.float64(12.388000000000005))",TP,0.5578084705075771
1,265.0,Aspen,33.7,,,0.0,,POINT (547101.564999999 6450356.92499999),"(np.float64(547101.564999999), np.float64(6450356.92499999))","(np.float64(547101.591), np.float64(6450356.9053), np.float64(15.156999999999982))",TP,0.03262038704460917
1,184.0,Fir,13.45,,,0.0,,POINT (547101.954999999 6450378.031),"(np.float64(547101.954999999), np.float64(6450378.031))","(np.float64(547101.756), np.float64(6450378.2263), np.float64(13.007999999999981))",TP,0.2788244779592472
1,367.0,Spruce,14.5,,,0.0,,POINT (547101.989999999 6450338.353),"(np.float64(547101.989999999), np.float64(6450338.353))",,FN,
1,47.0,Tilia,19.1,,,0.0,,POINT (547102.059 6450420.45),"(np.float64(547102.059), np.float64(6450420.45))",,FN,
1,310.0,Aspen,26.9,,,0.0,,POINT (547102.062 6450342.962),"(np.float64(547102.062), np.float64(6450342.962))","(np.float64(547102.366), np.float64(6450342.7423), np.float64(29.522999999999996))",TP,0.37507877854073457
1,78.0,Alder,22.35,,,0.0,,POINT (547102.155999999 6450408.62),"(np.float64(547102.155999999), np.float64(6450408.62))","(np.float64(547101.012), np.float64(6450408.0683), np.float64(13.123999999999995))",TP,1.270082236508317
1,370.0,Aspen,22.85,,,0.0,,POINT (547102.189999999 6450335.883),"(np.float64(547102.189999999), np.float64(6450335.883))",,FN,
1,306.0,Aspen,31.5,,,0.0,,POINT (547102.363 6450350.059),"(np.float64(547102.363), np.float64(6450350.059))","(np.float64(547102.524), np.float64(6450350.3413), np.float64(20.287000000000006))",TP,0.3249835227098358
1,185.0,Aspen,25.95,,,0.0,,POINT (547102.39 6450379.821),"(np.float64(547102.39), np.float64(6450379.821))","(np.float64(547101.534), np.float64(6450379.7983), np.float64(26.354000000000013))",TP,0.8563009342950605
1,368.0,Aspen,21.15,,,0.0,,POINT (547102.432 6450336.86699999),"(np.float64(547102.432), np.float64(6450336.86699999))",,FN,
1,366.0,Aspen,27.55,,,0.0,,POINT (547102.479 6450339.182),"(np.float64(547102.479), np.float64(6450339.182))","(np.float64(547103.302), np.float64(6450339.7343), np.float64(29.777000000000015))",TP,0.991142920850496
1,309.0,Aspen,24.5,,,0.0,,POINT (547102.689 6450343.86199999),"(np.float64(547102.689), np.float64(6450343.86199999))","(np.float64(547102.686), np.float64(6450344.0393), np.float64(16.527000000000015))",TP,0.1773253887697974
1,266.0,Aspen,19.65,,,0.0,,POINT (547102.756999999 6450354.585),"(np.float64(547102.756999999), np.float64(6450354.585))",,FN,
1,77.0,Alder,18.0,,,0.0,,POINT (547102.756999999 6450409.19799999),"(np.float64(547102.756999999), np.float64(6450409.19799999))",,FN,
1,76.0,Alder,21.05,,,0.0,,POINT (547102.756999999 6450409.47599999),"(np.float64(547102.756999999), np.float64(6450409.47599999))",,FN,
1,402.0,Fir,12.6,,,0.0,,POINT (547102.792999999 6450330.37),"(np.float64(547102.792999999), np.float64(6450330.37))",,FN,
1,400.0,Fir,23.3,,,0.0,,POINT (547103.015999999 6450333.694),"(np.float64(547103.015999999), np.float64(6450333.694))","(np.float64(547102.833), np.float64(6450333.3603), np.float64(19.423000000000002))",TP,0.3805846684388139
1,186.0,Spruce,15.65,,15.9,0.0,,POINT (547103.069999999 6450380.696),"(np.float64(547103.069999999), np.float64(6450380.696))","(np.float64(547102.484), np.float64(6450381.0033), np.float64(14.763000000000005))",TP,0.6616866996465639
1,369.0,Aspen,19.4,,,70.0,,POINT (547103.071 6450336.599),"(np.float64(547103.071), np.float64(6450336.599))","(np.float64(547103.017), np.float64(6450336.8373), np.float64(29.413999999999987))",TP,0.24434174777922074
1,263.0,Aspen,24.4,,,0.0,,POINT (547103.094 6450359.83999999),"(np.float64(547103.094), np.float64(6450359.83999999))","(np.float64(547102.471), np.float64(6450359.9443), np.float64(20.215000000000003))",TP,0.6316703983221434
1,305.0,Aspen,21.95,,,0.0,,POINT (547103.216 6450352.767),"(np.float64(547103.216), np.float64(6450352.767))","(np.float64(547103.4), np.float64(6450352.4333), np.float64(18.557999999999993))",TP,0.3810665167775132
1,79.0,Alder,31.2,,,0.0,,POINT (547103.317 6450405.888),"(np.float64(547103.317), np.float64(6450405.888))","(np.float64(547103.022), np.float64(6450406.7413), np.float64(14.85499999999999))",TP,0.9028543012903312
1,262.0,Aspen,27.9,,,0.0,,POINT (547103.574999999 6450361.801),"(np.float64(547103.574999999), np.float64(6450361.801))","(np.float64(547103.554), np.float64(6450361.9823), np.float64(18.913999999999987))",TP,0.18251216415092233
1,264.0,Aspen,26.1,,,0.0,,POINT (547103.604 6450359.30999999),"(np.float64(547103.604), np.float64(6450359.30999999))","(np.float64(547103.567), np.float64(6450359.0183), np.float64(16.12899999999999))",TP,0.29403721624048973
1,225.0,Birch,25.5,80.0,28.4,0.0,,POINT (547103.672999999 6450366.71999999),"(np.float64(547103.672999999), np.float64(6450366.71999999))",,FN,
1,308.0,Aspen,25.4,,,0.0,,POINT (547103.716 6450345.99399999),"(np.float64(547103.716), np.float64(6450345.99399999))","(np.float64(547103.621), np.float64(6450346.1433), np.float64(22.198999999999984))",TP,0.17696184041717597
1,187.0,Aspen,19.75,,,0.0,,POINT (547103.775 6450377.74399999),"(np.float64(547103.775), np.float64(6450377.74399999))","(np.float64(547104.523), np.float64(6450377.5683), np.float64(19.169999999999987))",TP,0.7683583059198813
1,51.0,Aspen,16.2,,,0.0,,POINT (547103.854 6450417.116),"(np.float64(547103.854), np.float64(6450417.116))",,FN,
1,52.0,Tilia,18.0,,,0.0,,POINT (547103.886999999 6450415.206),"(np.float64(547103.886999999), np.float64(6450415.206))",,FN,
1,75.0,Aspen,21.35,,,0.0,,POINT (547104.233 6450411.525),"(np.float64(547104.233), np.float64(6450411.525))",,FN,
1,53.0,Aspen,25.15,,,0.0,,POINT (547104.498 6450414.523),"(np.float64(547104.498), np.float64(6450414.523))","(np.float64(547104.782), np.float64(6450414.8993), np.float64(25.905))",TP,0.4714421382644503
1,304.0,Aspen,24.35,,,0.0,,POINT (547104.603 6450353.064),"(np.float64(547104.603), np.float64(6450353.064))","(np.float64(547104.217), np.float64(6450352.9883), np.float64(29.819999999999993))",TP,0.39335288232454696
1,74.0,Aspen,26.25,,,0.0,,POINT (547104.631999999 6450410.314),"(np.float64(547104.631999999), np.float64(6450410.314))","(np.float64(547104.073), np.float64(6450410.0273), np.float64(25.95399999999998))",TP,0.6282339444822815
1,371.0,Aspen,25.15,,,0.0,,POINT (547104.765999999 6450337.382),"(np.float64(547104.765999999), np.float64(6450337.382))","(np.float64(547105.54), np.float64(6450336.9793), np.float64(28.858000000000004))",TP,0.8724925741465401
1,73.0,Alder,23.6,,,0.0,,POINT (547104.939 6450407.44199999),"(np.float64(547104.939), np.float64(6450407.44199999))",,FN,
1,303.0,Aspen,21.55,,,0.0,,POINT (547105.160999999 6450347.40799999),"(np.float64(547105.160999999), np.float64(6450347.40799999))",,FN,
1,223.0,Aspen,30.1,,,0.0,,POINT (547105.214999999 6450371.478),"(np.float64(547105.214999999), np.float64(6450371.478))","(np.float64(547104.775), np.float64(6450371.2353), np.float64(28.41900000000001))",TP,0.5024970539950985
1,48.0,Aspen,30.5,,,0.0,,POINT (547105.378 6450420.775),"(np.float64(547105.378), np.float64(6450420.775))","(np.float64(547105.734), np.float64(6450420.9793), np.float64(26.833))",TP,0.4104564407775737
1,188.0,Fir,14.1,,,0.0,,POINT (547105.674 6450376.87899999),"(np.float64(547105.674), np.float64(6450376.87899999))",,FN,
1,302.0,Aspen,16.25,,,0.0,,POINT (547105.807999999 6450345.887),"(np.float64(547105.807999999), np.float64(6450345.887))","(np.float64(547105.162), np.float64(6450346.0543), np.float64(15.317999999999984))",TP,0.6673119875166272
1,189.0,Birch,37.6,115.0,30.6,0.0,,POINT (547105.924 6450376.45899999),"(np.float64(547105.924), np.float64(6450376.45899999))","(np.float64(547105.123), np.float64(6450375.8843), np.float64(29.308999999999997))",TP,0.9858402902694208
1,372.0,Aspen,24.5,,,0.0,,POINT (547106.006999999 6450342.54999999),"(np.float64(547106.006999999), np.float64(6450342.54999999))","(np.float64(547106.321), np.float64(6450342.2513), np.float64(29.221000000000004))",TP,0.433379377183798
1,398.0,Spruce,21.5,,18.5,0.0,,POINT (547106.175999999 6450331.09499999),"(np.float64(547106.175999999), np.float64(6450331.09499999))","(np.float64(547105.591), np.float64(6450330.8773), np.float64(16.479000000000013))",TP,0.624194108252715
1,222.0,Aspen,20.7,,,0.0,,POINT (547106.261 6450370.32699999),"(np.float64(547106.261), np.float64(6450370.32699999))","(np.float64(547106.816), np.float64(6450370.3883), np.float64(15.941000000000003))",TP,0.5583750451900541
1,373.0,Aspen,24.9,,,0.0,,POINT (547106.287999999 6450341.79999999),"(np.float64(547106.287999999), np.float64(6450341.79999999))",,FN,
1,49.0,Aspen,24.8,,,0.0,,POINT (547106.474 6450423.30999999),"(np.float64(547106.474), np.float64(6450423.30999999))",,FN,
1,72.0,Alder,31.6,,,0.0,,POINT (547106.564999999 6450407.416),"(np.float64(547106.564999999), np.float64(6450407.416))","(np.float64(547106.844), np.float64(6450407.7323), np.float64(15.085000000000008))",TP,0.421766156316813
1,50.0,Aspen,33.0,,,0.0,Two tops,POINT (547106.626 6450427.707),"(np.float64(547106.626), np.float64(6450427.707))",,FN,
1,190.0,Fir,16.25,,,0.0,,POINT (547106.768999999 6450381.445),"(np.float64(547106.768999999), np.float64(6450381.445))","(np.float64(547106.474), np.float64(6450381.5643), np.float64(14.440999999999974))",TP,0.3182098195727499
1,374.0,Fir,11.45,,,0.0,,POINT (547106.927999999 6450340.98099999),"(np.float64(547106.927999999), np.float64(6450340.98099999))",,FN,
1,116.0,Aspen,29.55,,,0.0,,POINT (547107.011999999 6450389.87399999),"(np.float64(547107.011999999), np.float64(6450389.87399999))","(np.float64(547105.394), np.float64(6450389.5533), np.float64(26.736999999999995))",TP,1.6494764261714807
1,269.0,Aspen,24.55,,,0.0,,POINT (547107.092999999 6450361.99799999),"(np.float64(547107.092999999), np.float64(6450361.99799999))","(np.float64(547106.757), np.float64(6450361.3663), np.float64(29.89700000000002))",TP,0.7155004383483455
1,145.0,Aspen,26.15,,,80.0,,POINT (547107.12 6450384.166),"(np.float64(547107.12), np.float64(6450384.166))","(np.float64(547106.648), np.float64(6450383.7103), np.float64(15.516999999999996))",TP,0.6560842093712962
1,267.0,Aspen,29.55,,,0.0,,POINT (547107.255 6450358.81699999),"(np.float64(547107.255), np.float64(6450358.81699999))","(np.float64(547107.304), np.float64(6450358.6813), np.float64(16.47))",TP,0.14427573284829148
1,300.0,Aspen,21.75,,,0.0,,POINT (547107.564999999 6450345.666),"(np.float64(547107.564999999), np.float64(6450345.666))","(np.float64(547108.699), np.float64(6450346.2123), np.float64(29.192999999999984))",TP,1.2587293957918608
1,301.0,Aspen,23.1,,,0.0,,POINT (547107.692 6450347.133),"(np.float64(547107.692), np.float64(6450347.133))",,FN,
1,224.0,Aspen,35.3,,,0.0,,POINT (547107.753999999 6450366.42499999),"(np.float64(547107.753999999), np.float64(6450366.42499999))","(np.float64(547107.657), np.float64(6450366.3013), np.float64(13.738))",TP,0.15719633306907993
1,375.0,Aspen,19.0,,,0.0,,POINT (547107.842999999 6450338.337),"(np.float64(547107.842999999), np.float64(6450338.337))",,FN,
1,295.0,Aspen,24.65,,,0.0,,POINT (547108.071 6450350.21399999),"(np.float64(547108.071), np.float64(6450350.21399999))","(np.float64(547108.99), np.float64(6450349.7783), np.float64(28.927999999999997))",TP,1.017052349337271
1,192.0,Fir,19.25,,,0.0,,POINT (547108.236 6450378.80999999),"(np.float64(547108.236), np.float64(6450378.80999999))",,FN,
1,193.0,Spruce,12.95,,,0.0,,POINT (547108.412999999 6450376.08399999),"(np.float64(547108.412999999), np.float64(6450376.08399999))","(np.float64(547107.327), np.float64(6450376.1343), np.float64(20.224000000000018))",TP,1.0871642418700365
1,376.0,Aspen,18.7,,,0.0,,POINT (547108.515 6450337.616),"(np.float64(547108.515), np.float64(6450337.616))",,FN,
1,191.0,Aspen,25.3,,,0.0,,POINT (547108.567999999 6450382.428),"(np.float64(547108.567999999), np.float64(6450382.428))","(np.float64(547108.847), np.float64(6450382.0013), np.float64(26.83099999999999))",TP,0.5098175076088329
1,268.0,Aspen,30.8,,,0.0,,POINT (547108.579 6450360.33299999),"(np.float64(547108.579), np.float64(6450360.33299999))","(np.float64(547108.12), np.float64(6450360.5873), np.float64(13.939999999999998))",TP,0.5247375485326419
1,292.0,Aspen,35.85,,,0.0,,POINT (547108.67 6450353.864),"(np.float64(547108.67), np.float64(6450353.864))","(np.float64(547108.863), np.float64(6450354.0033), np.float64(17.173000000000002))",TP,0.2380199360702979
1,397.0,Aspen,33.0,78.0,29.3,0.0,,POINT (547108.895 6450333.38999999),"(np.float64(547108.895), np.float64(6450333.38999999))","(np.float64(547109.334), np.float64(6450333.4623), np.float64(28.233000000000004))",TP,0.4449138021852627
1,118.0,Fir,12.65,,,0.0,,POINT (547109.162999999 6450395.514),"(np.float64(547109.162999999), np.float64(6450395.514))","(np.float64(547108.948), np.float64(6450396.0963), np.float64(26.691000000000003))",TP,0.6207240042567767
1,221.0,Aspen,24.85,,,0.0,,POINT (547109.236 6450372.052),"(np.float64(547109.236), np.float64(6450372.052))","(np.float64(547109.394), np.float64(6450371.5503), np.float64(27.441000000000003))",TP,0.5259913401246122
1,270.0,Aspen,26.95,,,0.0,,POINT (547109.334 6450360.18099999),"(np.float64(547109.334), np.float64(6450360.18099999))","(np.float64(547110.233), np.float64(6450360.7343), np.float64(14.360000000000014))",TP,1.0556239392260731
1,399.0,Tilia,11.5,,,0.0,,POINT (547109.495 6450330.825),"(np.float64(547109.495), np.float64(6450330.825))",,FN,
1,294.0,Aspen,16.65,,,0.0,,POINT (547109.736 6450350.608),"(np.float64(547109.736), np.float64(6450350.608))","(np.float64(547110.005), np.float64(6450350.4683), np.float64(13.116000000000014))",TP,0.30311233896557066
1,196.0,Aspen,17.75,,,0.0,,POINT (547110.179 6450374.49299999),"(np.float64(547110.179), np.float64(6450374.49299999))","(np.float64(547110.353), np.float64(6450375.1363), np.float64(18.191000000000003))",TP,0.666416464325559
1,194.0,Aspen,20.55,,,80.0,,POINT (547110.182 6450377.44799999),"(np.float64(547110.182), np.float64(6450377.44799999))",,FN,
1,120.0,Aspen,33.7,,,0.0,,POINT (547110.241 6450396.349),"(np.float64(547110.241), np.float64(6450396.349))",,FN,
1,71.0,Alder,23.4,,,0.0,,POINT (547110.282 6450408.855),"(np.float64(547110.282), np.float64(6450408.855))","(np.float64(547110.446), np.float64(6450408.8943), np.float64(26.75))",TP,0.16864308449096932
1,293.0,Fir,13.85,,,0.0,,POINT (547110.353 6450350.905),"(np.float64(547110.353), np.float64(6450350.905))",,FN,
1,195.0,Aspen,24.65,,,0.0,,POINT (547110.415 6450377.684),"(np.float64(547110.415), np.float64(6450377.684))",,FN,
1,70.0,Aspen,26.0,,,0.0,,POINT (547110.89 6450411.006),"(np.float64(547110.89), np.float64(6450411.006))",,FN,
1,119.0,Aspen,26.7,,,0.0,,POINT (547110.949999999 6450395.66299999),"(np.float64(547110.949999999), np.float64(6450395.66299999))",,FN,
1,299.0,Aspen,21.25,,,0.0,,POINT (547111.118999999 6450344.854),"(np.float64(547111.118999999), np.float64(6450344.854))","(np.float64(547111.709), np.float64(6450343.9583), np.float64(13.603999999999985))",TP,1.0725569875785692
1,271.0,Aspen,25.8,,,0.0,,POINT (547111.150999999 6450357.90799999),"(np.float64(547111.150999999), np.float64(6450357.90799999))","(np.float64(547111.657), np.float64(6450357.7443), np.float64(19.050999999999988))",TP,0.5318211047539194
1,379.0,Aspen,29.0,,,0.0,,POINT (547111.28 6450337.733),"(np.float64(547111.28), np.float64(6450337.733))","(np.float64(547111.489), np.float64(6450337.2043), np.float64(28.426000000000016))",TP,0.568510940634464
1,121.0,Tilia,17.75,,,80.0,,POINT (547111.287999999 6450397.25299999),"(np.float64(547111.287999999), np.float64(6450397.25299999))","(np.float64(547111.68), np.float64(6450397.5653), np.float64(17.187000000000012))",TP,0.5011938715156359
1,117.0,Birch,39.45,,32.5,0.0,,POINT (547111.452999999 6450392.17999999),"(np.float64(547111.452999999), np.float64(6450392.17999999))",,FN,
1,144.0,Tilia,14.25,,,0.0,,POINT (547111.511999999 6450383.121),"(np.float64(547111.511999999), np.float64(6450383.121))",,FN,
1,377.0,Aspen,19.9,,,0.0,,POINT (547111.513999999 6450341.193),"(np.float64(547111.513999999), np.float64(6450341.193))",,FN,
1,69.0,Aspen,18.05,,,0.0,,POINT (547111.543999999 6450410.23599999),"(np.float64(547111.543999999), np.float64(6450410.23599999))",,FN,
1,220.0,Aspen,24.2,,,0.0,,POINT (547111.596999999 6450370.37),"(np.float64(547111.596999999), np.float64(6450370.37))",,FN,
1,54.0,Aspen,21.15,68.0,27.8,0.0,,POINT (547111.863999999 6450415.666),"(np.float64(547111.863999999), np.float64(6450415.666))",,FN,
1,143.0,Aspen,24.85,,,0.0,,POINT (547111.993 6450385.325),"(np.float64(547111.993), np.float64(6450385.325))",,FN,
1,122.0,Tilia,15.85,,,70.0,,POINT (547112.047999999 6450398.82299999),"(np.float64(547112.047999999), np.float64(6450398.82299999))","(np.float64(547112.297), np.float64(6450398.6043), np.float64(23.913999999999987))",TP,0.33140713036129094
1,219.0,Aspen,20.05,,,0.0,,POINT (547112.062 6450365.813),"(np.float64(547112.062), np.float64(6450365.813))",,FN,
1,291.0,Aspen,30.7,,,0.0,,POINT (547112.128999999 6450354.39699999),"(np.float64(547112.128999999), np.float64(6450354.39699999))","(np.float64(547112.189), np.float64(6450354.1883), np.float64(19.640000000000015))",TP,0.21715359994975578
1,298.0,Aspen,20.2,,,0.0,,POINT (547112.721 6450343.218),"(np.float64(547112.721), np.float64(6450343.218))",,FN,
1,378.0,Aspen,29.25,,,0.0,,POINT (547112.802 6450340.13399999),"(np.float64(547112.802), np.float64(6450340.13399999))","(np.float64(547113.062), np.float64(6450340.2363), np.float64(29.11099999999999))",TP,0.2794016678322859
1,290.0,Aspen,17.7,,,70.0,,POINT (547112.802999999 6450354.45399999),"(np.float64(547112.802999999), np.float64(6450354.45399999))",,FN,
1,140.0,Birch,22.55,82.0,28.3,0.0,,POINT (547112.876 6450392.08299999),"(np.float64(547112.876), np.float64(6450392.08299999))",,FN,
1,396.0,Spruce,10.65,,,0.0,,POINT (547112.984999999 6450331.66199999),"(np.float64(547112.984999999), np.float64(6450331.66199999))","(np.float64(547112.572), np.float64(6450330.5313), np.float64(24.47799999999998))",TP,1.2037655366749815
1,395.0,Tilia,15.7,,,0.0,,POINT (547113.067999999 6450336.07799999),"(np.float64(547113.067999999), np.float64(6450336.07799999))","(np.float64(547113.491), np.float64(6450337.6323), np.float64(18.99599999999998))",TP,1.6108313132266334
1,68.0,Aspen,27.25,,,0.0,,POINT (547113.207 6450411.876),"(np.float64(547113.207), np.float64(6450411.876))","(np.float64(547112.67), np.float64(6450412.2173), np.float64(27.12299999999999))",TP,0.6362819262514912
1,296.0,Aspen,26.1,,,0.0,,POINT (547113.268 6450347.211),"(np.float64(547113.268), np.float64(6450347.211))","(np.float64(547112.883), np.float64(6450347.2853), np.float64(13.935999999999979))",TP,0.39210392746663886
1,212.0,Fir,14.05,,,0.0,,POINT (547113.339999999 6450374.767),"(np.float64(547113.339999999), np.float64(6450374.767))","(np.float64(547112.971), np.float64(6450375.0633), np.float64(12.61699999999999))",TP,0.47323851177305526
1,197.0,Aspen,20.3,,,0.0,,POINT (547113.373 6450382.63499999),"(np.float64(547113.373), np.float64(6450382.63499999))",,FN,
1,213.0,Spruce,12.35,80.0,11.9,0.0,,POINT (547113.805 6450372.74399999),"(np.float64(547113.805), np.float64(6450372.74399999))",,FN,
1,393.0,Aspen,29.45,,,0.0,,POINT (547113.817999999 6450335.127),"(np.float64(547113.817999999), np.float64(6450335.127))","(np.float64(547114.765), np.float64(6450334.2523), np.float64(27.185000000000002))",TP,1.2891505314502096
1,142.0,Spruce,11.65,66.0,14.1,0.0,,POINT (547113.915 6450386.825),"(np.float64(547113.915), np.float64(6450386.825))","(np.float64(547113.846), np.float64(6450386.7673), np.float64(13.753000000000014))",TP,0.08994603924649568
1,297.0,Aspen,25.1,,,0.0,,POINT (547113.929 6450344.54999999),"(np.float64(547113.929), np.float64(6450344.54999999))",,FN,
1,141.0,Aspen,18.4,,,0.0,,POINT (547114.047999999 6450387.23799999),"(np.float64(547114.047999999), np.float64(6450387.23799999))",,FN,
1,199.0,Aspen,16.6,,,0.0,,POINT (547114.228 6450384.01999999),"(np.float64(547114.228), np.float64(6450384.01999999))","(np.float64(547113.212), np.float64(6450384.4083), np.float64(26.16300000000001))",TP,1.0876731575509215
1,56.0,Fir,11.8,,,0.0,,POINT (547114.331 6450419.83),"(np.float64(547114.331), np.float64(6450419.83))",,FN,
1,218.0,Aspen,35.2,,,0.0,,POINT (547114.385 6450366.848),"(np.float64(547114.385), np.float64(6450366.848))","(np.float64(547114.511), np.float64(6450365.6793), np.float64(30.14699999999999))",TP,1.1754725392989303
1,198.0,Aspen,18.45,,,0.0,,POINT (547114.415999999 6450380.93099999),"(np.float64(547114.415999999), np.float64(6450380.93099999))",,FN,
1,57.0,Aspen,21.0,67.0,26.8,0.0,,POINT (547114.501 6450420.36699999),"(np.float64(547114.501), np.float64(6450420.36699999))",,FN,
1,55.0,Aspen,32.15,86.0,27.1,0.0,,POINT (547114.594999999 6450418.14599999),"(np.float64(547114.594999999), np.float64(6450418.14599999))","(np.float64(547113.79), np.float64(6450418.2243), np.float64(27.275999999999982))",TP,0.8087990417158212
1,207.0,Aspen,31.35,,,0.0,Single trunk,POINT (547114.613999999 6450376.27199999),"(np.float64(547114.613999999), np.float64(6450376.27199999))",,FN,
1,272.0,Spruce,20.35,,17.3,0.0,,POINT (547114.692 6450360.701),"(np.float64(547114.692), np.float64(6450360.701))",,FN,
1,273.0,Aspen,33.95,,,0.0,,POINT (547115.101 6450362.62),"(np.float64(547115.101), np.float64(6450362.62))","(np.float64(547114.827), np.float64(6450362.5223), np.float64(17.970999999999975))",TP,0.29089738731975734
1,392.0,Tilia,11.7,,,0.0,,POINT (547115.104 6450332.57699999),"(np.float64(547115.104), np.float64(6450332.57699999))",,FN,
1,206.0,Aspen,30.55,,,0.0,Single trunk,POINT (547115.175999999 6450376.37),"(np.float64(547115.175999999), np.float64(6450376.37))",,FN,
1,287.0,Aspen,25.0,,,0.0,,POINT (547115.398 6450347.41299999),"(np.float64(547115.398), np.float64(6450347.41299999))","(np.float64(547115.447), np.float64(6450347.3463), np.float64(15.311999999999983))",TP,0.08276405424716553
1,394.0,Tilia,10.0,,,0.0,,POINT (547115.415 6450335.75899999),"(np.float64(547115.415), np.float64(6450335.75899999))",,FN,
1,288.0,Aspen,30.25,,,0.0,,POINT (547115.528 6450348.20899999),"(np.float64(547115.528), np.float64(6450348.20899999))","(np.float64(547115.716), np.float64(6450348.5453), np.float64(18.072000000000003))",TP,0.38528132221320505
1,286.0,Aspen,17.1,,,0.0,,POINT (547115.930999999 6450347.551),"(np.float64(547115.930999999), np.float64(6450347.551))",,FN,
1,280.0,Aspen,20.0,,,0.0,,POINT (547115.932999999 6450351.32199999),"(np.float64(547115.932999999), np.float64(6450351.32199999))","(np.float64(547115.809), np.float64(6450351.6213), np.float64(16.86100000000002))",TP,0.3239698988717391
1,138.0,Aspen,30.05,,,0.0,,POINT (547116.082 6450391.12),"(np.float64(547116.082), np.float64(6450391.12))","(np.float64(547114.921), np.float64(6450391.4443), np.float64(28.11099999999999))",TP,1.2054424456895219
1,217.0,Aspen,24.7,,,0.0,,POINT (547116.111999999 6450364.54499999),"(np.float64(547116.111999999), np.float64(6450364.54499999))",,FN,
1,289.0,Fir,13.6,,,0.0,,POINT (547116.256 6450348.68699999),"(np.float64(547116.256), np.float64(6450348.68699999))",,FN,
1,214.0,Aspen,23.0,,,0.0,,POINT (547116.258999999 6450369.79899999),"(np.float64(547116.258999999), np.float64(6450369.79899999))",,FN,
1,200.0,Fir,17.7,,,0.0,,POINT (547116.295999999 6450384.655),"(np.float64(547116.295999999), np.float64(6450384.655))","(np.float64(547116.221), np.float64(6450384.6483), np.float64(17.47399999999999))",TP,0.07529867105760164
1,285.0,Fir,14.85,,,0.0,,POINT (547116.456 6450347.769),"(np.float64(547116.456), np.float64(6450347.769))","(np.float64(547116.341), np.float64(6450347.4473), np.float64(30.18100000000001))",TP,0.34163707370425334
1,123.0,Spruce,28.6,,25.0,0.0,,POINT (547116.473 6450403.098),"(np.float64(547116.473), np.float64(6450403.098))","(np.float64(547116.004), np.float64(6450403.5573), np.float64(24.858000000000004))",TP,0.6564430594050202
1,66.0,Aspen,27.65,,,0.0,,POINT (547116.518 6450413.12),"(np.float64(547116.518), np.float64(6450413.12))","(np.float64(547117.013), np.float64(6450413.9333), np.float64(28.072000000000003))",TP,0.9520934246699495
1,391.0,Tilia,9.45,,,0.0,,POINT (547116.560999999 6450331.78199999),"(np.float64(547116.560999999), np.float64(6450331.78199999))",,FN,
1,124.0,Birch,15.3,59.0,20.7,0.0,,POINT (547116.560999999 6450404.586),"(np.float64(547116.560999999), np.float64(6450404.586))",,FN,
1,139.0,Spruce,19.5,70.0,17.8,0.0,,POINT (547116.594999999 6450391.95199999),"(np.float64(547116.594999999), np.float64(6450391.95199999))","(np.float64(547114.62), np.float64(6450394.4483), np.float64(17.770999999999987))",TP,3.183102061858562
1,380.0,Aspen,25.35,,,0.0,,POINT (547116.640999999 6450340.427),"(np.float64(547116.640999999), np.float64(6450340.427))","(np.float64(547118.032), np.float64(6450340.1843), np.float64(22.00800000000001))",TP,1.4120142679535614
1,67.0,Aspen,25.9,,,0.0,,POINT (547116.971999999 6450414.92499999),"(np.float64(547116.971999999), np.float64(6450414.92499999))",,FN,
1,205.0,Aspen,25.0,,,0.0,,POINT (547117.243999999 6450380.58),"(np.float64(547117.243999999), np.float64(6450380.58))","(np.float64(547116.974), np.float64(6450379.9233), np.float64(27.450999999999993))",TP,0.7100386536404036
1,390.0,Tilia,11.95,,,0.0,,POINT (547117.537999999 6450330.468),"(np.float64(547117.537999999), np.float64(6450330.468))",,FN,
1,63.0,Aspen,19.75,,,80.0,,POINT (547117.56 6450426.82299999),"(np.float64(547117.56), np.float64(6450426.82299999))","(np.float64(547116.104), np.float64(6450426.1243), np.float64(12.50800000000001))",TP,1.6149667721481105
1,276.0,Aspen,31.05,,,0.0,,POINT (547117.647 6450358.824),"(np.float64(547117.647), np.float64(6450358.824))","(np.float64(547116.935), np.float64(6450357.7263), np.float64(30.079000000000008))",TP,1.3083918715345606
1,201.0,Fir,15.4,,,0.0,,POINT (547117.883999999 6450383.73799999),"(np.float64(547117.883999999), np.float64(6450383.73799999))","(np.float64(547117.824), np.float64(6450383.7583), np.float64(15.509000000000015))",TP,0.0633410632676565
1,64.0,Aspen,27.35,,,0.0,,POINT (547117.888999999 6450427.20399999),"(np.float64(547117.888999999), np.float64(6450427.20399999))",,FN,
1,58.0,Fir,28.3,,,0.0,,POINT (547117.898 6450419.462),"(np.float64(547117.898), np.float64(6450419.462))","(np.float64(547117.545), np.float64(6450418.9103), np.float64(16.248999999999995))",TP,0.6549670913263393
1,204.0,Aspen,23.9,,,0.0,,POINT (547117.905 6450380.865),"(np.float64(547117.905), np.float64(6450380.865))","(np.float64(547118.179), np.float64(6450381.9553), np.float64(18.05499999999998))",TP,1.1242019785387851
1,274.0,Aspen,26.65,,,0.0,,POINT (547118.074 6450360.66799999),"(np.float64(547118.074), np.float64(6450360.66799999))","(np.float64(547118.103), np.float64(6450360.8483), np.float64(14.494))",TP,0.18261734145971412
1,389.0,Tilia,11.2,,,0.0,,POINT (547118.104 6450330.723),"(np.float64(547118.104), np.float64(6450330.723))",,FN,
1,125.0,Spruce,17.1,107.0,14.8,0.0,,POINT (547118.312999999 6450401.622),"(np.float64(547118.312999999), np.float64(6450401.622))",,FN,
1,211.0,Fir,17.6,,,0.0,,POINT (547118.339999999 6450373.79399999),"(np.float64(547118.339999999), np.float64(6450373.79399999))","(np.float64(547117.896), np.float64(6450374.1363), np.float64(13.995000000000005))",TP,0.5606293748775987
1,381.0,Aspen,37.0,,,0.0,,POINT (547118.373999999 6450338.70899999),"(np.float64(547118.373999999), np.float64(6450338.70899999))","(np.float64(547118.979), np.float64(6450338.1363), np.float64(29.585999999999984))",TP,0.8330727932575621
1,137.0,Spruce,17.95,,,0.0,,POINT (547118.481 6450387.14599999),"(np.float64(547118.481), np.float64(6450387.14599999))","(np.float64(547118.385), np.float64(6450387.6293), np.float64(18.172999999999973))",TP,0.4927422241098675
1,279.0,Aspen,19.25,,,0.0,,POINT (547118.582999999 6450354.184),"(np.float64(547118.582999999), np.float64(6450354.184))",,FN,
1,215.0,Fir,14.3,,,0.0,,POINT (547118.601999999 6450367.98),"(np.float64(547118.601999999), np.float64(6450367.98))","(np.float64(547118.055), np.float64(6450368.1293), np.float64(12.634999999999991))",TP,0.5670092492952035
1,62.0,Aspen,24.1,,,80.0,,POINT (547118.652 6450422.28199999),"(np.float64(547118.652), np.float64(6450422.28199999))",,FN,
1,275.0,Aspen,25.9,,,0.0,,POINT (547118.761999999 6450359.13999999),"(np.float64(547118.761999999), np.float64(6450359.13999999))","(np.float64(547119.322), np.float64(6450359.2513), np.float64(17.37300000000002))",TP,0.5709533196124429
1,277.0,Aspen,26.55,,,0.0,,POINT (547119.133 6450356.632),"(np.float64(547119.133), np.float64(6450356.632))","(np.float64(547120.356), np.float64(6450355.6883), np.float64(28.546999999999997))",TP,1.5447649307290803
1,126.0,Birch,29.6,,,0.0,Bended,POINT (547119.160999999 6450401.33),"(np.float64(547119.160999999), np.float64(6450401.33))","(np.float64(547118.037), np.float64(6450401.0553), np.float64(24.108000000000004))",TP,1.157080847552407
1,132.0,Aspen,28.9,76.0,26.8,0.0,,POINT (547119.180999999 6450393.977),"(np.float64(547119.180999999), np.float64(6450393.977))","(np.float64(547119.067), np.float64(6450394.5593), np.float64(27.002999999999986))",TP,0.5933542699347141
1,136.0,Aspen,27.35,,,0.0,,POINT (547119.692 6450387.546),"(np.float64(547119.692), np.float64(6450387.546))",,FN,
1,385.0,Spruce,21.25,,16.9,0.0,,POINT (547119.709999999 6450336.449),"(np.float64(547119.709999999), np.float64(6450336.449))","(np.float64(547119.75), np.float64(6450336.3533), np.float64(15.186999999999983))",TP,0.1037231418560425
1,386.0,Tilia,13.65,,,0.0,,POINT (547119.733 6450334.88599999),"(np.float64(547119.733), np.float64(6450334.88599999))",,FN,
1,284.0,Aspen,25.1,,,0.0,,POINT (547119.92 6450344.09499999),"(np.float64(547119.92), np.float64(6450344.09499999))","(np.float64(547119.915), np.float64(6450342.4343), np.float64(29.28))",TP,1.6607075175074635
1,127.0,Aspen,30.55,,,0.0,,POINT (547119.937 6450407.593),"(np.float64(547119.937), np.float64(6450407.593))","(np.float64(547118.794), np.float64(6450406.4083), np.float64(19.0))",TP,1.6461965527627929
1,133.0,Aspen,24.75,74.0,28.7,0.0,,POINT (547119.957999999 6450390.98199999),"(np.float64(547119.957999999), np.float64(6450390.98199999))","(np.float64(547119.799), np.float64(6450390.9333), np.float64(27.366000000000014))",TP,0.1662909760534577
1,59.0,Aspen,22.15,,,0.0,,POINT (547120.094999999 6450418.36299999),"(np.float64(547120.094999999), np.float64(6450418.36299999))","(np.float64(547120.285), np.float64(6450418.4783), np.float64(14.602000000000004))",TP,0.22224781815199895
1,60.0,Aspen,24.6,,,0.0,,POINT (547120.172 6450419.173),"(np.float64(547120.172), np.float64(6450419.173))",,FN,
1,384.0,Aspen,30.1,,,0.0,,POINT (547120.270999999 6450337.974),"(np.float64(547120.270999999), np.float64(6450337.974))",,FN,
1,388.0,Tilia,13.1,,,0.0,,POINT (547120.41 6450330.798),"(np.float64(547120.41), np.float64(6450330.798))",,FN,
1,216.0,Aspen,40.85,79.0,31.4,0.0,Rotten,POINT (547120.471 6450366.43499999),"(np.float64(547120.471), np.float64(6450366.43499999))","(np.float64(547121.93), np.float64(6450365.8123), np.float64(29.73400000000001))",TP,1.5863279224549522
1,387.0,Tilia,14.55,,,0.0,,POINT (547120.478 6450331.781),"(np.float64(547120.478), np.float64(6450331.781))",,FN,
1,135.0,Fir,20.15,,,0.0,,POINT (547120.648 6450389.991),"(np.float64(547120.648), np.float64(6450389.991))","(np.float64(547120.488), np.float64(6450390.1563), np.float64(17.455000000000013))",TP,0.23005236328772272
1,282.0,Aspen,17.5,,,80.0,,POINT (547120.793999999 6450346.603),"(np.float64(547120.793999999), np.float64(6450346.603))",,FN,
1,129.0,Aspen,20.6,,,80.0,,POINT (547120.826 6450403.90199999),"(np.float64(547120.826), np.float64(6450403.90199999))","(np.float64(547120.919), np.float64(6450404.3803), np.float64(26.00200000000001))",TP,0.4872575288543583
1,128.0,Aspen,26.65,,,0.0,,POINT (547120.881 6450406.963),"(np.float64(547120.881), np.float64(6450406.963))",,FN,
1,382.0,Aspen,20.65,,,0.0,,POINT (547120.969 6450339.75399999),"(np.float64(547120.969), np.float64(6450339.75399999))",,FN,
1,131.0,Aspen,29.7,,,0.0,,POINT (547121.283999999 6450394.45399999),"(np.float64(547121.283999999), np.float64(6450394.45399999))","(np.float64(547121.701), np.float64(6450395.1533), np.float64(27.768))",TP,0.8141925483195038
1,65.0,Aspen,24.75,,,0.0,,POINT (547121.299 6450410.95799999),"(np.float64(547121.299), np.float64(6450410.95799999))","(np.float64(547121.399), np.float64(6450411.2323), np.float64(27.894000000000005))",TP,0.29195974970939437
1,61.0,Aspen,15.3,,,70.0,,POINT (547121.435 6450421.69699999),"(np.float64(547121.435), np.float64(6450421.69699999))",,FN,
1,281.0,Aspen,33.7,,,0.0,,POINT (547121.452 6450349),"(np.float64(547121.452), np.float64(6450349.0))",,FN,
1,383.0,Aspen,18.0,,,0.0,,POINT (547121.481999999 6450338.228),"(np.float64(547121.481999999), np.float64(6450338.228))",,FN,
1,130.0,Spruce,32.85,,25.9,0.0,,POINT (547121.645999999 6450400.455),"(np.float64(547121.645999999), np.float64(6450400.455))","(np.float64(547121.681), np.float64(6450400.8013), np.float64(25.131))",TP,0.34806420426763535
1,134.0,Aspen,24.0,,,0.0,,POINT (547121.768 6450389.99199999),"(np.float64(547121.768), np.float64(6450389.99199999))",,FN,
1,202.0,Aspen,22.45,,,0.0,,POINT (547121.770999999 6450384.07799999),"(np.float64(547121.770999999), np.float64(6450384.07799999))","(np.float64(547121.537), np.float64(6450384.2063), np.float64(27.060000000000002))",TP,0.26686493197975597
1,283.0,Aspen,21.5,,,70.0,,POINT (547121.780999999 6450343.26099999),"(np.float64(547121.780999999), np.float64(6450343.26099999))",,FN,
1,203.0,Fir,12.0,,,0.0,,POINT (547121.983 6450382.58399999),"(np.float64(547121.983), np.float64(6450382.58399999))",,FN,
1,278.0,Aspen,30.4,,,0.0,,POINT (547122.175 6450356.37899999),"(np.float64(547122.175), np.float64(6450356.37899999))",,FN,
1,209.0,Aspen,18.65,,,0.0,,POINT (547122.354999999 6450377.053),"(np.float64(547122.354999999), np.float64(6450377.053))",,FN,
1,208.0,Aspen,29.5,,,0.0,,POINT (547122.555 6450378.809),"(np.float64(547122.555), np.float64(6450378.809))","(np.float64(547122.446), np.float64(6450379.1083), np.float64(17.701999999999998))",TP,0.31853020273561794
1,210.0,Aspen,28.15,71.0,27.8,0.0,,POINT (547122.655999999 6450372.93099999),"(np.float64(547122.655999999), np.float64(6450372.93099999))","(np.float64(547122.582), np.float64(6450373.7053), np.float64(27.421999999999997))",TP,0.7778280692073388
1,,,,,,,,,,"(np.float64(547103.843), np.float64(6450345.8573), np.float64(24.70999999999998))",FP,
1,,,,,,,,,,"(np.float64(547103.503), np.float64(6450346.0823), np.float64(19.131999999999977))",FP,
1,,,,,,,,,,"(np.float64(547095.993), np.float64(6450363.1223), np.float64(16.99199999999999))",FP,
1,,,,,,,,,,"(np.float64(547114.763), np.float64(6450362.6023), np.float64(14.869999999999976))",FP,
1,,,,,,,,,,"(np.float64(547119.753), np.float64(6450418.4643), np.float64(20.31899999999999))",FP,
1,,,,,,,,,,"(np.float64(547084.137), np.float64(6450347.0263), np.float64(16.72))",FP,
1,,,,,,,,,,"(np.float64(547095.9), np.float64(6450363.1203), np.float64(14.927999999999997))",FP,
1,,,,,,,,,,"(np.float64(547112.212), np.float64(6450354.8383), np.float64(15.197000000000003))",FP,
1,,,,,,,,,,"(np.float64(547106.368), np.float64(6450381.1893), np.float64(26.289999999999992))",FP,
1,,,,,,,,,,"(np.float64(547103.723), np.float64(6450345.5053), np.float64(29.728999999999985))",FP,
1,,,,,,,,,,"(np.float64(547085.936), np.float64(6450384.9573), np.float64(16.061000000000007))",FP,
1,,,,,,,,,,"(np.float64(547091.329), np.float64(6450332.4853), np.float64(16.557999999999993))",FP,
1,,,,,,,,,,"(np.float64(547085.153), np.float64(6450335.4913), np.float64(18.722999999999985))",FP,
1,,,,,,,,,,"(np.float64(547113.831), np.float64(6450375.0023), np.float64(28.765000000000015))",FP,
1,,,,,,,,,,"(np.float64(547075.577), np.float64(6450362.4173), np.float64(19.464))",FP,
1,,,,,,,,,,"(np.float64(547085.973), np.float64(6450360.9573), np.float64(18.655999999999977))",FP,
1,,,,,,,,,,"(np.float64(547093.539), np.float64(6450379.5833), np.float64(26.915999999999997))",FP,
1,,,,,,,,,,"(np.float64(547093.111), np.float64(6450380.0253), np.float64(16.161999999999978))",FP,
1,,,,,,,,,,"(np.float64(547074.332), np.float64(6450375.6443), np.float64(16.686000000000007))",FP,
1,,,,,,,,,,"(np.float64(547113.113), np.float64(6450346.5723), np.float64(29.869))",FP,
1,,,,,,,,,,"(np.float64(547116.589), np.float64(6450351.2523), np.float64(19.414000000000016))",FP,
1,,,,,,,,,,"(np.float64(547092.256), np.float64(6450384.9563), np.float64(13.510999999999996))",FP,
1,,,,,,,,,,"(np.float64(547084.564), np.float64(6450389.0433), np.float64(12.365000000000009))",FP,
1,,,,,,,,,,"(np.float64(547103.65), np.float64(6450358.5663), np.float64(23.408999999999992))",FP,
1,,,,,,,,,,"(np.float64(547114.645), np.float64(6450362.0123), np.float64(31.038999999999987))",FP,
1,,,,,,,,,,"(np.float64(547098.444), np.float64(6450343.8623), np.float64(29.486999999999995))",FP,
1,,,,,,,,,,"(np.float64(547115.044), np.float64(6450348.8033), np.float64(20.442999999999984))",FP,
1,,,,,,,,,,"(np.float64(547076.125), np.float64(6450386.3893), np.float64(13.079999999999984))",FP,
1,,,,,,,,,,"(np.float64(547090.768), np.float64(6450378.0303), np.float64(18.817999999999984))",FP,
1,,,,,,,,,,"(np.float64(547099.951), np.float64(6450427.5543), np.float64(12.519000000000005))",FP,
1,,,,,,,,,,"(np.float64(547111.738), np.float64(6450357.3523), np.float64(21.619))",FP,
1,,,,,,,,,,"(np.float64(547082.574), np.float64(6450383.8023), np.float64(17.76600000000002))",FP,
1,,,,,,,,,,"(np.float64(547112.752), np.float64(6450353.6123), np.float64(30.122000000000014))",FP,
1,,,,,,,,,,"(np.float64(547114.02), np.float64(6450375.2693), np.float64(16.667))",FP,
1,,,,,,,,,,"(np.float64(547117.962), np.float64(6450387.8823), np.float64(13.627999999999986))",FP,
1,,,,,,,,,,"(np.float64(547099.393), np.float64(6450415.3103), np.float64(13.74799999999999))",FP,
1,,,,,,,,,,"(np.float64(547085.946), np.float64(6450350.2693), np.float64(28.918000000000006))",FP,
1,,,,,,,,,,"(np.float64(547107.973), np.float64(6450365.4983), np.float64(29.62699999999998))",FP,
1,,,,,,,,,,"(np.float64(547100.191), np.float64(6450375.2873), np.float64(27.311999999999983))",FP,
1,,,,,,,,,,"(np.float64(547084.767), np.float64(6450346.7093), np.float64(29.444999999999993))",FP,
1,,,,,,,,,,"(np.float64(547075.415), np.float64(6450363.0223), np.float64(14.895999999999987))",FP,
1,,,,,,,,,,"(np.float64(547082.363), np.float64(6450373.9263), np.float64(26.393))",FP,
1,,,,,,,,,,"(np.float64(547086.306), np.float64(6450383.4553), np.float64(26.96199999999999))",FP,
1,,,,,,,,,,"(np.float64(547092.447), np.float64(6450383.8083), np.float64(27.839))",FP,
1,,,,,,,,,,"(np.float64(547109.359), np.float64(6450381.7663), np.float64(16.471000000000004))",FP,
1,,,,,,,,,,"(np.float64(547084.893), np.float64(6450351.7353), np.float64(18.24600000000001))",FP,
1,,,,,,,,,,"(np.float64(547103.613), np.float64(6450334.5863), np.float64(28.816000000000003))",FP,
1,,,,,,,,,,"(np.float64(547108.302), np.float64(6450359.2863), np.float64(30.357))",FP,
1,,,,,,,,,,"(np.float64(547101.512), np.float64(6450355.8383), np.float64(30.179000000000002))",FP,
1,,,,,,,,,,"(np.float64(547106.488), np.float64(6450382.4963), np.float64(18.069999999999993))",FP,
1,,,,,,,,,,"(np.float64(547101.454), np.float64(6450337.3533), np.float64(17.216999999999985))",FP,
1,,,,,,,,,,"(np.float64(547102.988), np.float64(6450415.8473), np.float64(15.998999999999995))",FP,
1,,,,,,,,,,"(np.float64(547081.716), np.float64(6450381.3773), np.float64(17.323000000000008))",FP,
1,,,,,,,,,,"(np.float64(547098.699), np.float64(6450362.1663), np.float64(30.00400000000002))",FP,
1,,,,,,,,,,"(np.float64(547105.255), np.float64(6450343.4833), np.float64(23.037000000000006))",FP,
1,,,,,,,,,,"(np.float64(547088.93), np.float64(6450355.0013), np.float64(27.854000000000013))",FP,
1,,,,,,,,,,"(np.float64(547111.498), np.float64(6450359.1073), np.float64(29.945999999999998))",FP,
1,,,,,,,,,,"(np.float64(547099.049), np.float64(6450350.1383), np.float64(30.714))",FP,
1,,,,,,,,,,"(np.float64(547095.569), np.float64(6450359.4963), np.float64(30.74799999999999))",FP,
1,,,,,,,,,,"(np.float64(547080.417), np.float64(6450389.5653), np.float64(26.070999999999998))",FP,
1,,,,,,,,,,"(np.float64(547078.972), np.float64(6450344.1533), np.float64(22.176000000000016))",FP,
1,,,,,,,,,,"(np.float64(547083.254), np.float64(6450419.5913), np.float64(12.573999999999984))",FP,
1,,,,,,,,,,"(np.float64(547111.373), np.float64(6450356.6023), np.float64(30.138000000000005))",FP,
1,,,,,,,,,,"(np.float64(547116.124), np.float64(6450389.7183), np.float64(27.926000000000016))",FP,
1,,,,,,,,,,"(np.float64(547076.868), np.float64(6450335.3633), np.float64(12.320999999999998))",FP,
1,,,,,,,,,,"(np.float64(547075.065), np.float64(6450390.0973), np.float64(26.187000000000012))",FP,
1,,,,,,,,,,"(np.float64(547091.621), np.float64(6450333.6263), np.float64(22.292))",FP,
1,,,,,,,,,,"(np.float64(547110.792), np.float64(6450359.9913), np.float64(21.676999999999992))",FP,
1,,,,,,,,,,"(np.float64(547110.667), np.float64(6450352.3593), np.float64(23.018))",FP,
1,,,,,,,,,,"(np.float64(547083.962), np.float64(6450408.6243), np.float64(26.673000000000002))",FP,
1,,,,,,,,,,"(np.float64(547095.049), np.float64(6450386.1533), np.float64(26.849999999999994))",FP,
1,,,,,,,,,,"(np.float64(547099.817), np.float64(6450339.2063), np.float64(28.61099999999999))",FP,
1,,,,,,,,,,"(np.float64(547108.992), np.float64(6450352.1113), np.float64(30.525999999999982))",FP,
1,,,,,,,,,,"(np.float64(547107.95), np.float64(6450344.0303), np.float64(21.043000000000006))",FP,
1,,,,,,,,,,"(np.float64(547120.719), np.float64(6450336.3363), np.float64(29.388000000000005))",FP,
1,,,,,,,,,,"(np.float64(547120.19), np.float64(6450342.3993), np.float64(21.00999999999999))",FP,
1,,,,,,,,,,"(np.float64(547102.834), np.float64(6450348.1513), np.float64(30.206999999999994))",FP,
1,,,,,,,,,,"(np.float64(547118.701), np.float64(6450408.8153), np.float64(27.043000000000006))",FP,
1,,,,,,,,,,"(np.float64(547086.415), np.float64(6450378.0883), np.float64(26.036))",FP,
1,,,,,,,,,,"(np.float64(547103.148), np.float64(6450404.0893), np.float64(23.468000000000018))",FP,
1,,,,,,,,,,"(np.float64(547095.952), np.float64(6450330.7113), np.float64(24.293000000000006))",FP,
1,,,,,,,,,,"(np.float64(547091.873), np.float64(6450417.5663), np.float64(12.405000000000001))",FP,
1,,,,,,,,,,"(np.float64(547107.524), np.float64(6450356.9483), np.float64(30.203000000000003))",FP,
1,,,,,,,,,,"(np.float64(547104.238), np.float64(6450357.4893), np.float64(30.260999999999996))",FP,
1,,,,,,,,,,"(np.float64(547080.648), np.float64(6450400.8043), np.float64(25.534999999999997))",FP,
1,,,,,,,,,,"(np.float64(547101.4), np.float64(6450411.6133), np.float64(13.913999999999987))",FP,
1,,,,,,,,,,"(np.float64(547117.253), np.float64(6450375.4383), np.float64(28.061999999999983))",FP,
1,,,,,,,,,,"(np.float64(547085.486), np.float64(6450345.7083), np.float64(23.679000000000002))",FP,
1,,,,,,,,,,"(np.float64(547105.794), np.float64(6450391.5003), np.float64(20.413999999999987))",FP,
1,,,,,,,,,,"(np.float64(547097.398), np.float64(6450427.4493), np.float64(16.70599999999999))",FP,
1,,,,,,,,,,"(np.float64(547107.388), np.float64(6450394.2423), np.float64(18.808999999999997))",FP,
1,,,,,,,,,,"(np.float64(547077.809), np.float64(6450353.4843), np.float64(21.829000000000008))",FP,
1,,,,,,,,,,"(np.float64(547099.685), np.float64(6450358.6083), np.float64(29.52200000000002))",FP,
1,,,,,,,,,,"(np.float64(547080.25), np.float64(6450339.3283), np.float64(14.170000000000016))",FP,
1,,,,,,,,,,"(np.float64(547082.195), np.float64(6450417.6093), np.float64(26.345))",FP,
1,,,,,,,,,,"(np.float64(547094.393), np.float64(6450386.5303), np.float64(19.26400000000001))",FP,
1,,,,,,,,,,"(np.float64(547111.097), np.float64(6450390.6363), np.float64(28.093999999999994))",FP,
1,,,,,,,,,,"(np.float64(547081.828), np.float64(6450339.6323), np.float64(20.851))",FP,
1,,,,,,,,,,"(np.float64(547082.279), np.float64(6450379.6323), np.float64(26.59700000000001))",FP,
1,,,,,,,,,,"(np.float64(547076.04), np.float64(6450378.2403), np.float64(26.926999999999992))",FP,
1,,,,,,,,,,"(np.float64(547117.381), np.float64(6450344.2553), np.float64(29.507000000000005))",FP,
1,,,,,,,,,,"(np.float64(547072.969), np.float64(6450349.3063), np.float64(20.754999999999995))",FP,
1,,,,,,,,,,"(np.float64(547084.505), np.float64(6450343.7103), np.float64(22.983000000000004))",FP,
1,,,,,,,,,,"(np.float64(547100.897), np.float64(6450363.0923), np.float64(22.897999999999996))",FP,
1,,,,,,,,,,"(np.float64(547093.728), np.float64(6450387.4053), np.float64(16.369))",FP,
1,,,,,,,,,,"(np.float64(547075.736), np.float64(6450408.4183), np.float64(25.38499999999999))",FP,
1,,,,,,,,,,"(np.float64(547077.284), np.float64(6450370.7123), np.float64(26.962999999999994))",FP,
1,,,,,,,,,,"(np.float64(547072.705), np.float64(6450349.0443), np.float64(29.730999999999995))",FP,
1,,,,,,,,,,"(np.float64(547096.945), np.float64(6450391.2393), np.float64(13.036000000000001))",FP,
1,,,,,,,,,,"(np.float64(547121.29), np.float64(6450415.7223), np.float64(25.647999999999996))",FP,
1,,,,,,,,,,"(np.float64(547078.221), np.float64(6450412.8473), np.float64(18.05800000000002))",FP,
1,,,,,,,,,,"(np.float64(547108.437), np.float64(6450333.5813), np.float64(18.99199999999999))",FP,
1,,,,,,,,,,"(np.float64(547089.959), np.float64(6450359.7343), np.float64(21.528999999999996))",FP,
1,,,,,,,,,,"(np.float64(547094.983), np.float64(6450402.1563), np.float64(14.969999999999999))",FP,
1,,,,,,,,,,"(np.float64(547118.667), np.float64(6450396.3663), np.float64(20.936999999999983))",FP,
1,,,,,,,,,,"(np.float64(547104.008), np.float64(6450366.3533), np.float64(14.911000000000001))",FP,
1,,,,,,,,,,"(np.float64(547109.177), np.float64(6450401.6953), np.float64(13.225000000000023))",FP,
1,,,,,,,,,,"(np.float64(547092.702), np.float64(6450396.3103), np.float64(24.23599999999999))",FP,
1,,,,,,,,,,"(np.float64(547100.596), np.float64(6450386.3213), np.float64(21.575999999999993))",FP,
1,,,,,,,,,,"(np.float64(547103.546), np.float64(6450395.5083), np.float64(15.926999999999992))",FP,
2,35.0,Tilia,10.9,,,0.0,,POINT (546913.832999999 6450031.661),"(np.float64(546913.832999999), np.float64(6450031.661))",,FN,
2,31.0,Tilia,11.4,26.0,10.9,0.0,,POINT (546914.189999999 6450035.11699999),"(np.float64(546914.189999999), np.float64(6450035.11699999))",,FN,
2,36.0,Tilia,11.2,29.0,11.0,0.0,,POINT (546914.194999999 6450031.302),"(np.float64(546914.194999999), np.float64(6450031.302))",,FN,
2,32.0,Tilia,9.1,,,0.0,,POINT (546915.422999999 6450035.548),"(np.float64(546915.422999999), np.float64(6450035.548))",,FN,
2,30.0,Fir,15.5,81.0,15.8,0.0,,POINT (546916.398999999 6450040.70799999),"(np.float64(546916.398999999), np.float64(6450040.70799999))",,FN,
2,29.0,Spruce,39.95,100.0,25.2,0.0,,POINT (546917.721 6450039.69799999),"(np.float64(546917.721), np.float64(6450039.69799999))","(np.float64(546918.334), np.float64(6450039.7123), np.float64(26.240999999999985))",TP,0.6131667720168972
2,25.0,Tilia,9.4,,,0.0,,POINT (546918.647 6450045.36699999),"(np.float64(546918.647), np.float64(6450045.36699999))","(np.float64(546920.547), np.float64(6450045.6363), np.float64(3.8799999999999955))",TP,1.9189899675361157
2,33.0,Fir,32.75,89.0,22.8,0.0,Rotten,POINT (546919.457 6450033.961),"(np.float64(546919.457), np.float64(6450033.961))","(np.float64(546919.408), np.float64(6450034.0573), np.float64(22.787000000000006))",TP,0.10804947969552624
2,34.0,Spruce,17.5,91.0,14.9,0.0,,POINT (546919.734 6450036.177),"(np.float64(546919.734), np.float64(6450036.177))",,FN,
2,24.0,Fir,31.6,,,0.0,,POINT (546920.125 6450050.648),"(np.float64(546920.125), np.float64(6450050.648))",,FN,
2,23.0,Fir,10.8,,,0.0,,POINT (546920.4 6450048.58),"(np.float64(546920.4), np.float64(6450048.58))","(np.float64(546920.28), np.float64(6450048.4613), np.float64(10.162999999999982))",TP,0.16878889213299778
2,37.0,Fir,14.8,,,0.0,,POINT (546921.538999999 6450030.58),"(np.float64(546921.538999999), np.float64(6450030.58))",,FN,
2,15.0,Tilia,9.15,,,0.0,,POINT (546921.592999999 6450053.61),"(np.float64(546921.592999999), np.float64(6450053.61))","(np.float64(546922.226), np.float64(6450054.3653), np.float64(11.294999999999987))",TP,0.9854781024592534
2,38.0,Spruce,10.0,,,0.0,,POINT (546921.647 6450029.11),"(np.float64(546921.647), np.float64(6450029.11))",,FN,
2,26.0,Tilia,10.2,,,0.0,,POINT (546922.53 6450045.45299999),"(np.float64(546922.53), np.float64(6450045.45299999))",,FN,
2,22.0,Fir,35.3,85.0,27.1,0.0,Rotten,POINT (546922.766999999 6450048.25),"(np.float64(546922.766999999), np.float64(6450048.25))","(np.float64(546922.189), np.float64(6450048.3183), np.float64(28.224000000000018))",TP,0.5820213817538521
2,44.0,Fir,13.55,,,0.0,,POINT (546923.687 6450033.559),"(np.float64(546923.687), np.float64(6450033.559))","(np.float64(546924.469), np.float64(6450032.9143), np.float64(26.841000000000008))",TP,1.0134900542634313
2,39.0,Fir,27.7,,,0.0,,POINT (546923.707 6450029.07299999),"(np.float64(546923.707), np.float64(6450029.07299999))","(np.float64(546923.155), np.float64(6450029.0063), np.float64(23.215000000000003))",TP,0.5560151874753781
2,28.0,Tilia,27.35,,,0.0,,POINT (546924.503999999 6450040.165),"(np.float64(546924.503999999), np.float64(6450040.165))","(np.float64(546923.826), np.float64(6450041.8483), np.float64(6.228999999999985))",TP,1.814712893990189
2,14.0,Tilia,9.1,,,0.0,,POINT (546924.974 6450054.57699999),"(np.float64(546924.974), np.float64(6450054.57699999))",,FN,
2,46.0,Spruce,31.0,91.0,21.6,0.0,,POINT (546925.038999999 6450035.25299999),"(np.float64(546925.038999999), np.float64(6450035.25299999))",,FN,
2,20.0,Spruce,38.15,,,0.0,,POINT (546925.109 6450044.233),"(np.float64(546925.109), np.float64(6450044.233))","(np.float64(546924.684), np.float64(6450044.3863), np.float64(12.609000000000009))",TP,0.4518029328682099
2,45.0,Spruce,35.85,95.0,27.1,0.0,,POINT (546925.312999999 6450034.798),"(np.float64(546925.312999999), np.float64(6450034.798))",,FN,
2,40.0,Spruce,32.05,75.0,23.3,0.0,Rotten,POINT (546925.505 6450029.496),"(np.float64(546925.505), np.float64(6450029.496))",,FN,
2,27.0,Tilia,38.0,,,0.0,,POINT (546925.988999999 6450040.65699999),"(np.float64(546925.988999999), np.float64(6450040.65699999))",,FN,
2,16.0,Fir,24.4,,,0.0,,POINT (546926.023999999 6450049.807),"(np.float64(546926.023999999), np.float64(6450049.807))","(np.float64(546925.942), np.float64(6450049.9393), np.float64(23.11699999999999))",TP,0.1556511797552556
2,21.0,Spruce,21.0,75.0,22.1,0.0,Rotten,POINT (546926.246 6450046.66199999),"(np.float64(546926.246), np.float64(6450046.66199999))",,FN,
2,13.0,Tilia,8.95,,,0.0,,POINT (546927.398 6450054.258),"(np.float64(546927.398), np.float64(6450054.258))","(np.float64(546927.411), np.float64(6450057.4473), np.float64(14.382999999999981))",TP,3.189326494467999
2,19.0,Spruce,21.95,,,0.0,,POINT (546927.736 6450043.78299999),"(np.float64(546927.736), np.float64(6450043.78299999))","(np.float64(546927.488), np.float64(6450044.8373), np.float64(9.92100000000002))",TP,1.0830754874557191
2,43.0,Tilia,12.0,28.0,11.7,0.0,,POINT (546928.677 6450032.655),"(np.float64(546928.677), np.float64(6450032.655))",,FN,
2,18.0,Spruce,30.8,95.0,24.5,0.0,,POINT (546928.677999999 6450044.39499999),"(np.float64(546928.677999999), np.float64(6450044.39499999))","(np.float64(546928.729), np.float64(6450044.8843), np.float64(24.84899999999999))",TP,0.49195070859743634
2,42.0,Fir,28.4,,,0.0,,POINT (546929.045999999 6450030.08299999),"(np.float64(546929.045999999), np.float64(6450030.08299999))","(np.float64(546928.919), np.float64(6450030.3693), np.float64(21.932999999999993))",TP,0.31320392001283126
2,10.0,Willow,28.1,,15.0,0.0,,POINT (546929.094 6450065.12799999),"(np.float64(546929.094), np.float64(6450065.12799999))",,FN,
2,41.0,Fir,24.95,85.0,21.8,0.0,Rotten,POINT (546929.515 6450025.432),"(np.float64(546929.515), np.float64(6450025.432))","(np.float64(546928.927), np.float64(6450025.2123), np.float64(22.55000000000001))",TP,0.6277038235475403
2,17.0,Spruce,39.45,,,0.0,,POINT (546929.64 6450047.574),"(np.float64(546929.64), np.float64(6450047.574))","(np.float64(546929.563), np.float64(6450047.8493), np.float64(26.101))",TP,0.2858655102176125
2,9.0,Willow,26.1,,15.0,0.0,,POINT (546933.194 6450066.83899999),"(np.float64(546933.194), np.float64(6450066.83899999))",,FN,
2,8.0,Willow,18.25,,15.0,0.0,,POINT (546933.224 6450067.36799999),"(np.float64(546933.224), np.float64(6450067.36799999))",,FN,
2,48.0,Fir,23.8,117.0,20.9,0.0,,POINT (546933.287 6450036.16299999),"(np.float64(546933.287), np.float64(6450036.16299999))","(np.float64(546932.674), np.float64(6450036.1733), np.float64(20.36500000000001))",TP,0.6130865275071526
2,7.0,Willow,20.55,,15.0,0.0,,POINT (546933.474999999 6450067.21899999),"(np.float64(546933.474999999), np.float64(6450067.21899999))",,FN,
2,57.0,Fir,42.65,,,0.0,,POINT (546933.848 6450044.11899999),"(np.float64(546933.848), np.float64(6450044.11899999))","(np.float64(546933.316), np.float64(6450043.9193), np.float64(27.409999999999997))",TP,0.5682465009317963
2,47.0,Fir,14.95,,,0.0,,POINT (546934.067 6450035.01099999),"(np.float64(546934.067), np.float64(6450035.01099999))",,FN,
2,12.0,Tilia,39.05,,,70.0,,POINT (546934.079999999 6450058.798),"(np.float64(546934.079999999), np.float64(6450058.798))","(np.float64(546932.517), np.float64(6450057.9643), np.float64(20.283999999999992))",TP,1.7714470603140484
2,58.0,Birch,19.9,62.0,21.8,0.0,,POINT (546934.552 6450050.546),"(np.float64(546934.552), np.float64(6450050.546))","(np.float64(546933.58), np.float64(6450049.9243), np.float64(21.070999999999998))",TP,1.153817528967466
2,1.0,Spruce,11.4,,,0.0,,POINT (546934.589999999 6450075.15199999),"(np.float64(546934.589999999), np.float64(6450075.15199999))",,FN,
2,3.0,Spruce,14.3,,,0.0,,POINT (546935.599 6450070.75),"(np.float64(546935.599), np.float64(6450070.75))","(np.float64(546936.218), np.float64(6450067.6913), np.float64(5.748999999999995))",TP,3.120706120342552
2,56.0,Fir,13.65,,,0.0,,POINT (546935.604 6450043.12),"(np.float64(546935.604), np.float64(6450043.12))",,FN,
2,2.0,Spruce,18.25,,,0.0,,POINT (546935.694 6450072.65299999),"(np.float64(546935.694), np.float64(6450072.65299999))",,FN,
2,49.0,Fir,29.25,124.0,24.0,0.0,,POINT (546936.643 6450036.818),"(np.float64(546936.643), np.float64(6450036.818))","(np.float64(546935.751), np.float64(6450037.1563), np.float64(24.489000000000004))",TP,0.953997321772658
2,11.0,Willow,15.75,,15.0,0.0,,POINT (546936.939999999 6450061.33899999),"(np.float64(546936.939999999), np.float64(6450061.33899999))","(np.float64(546937.147), np.float64(6450060.9933), np.float64(15.307999999999993))",TP,0.40293607881380894
2,59.0,Tilia,13.65,43.0,13.1,0.0,,POINT (546937.229 6450053.22499999),"(np.float64(546937.229), np.float64(6450053.22499999))",,FN,
2,50.0,Fir,26.8,111.0,21.1,0.0,,POINT (546937.565999999 6450035.49299999),"(np.float64(546937.565999999), np.float64(6450035.49299999))",,FN,
2,52.0,Tilia,52.2,,,60.0,,POINT (546937.618 6450036.389),"(np.float64(546937.618), np.float64(6450036.389))",,FN,
2,51.0,Birch,27.25,,,70.0,,POINT (546938.228 6450030.70199999),"(np.float64(546938.228), np.float64(6450030.70199999))","(np.float64(546937.682), np.float64(6450031.0693), np.float64(5.231000000000023))",TP,0.6580465764994545
2,6.0,Fir,10.45,,,0.0,,POINT (546939.609 6450070.274),"(np.float64(546939.609), np.float64(6450070.274))",,FN,
2,60.0,Aspen,44.6,71.0,27.1,0.0,,POINT (546939.87 6450053.04999999),"(np.float64(546939.87), np.float64(6450053.04999999))","(np.float64(546939.851), np.float64(6450053.0843), np.float64(26.442999999999984))",TP,0.03921084964121062
2,4.0,Birch,15.4,,,0.0,Bended,POINT (546939.905999999 6450072.07199999),"(np.float64(546939.905999999), np.float64(6450072.07199999))",,FN,
2,64.0,Fir,11.95,,13.8,0.0,,POINT (546940.361 6450044.849),"(np.float64(546940.361), np.float64(6450044.849))","(np.float64(546937.216), np.float64(6450046.7763), np.float64(12.26400000000001))",TP,3.688564800664134
2,63.0,Aspen,41.1,72.0,27.9,0.0,,POINT (546940.464 6450046.456),"(np.float64(546940.464), np.float64(6450046.456))","(np.float64(546939.961), np.float64(6450046.6653), np.float64(27.307000000000016))",TP,0.5448077551931051
2,131.0,Birch,36.4,,24.5,0.0,,POINT (546940.662999999 6450020.02699999),"(np.float64(546940.662999999), np.float64(6450020.02699999))","(np.float64(546939.329), np.float64(6450021.1383), np.float64(23.968000000000018))",TP,1.736244138353103
2,127.0,Fir,22.5,,20.9,0.0,,POINT (546940.863 6450034.67499999),"(np.float64(546940.863), np.float64(6450034.67499999))",,FN,
2,130.0,Birch,23.25,,,80.0,,POINT (546941.106 6450020.54),"(np.float64(546941.106), np.float64(6450020.54))","(np.float64(546940.407), np.float64(6450021.0713), np.float64(6.879000000000019))",TP,0.8779981149985426
2,53.0,Fir,20.0,96.0,19.0,0.0,Rotten,POINT (546941.285999999 6450038.207),"(np.float64(546941.285999999), np.float64(6450038.207))",,FN,
2,54.0,Birch,12.45,,,70.0,,POINT (546941.439 6450040.25899999),"(np.float64(546941.439), np.float64(6450040.25899999))",,FN,
2,55.0,Spruce,50.75,,,0.0,,POINT (546941.668999999 6450040.821),"(np.float64(546941.668999999), np.float64(6450040.821))","(np.float64(546941.703), np.float64(6450041.3083), np.float64(28.84700000000001))",TP,0.4884846868758011
2,61.0,Tilia,12.4,,,0.0,,POINT (546941.858 6450049.966),"(np.float64(546941.858), np.float64(6450049.966))","(np.float64(546941.698), np.float64(6450050.0603), np.float64(12.235000000000014))",TP,0.18572153889592005
2,126.0,Fir,15.85,,,0.0,,POINT (546942.429 6450033.809),"(np.float64(546942.429), np.float64(6450033.809))",,FN,
2,62.0,Aspen,29.85,56.0,28.3,0.0,,POINT (546942.488999999 6450048.137),"(np.float64(546942.488999999), np.float64(6450048.137))","(np.float64(546942.609), np.float64(6450048.3543), np.float64(27.34899999999999))",TP,0.2482323309050844
2,5.0,Birch,20.85,,,0.0,Two tops,POINT (546942.680999999 6450070.382),"(np.float64(546942.680999999), np.float64(6450070.382))",,FN,
2,125.0,Birch,13.6,,,0.0,,POINT (546943.015 6450037.04399999),"(np.float64(546943.015), np.float64(6450037.04399999))",,FN,
2,78.0,Tilia,14.7,33.0,10.8,0.0,,POINT (546943.04 6450057.439),"(np.float64(546943.04), np.float64(6450057.439))","(np.float64(546942.149), np.float64(6450057.9353), np.float64(10.067000000000007))",TP,1.0198993528173834
2,124.0,Birch,42.8,,,0.0,,POINT (546943.435999999 6450039.17999999),"(np.float64(546943.435999999), np.float64(6450039.17999999))","(np.float64(546943.562), np.float64(6450039.2833), np.float64(27.97199999999998))",TP,0.16293217080284553
2,90.0,Fir,16.35,,15.1,0.0,,POINT (546943.636999999 6450066.93699999),"(np.float64(546943.636999999), np.float64(6450066.93699999))",,FN,
2,133.0,Tilia,14.9,,,50.0,,POINT (546943.804 6450018.666),"(np.float64(546943.804), np.float64(6450018.666))",,FN,
2,132.0,Tilia,14.35,,,70.0,,POINT (546943.966999999 6450017.889),"(np.float64(546943.966999999), np.float64(6450017.889))",,FN,
2,72.0,Aspen,18.5,,,0.0,,POINT (546944.543999999 6450050.173),"(np.float64(546944.543999999), np.float64(6450050.173))","(np.float64(546945.101), np.float64(6450051.5073), np.float64(8.680000000000007))",TP,1.4458926271696588
2,128.0,Aspen,30.5,,25.8,0.0,,POINT (546944.653 6450034.80599999),"(np.float64(546944.653), np.float64(6450034.80599999))","(np.float64(546944.339), np.float64(6450035.0503), np.float64(26.063999999999993))",TP,0.3978422994029621
2,129.0,Aspen,28.7,,25.9,0.0,,POINT (546944.748 6450031.75399999),"(np.float64(546944.748), np.float64(6450031.75399999))","(np.float64(546944.137), np.float64(6450031.0213), np.float64(24.72199999999998))",TP,0.9540284460047953
2,91.0,Fir,24.2,84.0,21.4,0.0,,POINT (546945.253 6450068.57699999),"(np.float64(546945.253), np.float64(6450068.57699999))","(np.float64(546945.357), np.float64(6450068.3963), np.float64(22.385999999999996))",TP,0.20849097443192982
2,73.0,Aspen,35.85,,28.6,0.0,,POINT (546945.351 6450051.74),"(np.float64(546945.351), np.float64(6450051.74))","(np.float64(546945.419), np.float64(6450052.7903), np.float64(27.13500000000002))",TP,1.0524989741042547
2,88.0,Spruce,12.95,,,0.0,,POINT (546945.489999999 6450065.88499999),"(np.float64(546945.489999999), np.float64(6450065.88499999))",,FN,
2,65.0,Tilia,12.95,,,0.0,,POINT (546945.918999999 6450045.18699999),"(np.float64(546945.918999999), np.float64(6450045.18699999))","(np.float64(546946.182), np.float64(6450045.7663), np.float64(11.870000000000005))",TP,0.6362055507648902
2,89.0,Tilia,8.0,,,0.0,,POINT (546945.922999999 6450066.002),"(np.float64(546945.922999999), np.float64(6450066.002))",,FN,
2,134.0,Fir,15.3,,,0.0,,POINT (546946.342999999 6450019.525),"(np.float64(546946.342999999), np.float64(6450019.525))","(np.float64(546946.184), np.float64(6450019.4193), np.float64(13.111999999999995))",TP,0.19092796993129926
2,66.0,Aspen,31.85,68.0,27.6,0.0,,POINT (546946.513 6450046.57299999),"(np.float64(546946.513), np.float64(6450046.57299999))",,FN,
2,75.0,Tilia,8.55,,,0.0,,POINT (546947.187 6450052.81199999),"(np.float64(546947.187), np.float64(6450052.81199999))","(np.float64(546947.258), np.float64(6450052.6503), np.float64(11.855999999999995))",TP,0.1766009249811977
2,74.0,Tilia,11.25,,,0.0,,POINT (546947.263999999 6450052.341),"(np.float64(546947.263999999), np.float64(6450052.341))",,FN,
2,67.0,Aspen,31.05,69.0,29.3,0.0,,POINT (546947.467999999 6450048.109),"(np.float64(546947.467999999), np.float64(6450048.109))","(np.float64(546947.284), np.float64(6450048.0873), np.float64(27.542))",TP,0.1852751727416839
2,77.0,Tilia,8.2,,,0.0,,POINT (546947.596999999 6450052.338),"(np.float64(546947.596999999), np.float64(6450052.338))",,FN,
2,92.0,Fir,20.15,,,0.0,,POINT (546947.62 6450068.944),"(np.float64(546947.62), np.float64(6450068.944))",,FN,
2,76.0,Tilia,9.55,,,0.0,,POINT (546948.06 6450052.513),"(np.float64(546948.06), np.float64(6450052.513))",,FN,
2,87.0,Tilia,13.2,,,0.0,,POINT (546948.082 6450064.72099999),"(np.float64(546948.082), np.float64(6450064.72099999))",,FN,
2,135.0,Tilia,18.55,34.0,12.5,0.0,,POINT (546948.116999999 6450023.485),"(np.float64(546948.116999999), np.float64(6450023.485))",,FN,
2,136.0,Tilia,14.6,,,0.0,,POINT (546948.209 6450025.318),"(np.float64(546948.209), np.float64(6450025.318))","(np.float64(546948.839), np.float64(6450023.9393), np.float64(23.366000000000014))",TP,1.5158211275249318
2,139.0,Birch,35.9,,24.6,0.0,,POINT (546948.359 6450032.06199999),"(np.float64(546948.359), np.float64(6450032.06199999))","(np.float64(546947.196), np.float64(6450031.8023), np.float64(23.52200000000002))",TP,1.191643019097606
2,122.0,Birch,23.25,67.0,24.8,0.0,,POINT (546948.378 6450034.77599999),"(np.float64(546948.378), np.float64(6450034.77599999))",,FN,
2,123.0,Birch,17.0,,,80.0,,POINT (546948.383 6450035.196),"(np.float64(546948.383), np.float64(6450035.196))","(np.float64(546948.26), np.float64(6450035.2333), np.float64(24.072000000000003))",TP,0.12853128025046606
2,93.0,Spruce,37.75,,26.1,0.0,,POINT (546948.675999999 6450065.37399999),"(np.float64(546948.675999999), np.float64(6450065.37399999))","(np.float64(546948.731), np.float64(6450065.6293), np.float64(26.036))",TP,0.2611572237124678
2,68.0,Aspen,20.35,59.0,28.7,0.0,,POINT (546948.846 6450050.246),"(np.float64(546948.846), np.float64(6450050.246))",,FN,
2,80.0,Tilia,10.85,,,0.0,,POINT (546949.03 6450056.26499999),"(np.float64(546949.03), np.float64(6450056.26499999))",,FN,
2,86.0,Tilia,11.5,,,0.0,,POINT (546949.292999999 6450063.49799999),"(np.float64(546949.292999999), np.float64(6450063.49799999))",,FN,
2,70.0,Aspen,29.1,70.0,28.7,0.0,,POINT (546949.623999999 6450048.706),"(np.float64(546949.623999999), np.float64(6450048.706))",,FN,
2,79.0,Tilia,18.15,,,0.0,,POINT (546949.729 6450057.666),"(np.float64(546949.729), np.float64(6450057.666))","(np.float64(546950.079), np.float64(6450058.3243), np.float64(16.464))",TP,0.745559447866828
2,85.0,Tilia,7.9,,,0.0,,POINT (546950.226999999 6450063.058),"(np.float64(546950.226999999), np.float64(6450063.058))",,FN,
2,71.0,Aspen,18.35,,,0.0,,POINT (546950.261 6450047.514),"(np.float64(546950.261), np.float64(6450047.514))","(np.float64(546949.604), np.float64(6450048.3023), np.float64(18.668000000000006))",TP,1.0261899866725377
2,84.0,Tilia,8.4,,,0.0,,POINT (546950.429 6450062.983),"(np.float64(546950.429), np.float64(6450062.983))",,FN,
2,69.0,Aspen,30.9,72.0,28.2,0.0,,POINT (546950.508999999 6450049.426),"(np.float64(546950.508999999), np.float64(6450049.426))","(np.float64(546950.652), np.float64(6450048.6993), np.float64(26.721000000000004))",TP,0.7406361384647233
2,138.0,Birch,11.9,,13.2,0.0,,POINT (546950.662999999 6450024.222),"(np.float64(546950.662999999), np.float64(6450024.222))","(np.float64(546950.211), np.float64(6450024.6073), np.float64(12.917000000000002))",TP,0.5939360986245459
2,137.0,Aspen,40.2,,24.6,0.0,,POINT (546950.849 6450023.632),"(np.float64(546950.849), np.float64(6450023.632))",,FN,
2,82.0,Tilia,9.6,,,0.0,,POINT (546951.165999999 6450062.639),"(np.float64(546951.165999999), np.float64(6450062.639))","(np.float64(546951.358), np.float64(6450060.1033), np.float64(3.0180000000000007))",TP,2.5429586104661825
2,121.0,Birch,16.35,,19.7,0.0,,POINT (546951.263999999 6450037.39599999),"(np.float64(546951.263999999), np.float64(6450037.39599999))",,FN,
2,83.0,Tilia,8.9,,,0.0,,POINT (546951.349 6450062.855),"(np.float64(546951.349), np.float64(6450062.855))",,FN,
2,94.0,Spruce,34.2,,,0.0,,POINT (546951.386 6450065.252),"(np.float64(546951.386), np.float64(6450065.252))","(np.float64(546951.409), np.float64(6450065.5963), np.float64(25.381))",TP,0.3450673702259445
2,211.0,Aspen,35.35,,,0.0,,POINT (546951.696 6450014.14599999),"(np.float64(546951.696), np.float64(6450014.14599999))",,FN,
2,81.0,Tilia,15.55,34.0,14.8,0.0,,POINT (546951.988999999 6450053.478),"(np.float64(546951.988999999), np.float64(6450053.478))",,FN,
2,140.0,Aspen,33.1,,25.3,0.0,,POINT (546952.53 6450034.024),"(np.float64(546952.53), np.float64(6450034.024))","(np.float64(546951.746), np.float64(6450034.5493), np.float64(25.12700000000001))",TP,0.9437139873036785
2,118.0,Tilia,11.45,,,0.0,,POINT (546952.861 6450050.138),"(np.float64(546952.861), np.float64(6450050.138))","(np.float64(546952.856), np.float64(6450049.9473), np.float64(11.558999999999997))",TP,0.19076553687187905
2,210.0,Fir,18.65,,,0.0,,POINT (546953.02 6450014.25299999),"(np.float64(546953.02), np.float64(6450014.25299999))",,FN,
2,142.0,Fir,22.35,,,0.0,,POINT (546953.295999999 6450035.81099999),"(np.float64(546953.295999999), np.float64(6450035.81099999))",,FN,
2,117.0,Tilia,10.25,,,0.0,,POINT (546953.577999999 6450050.00299999),"(np.float64(546953.577999999), np.float64(6450050.00299999))",,FN,
2,143.0,Tilia,10.25,,,0.0,,POINT (546954.028999999 6450035.64499999),"(np.float64(546954.028999999), np.float64(6450035.64499999))",,FN,
2,208.0,Tilia,10.85,,,0.0,,POINT (546954.035 6450013.474),"(np.float64(546954.035), np.float64(6450013.474))",,FN,
2,209.0,Tilia,15.2,,,0.0,,POINT (546954.089 6450013.72099999),"(np.float64(546954.089), np.float64(6450013.72099999))",,FN,
2,207.0,Fir,14.7,,,0.0,,POINT (546954.594 6450013.899),"(np.float64(546954.594), np.float64(6450013.899))",,FN,
2,206.0,Fir,15.6,,,0.0,,POINT (546955.214999999 6450014.43599999),"(np.float64(546955.214999999), np.float64(6450014.43599999))",,FN,
2,116.0,Birch,9.4,,11.6,0.0,,POINT (546955.287 6450047.20799999),"(np.float64(546955.287), np.float64(6450047.20799999))","(np.float64(546954.268), np.float64(6450048.0773), np.float64(11.682000000000016))",TP,1.339419093030868
2,141.0,Fir,27.1,,22.6,0.0,Rotten,POINT (546955.31 6450030.99399999),"(np.float64(546955.31), np.float64(6450030.99399999))",,FN,
2,120.0,Spruce,25.6,,23.2,0.0,,POINT (546955.75 6450040.188),"(np.float64(546955.75), np.float64(6450040.188))","(np.float64(546955.2), np.float64(6450040.2793), np.float64(23.355999999999995))",TP,0.5575264029271503
2,119.0,Fir,19.65,,20.2,0.0,,POINT (546956.239999999 6450042.57799999),"(np.float64(546956.239999999), np.float64(6450042.57799999))",,FN,
2,205.0,Aspen,39.35,,,0.0,,POINT (546956.265 6450014.274),"(np.float64(546956.265), np.float64(6450014.274))","(np.float64(546956.883), np.float64(6450013.4843), np.float64(26.34700000000001))",TP,1.002771205651843
2,144.0,Tilia,14.15,,,0.0,,POINT (546956.459 6450037.11899999),"(np.float64(546956.459), np.float64(6450037.11899999))","(np.float64(546955.99), np.float64(6450038.5173), np.float64(14.208999999999975))",TP,1.4748572541072216
2,115.0,Aspen,26.6,,24.4,0.0,,POINT (546956.895 6450046.20399999),"(np.float64(546956.895), np.float64(6450046.20399999))","(np.float64(546956.576), np.float64(6450046.3273), np.float64(24.551000000000016))",TP,0.3419998429250302
2,95.0,Birch,26.55,67.0,22.2,0.0,,POINT (546957.082999999 6450061.457),"(np.float64(546957.082999999), np.float64(6450061.457))","(np.float64(546955.067), np.float64(6450061.8223), np.float64(22.717000000000013))",TP,2.0488289547481338
2,97.0,Birch,8.9,,13.0,0.0,,POINT (546957.234999999 6450060.996),"(np.float64(546957.234999999), np.float64(6450060.996))",,FN,
2,96.0,Tilia,11.55,,,0.0,,POINT (546957.341 6450061.057),"(np.float64(546957.341), np.float64(6450061.057))",,FN,
2,99.0,Tilia,8.65,,,0.0,,POINT (546957.603 6450061.66299999),"(np.float64(546957.603), np.float64(6450061.66299999))","(np.float64(546956.723), np.float64(6450062.3773), np.float64(7.430999999999983))",TP,1.1334127683542616
2,98.0,Birch,20.95,64.0,22.4,0.0,,POINT (546957.79 6450061.233),"(np.float64(546957.79), np.float64(6450061.233))",,FN,
2,146.0,Aspen,29.6,,,0.0,,POINT (546957.967999999 6450034.559),"(np.float64(546957.967999999), np.float64(6450034.559))","(np.float64(546957.32), np.float64(6450034.4543), np.float64(25.711000000000013))",TP,0.6564039066804614
2,105.0,Fir,11.5,,,0.0,,POINT (546957.973 6450059.23599999),"(np.float64(546957.973), np.float64(6450059.23599999))",,FN,
2,147.0,Aspen,28.1,,,0.0,,POINT (546958.081 6450033.627),"(np.float64(546958.081), np.float64(6450033.627))",,FN,
2,212.0,Aspen,42.6,,23.2,0.0,,POINT (546958.101999999 6450011.48799999),"(np.float64(546958.101999999), np.float64(6450011.48799999))",,FN,
2,149.0,Aspen,28.1,,,0.0,,POINT (546958.344 6450037.02199999),"(np.float64(546958.344), np.float64(6450037.02199999))",,FN,
2,145.0,Fir,16.35,,,0.0,,POINT (546958.381999999 6450035.32199999),"(np.float64(546958.381999999), np.float64(6450035.32199999))",,FN,
2,151.0,Fir,26.25,,22.9,0.0,Rotten,POINT (546958.408999999 6450042.956),"(np.float64(546958.408999999), np.float64(6450042.956))",,FN,
2,100.0,Aspen,24.15,,,0.0,,POINT (546958.513 6450062.54999999),"(np.float64(546958.513), np.float64(6450062.54999999))","(np.float64(546959.09), np.float64(6450062.9273), np.float64(10.895999999999987))",TP,0.6894086578473597
2,104.0,Fir,12.15,,12.6,0.0,,POINT (546958.648999999 6450058.581),"(np.float64(546958.648999999), np.float64(6450058.581))",,FN,
2,106.0,Fir,17.95,,,0.0,,POINT (546958.699999999 6450056.17999999),"(np.float64(546958.699999999), np.float64(6450056.17999999))",,FN,
2,150.0,Spruce,29.25,83.0,25.5,0.0,,POINT (546958.751999999 6450038.712),"(np.float64(546958.751999999), np.float64(6450038.712))","(np.float64(546958.215), np.float64(6450038.9973), np.float64(26.805000000000007))",TP,0.6080831265591896
2,103.0,Aspen,32.55,,26.7,0.0,,POINT (546959.027 6450058.518),"(np.float64(546959.027), np.float64(6450058.518))","(np.float64(546958.416), np.float64(6450058.2863), np.float64(25.524))",TP,0.6534568770811306
2,197.0,Spruce,33.85,,,0.0,,POINT (546959.251999999 6450026.642),"(np.float64(546959.251999999), np.float64(6450026.642))","(np.float64(546958.929), np.float64(6450026.3643), np.float64(23.67500000000001))",TP,0.4259651272439116
2,148.0,Aspen,30.0,,,0.0,,POINT (546959.452999999 6450034.733),"(np.float64(546959.452999999), np.float64(6450034.733))","(np.float64(546960.517), np.float64(6450034.8593), np.float64(26.156999999999982))",TP,1.0714698744819076
2,198.0,Tilia,13.55,,,0.0,,POINT (546959.462999999 6450026.76999999),"(np.float64(546959.462999999), np.float64(6450026.76999999))",,FN,
2,213.0,Fir,12.8,,,0.0,,POINT (546959.542999999 6450011.479),"(np.float64(546959.542999999), np.float64(6450011.479))","(np.float64(546959.888), np.float64(6450011.3983), np.float64(14.436000000000007))",TP,0.3543127020364838
2,196.0,Tilia,14.1,,,0.0,,POINT (546959.888999999 6450026.872),"(np.float64(546959.888999999), np.float64(6450026.872))",,FN,
2,107.0,Spruce,11.55,,,0.0,,POINT (546959.912 6450057.66299999),"(np.float64(546959.912), np.float64(6450057.66299999))",,FN,
2,109.0,Birch,15.0,,17.6,0.0,,POINT (546960.163999999 6450057.02799999),"(np.float64(546960.163999999), np.float64(6450057.02799999))",,FN,
2,114.0,Spruce,36.7,71.0,26.1,0.0,,POINT (546960.246999999 6450052.279),"(np.float64(546960.246999999), np.float64(6450052.279))","(np.float64(546959.777), np.float64(6450052.5473), np.float64(26.026999999999987))",TP,0.5411884042630525
2,108.0,Birch,18.7,56.0,22.0,0.0,,POINT (546960.27 6450056.74399999),"(np.float64(546960.27), np.float64(6450056.74399999))",,FN,
2,101.0,Aspen,23.4,,24.6,0.0,,POINT (546960.824 6450061.59999999),"(np.float64(546960.824), np.float64(6450061.59999999))","(np.float64(546960.396), np.float64(6450062.5683), np.float64(24.519999999999982))",TP,1.0586731835550431
2,152.0,Aspen,30.35,,,0.0,,POINT (546960.969 6450043.036),"(np.float64(546960.969), np.float64(6450043.036))","(np.float64(546960.787), np.float64(6450043.0573), np.float64(26.21199999999999))",TP,0.18324216222461354
2,204.0,Aspen,11.55,,,0.0,,POINT (546961.584999999 6450011.881),"(np.float64(546961.584999999), np.float64(6450011.881))","(np.float64(546961.653), np.float64(6450011.7853), np.float64(25.954000000000008))",TP,0.11739885100562916
2,110.0,Spruce,16.1,,11.8,0.0,,POINT (546961.886999999 6450056.69),"(np.float64(546961.886999999), np.float64(6450056.69))","(np.float64(546962.356), np.float64(6450058.2513), np.float64(10.006))",TP,1.6302204417050257
2,113.0,Aspen,24.1,65.0,25.8,0.0,,POINT (546961.905 6450051.718),"(np.float64(546961.905), np.float64(6450051.718))",,FN,
2,153.0,Fir,26.65,,,0.0,,POINT (546961.981 6450041.102),"(np.float64(546961.981), np.float64(6450041.102))","(np.float64(546961.464), np.float64(6450040.3333), np.float64(6.38300000000001))",TP,0.9263847417981983
2,154.0,Fir,29.8,,24.9,0.0,,POINT (546962.094 6450038.92399999),"(np.float64(546962.094), np.float64(6450038.92399999))","(np.float64(546961.457), np.float64(6450039.0493), np.float64(25.076999999999998))",TP,0.6492065098442472
2,199.0,Aspen,33.75,,28.8,0.0,,POINT (546962.113999999 6450016.676),"(np.float64(546962.113999999), np.float64(6450016.676))",,FN,
2,203.0,Aspen,36.6,,,0.0,,POINT (546962.231999999 6450012.17399999),"(np.float64(546962.231999999), np.float64(6450012.17399999))",,FN,
2,102.0,Aspen,30.65,,26.5,0.0,,POINT (546962.491 6450059.888),"(np.float64(546962.491), np.float64(6450059.888))","(np.float64(546962.415), np.float64(6450060.0943), np.float64(25.662000000000006))",TP,0.21985379207155825
2,111.0,Birch,13.65,,19.0,0.0,,POINT (546962.707999999 6450055.55399999),"(np.float64(546962.707999999), np.float64(6450055.55399999))",,FN,
2,158.0,Aspen,23.15,,,0.0,,POINT (546963.341999999 6450049.358),"(np.float64(546963.341999999), np.float64(6450049.358))","(np.float64(546963.525), np.float64(6450049.6733), np.float64(5.847999999999985))",TP,0.36455876111567814
2,202.0,Aspen,18.05,,,80.0,,POINT (546963.54 6450012.96999999),"(np.float64(546963.54), np.float64(6450012.96999999))","(np.float64(546963.755), np.float64(6450013.3513), np.float64(15.373999999999995))",TP,0.4377381608331777
2,201.0,Aspen,31.6,,,0.0,,POINT (546963.547999999 6450015.63399999),"(np.float64(546963.547999999), np.float64(6450015.63399999))",,FN,
2,214.0,Fir,14.75,,,0.0,,POINT (546963.871999999 6450009.234),"(np.float64(546963.871999999), np.float64(6450009.234))",,FN,
2,200.0,Fir,16.15,,,0.0,,POINT (546963.9 6450016.54999999),"(np.float64(546963.9), np.float64(6450016.54999999))","(np.float64(546964.775), np.float64(6450015.9273), np.float64(25.986999999999995))",TP,1.0739554355129668
2,112.0,Tilia,13.0,,,0.0,,POINT (546963.942999999 6450053.258),"(np.float64(546963.942999999), np.float64(6450053.258))",,FN,
2,155.0,Tilia,8.4,,,0.0,,POINT (546964.045 6450035.94799999),"(np.float64(546964.045), np.float64(6450035.94799999))","(np.float64(546963.684), np.float64(6450036.9613), np.float64(12.25399999999999))",TP,1.0756848564038586
2,156.0,Fir,35.15,,23.7,0.0,,POINT (546964.082 6450033.28),"(np.float64(546964.082), np.float64(6450033.28))","(np.float64(546964.234), np.float64(6450032.5403), np.float64(23.36099999999999))",TP,0.7551556724989693
2,159.0,Aspen,19.0,,,0.0,,POINT (546964.300999999 6450051.285),"(np.float64(546964.300999999), np.float64(6450051.285))",,FN,
2,195.0,Fir,30.95,,,0.0,,POINT (546964.315999999 6450023.02099999),"(np.float64(546964.315999999), np.float64(6450023.02099999))","(np.float64(546963.651), np.float64(6450022.9523), np.float64(23.730999999999995))",TP,0.6685392189968383
2,215.0,Birch,12.15,,,0.0,,POINT (546964.668999999 6450011.06099999),"(np.float64(546964.668999999), np.float64(6450011.06099999))","(np.float64(546965.491), np.float64(6450011.0623), np.float64(4.695999999999998))",TP,0.8220010290870564
2,194.0,Tilia,18.75,,,0.0,,POINT (546965.255 6450024.19799999),"(np.float64(546965.255), np.float64(6450024.19799999))",,FN,
2,160.0,Aspen,12.25,,,0.0,,POINT (546965.685 6450052.38499999),"(np.float64(546965.685), np.float64(6450052.38499999))","(np.float64(546965.959), np.float64(6450052.8123), np.float64(11.193999999999988))",TP,0.5076034854363971
2,192.0,Birch,11.45,,,80.0,,POINT (546965.694999999 6450025.343),"(np.float64(546965.694999999), np.float64(6450025.343))",,FN,
2,193.0,Birch,39.75,,26.1,0.0,,POINT (546965.876 6450025.94699999),"(np.float64(546965.876), np.float64(6450025.94699999))","(np.float64(546965.796), np.float64(6450026.1633), np.float64(25.394000000000005))",TP,0.23062023811820456
2,161.0,Spruce,36.65,81.0,27.7,0.0,,POINT (546966.015999999 6450054.17499999),"(np.float64(546966.015999999), np.float64(6450054.17499999))","(np.float64(546966.4), np.float64(6450054.3963), np.float64(28.034999999999997))",TP,0.44320389828311635
2,216.0,Fir,14.75,,,0.0,,POINT (546966.305 6450008.74),"(np.float64(546966.305), np.float64(6450008.74))","(np.float64(546965.302), np.float64(6450007.7703), np.float64(25.111999999999995))",TP,1.395108271975666
2,191.0,Birch,8.7,,13.5,0.0,,POINT (546966.315999999 6450024.84499999),"(np.float64(546966.315999999), np.float64(6450024.84499999))",,FN,
2,221.0,Spruce,27.55,,,70.0,,POINT (546966.381 6450013.17499999),"(np.float64(546966.381), np.float64(6450013.17499999))","(np.float64(546966.674), np.float64(6450012.4403), np.float64(3.7360000000000184))",TP,0.7909697053544829
2,217.0,Birch,31.9,,,70.0,Two tops,POINT (546967.238 6450006.956),"(np.float64(546967.238), np.float64(6450006.956))",,FN,
2,190.0,Fir,11.45,,,0.0,,POINT (546967.346999999 6450024.637),"(np.float64(546967.346999999), np.float64(6450024.637))",,FN,
2,172.0,Aspen,14.8,,,0.0,,POINT (546967.498999999 6450050.62899999),"(np.float64(546967.498999999), np.float64(6450050.62899999))",,FN,
2,220.0,Spruce,29.25,,20.4,0.0,,POINT (546967.533 6450010.44699999),"(np.float64(546967.533), np.float64(6450010.44699999))",,FN,
2,224.0,Tilia,44.85,,,0.0,,POINT (546967.973 6450017.042),"(np.float64(546967.973), np.float64(6450017.042))","(np.float64(546967.749), np.float64(6450016.1873), np.float64(25.464))",TP,0.8835655550460005
2,225.0,Fir,30.0,,,0.0,,POINT (546968.005 6450017.40299999),"(np.float64(546968.005), np.float64(6450017.40299999))",,FN,
2,218.0,Birch,40.7,,,80.0,,POINT (546968.408999999 6450007.19199999),"(np.float64(546968.408999999), np.float64(6450007.19199999))","(np.float64(546971.447), np.float64(6450006.4693), np.float64(7.221000000000004))",TP,3.122777494624306
2,171.0,Tilia,10.7,,,0.0,,POINT (546968.527 6450050.73199999),"(np.float64(546968.527), np.float64(6450050.73199999))","(np.float64(546968.204), np.float64(6450050.3043), np.float64(12.899000000000001))",TP,0.5359629475263631
2,162.0,Aspen,26.25,,,0.0,,POINT (546968.696 6450057.307),"(np.float64(546968.696), np.float64(6450057.307))","(np.float64(546968.287), np.float64(6450057.7173), np.float64(8.927000000000021))",TP,0.5793333148472439
2,157.0,Fir,34.15,,,0.0,,POINT (546968.704999999 6450043.29),"(np.float64(546968.704999999), np.float64(6450043.29))","(np.float64(546969.701), np.float64(6450042.3553), np.float64(6.511000000000024))",TP,1.3658990050978037
2,219.0,Tilia,19.25,58.0,19.4,0.0,,POINT (546968.76 6450009.927),"(np.float64(546968.76), np.float64(6450009.927))",,FN,
2,223.0,Fir,12.3,,,0.0,,POINT (546968.888999999 6450014.535),"(np.float64(546968.888999999), np.float64(6450014.535))",,FN,
2,186.0,Fir,28.45,,,0.0,,POINT (546968.898 6450038.138),"(np.float64(546968.898), np.float64(6450038.138))","(np.float64(546969.011), np.float64(6450038.0233), np.float64(14.891999999999996))",TP,0.16101270189310496
2,189.0,Tilia,14.9,,,0.0,,POINT (546969.005 6450025.15099999),"(np.float64(546969.005), np.float64(6450025.15099999))",,FN,
2,170.0,Aspen,29.2,,,0.0,,POINT (546969.013 6450049.76099999),"(np.float64(546969.013), np.float64(6450049.76099999))","(np.float64(546968.794), np.float64(6450049.1243), np.float64(25.38299999999998))",TP,0.6733111290988515
2,163.0,Tilia,13.85,,,0.0,,POINT (546969.675999999 6450056.836),"(np.float64(546969.675999999), np.float64(6450056.836))",,FN,
2,187.0,Aspen,34.55,,27.0,0.0,,POINT (546969.805 6450036.43499999),"(np.float64(546969.805), np.float64(6450036.43499999))","(np.float64(546969.139), np.float64(6450035.3333), np.float64(26.301999999999992))",TP,1.287361203611654
2,185.0,Aspen,39.2,,27.5,0.0,,POINT (546970.251 6450039.974),"(np.float64(546970.251), np.float64(6450039.974))","(np.float64(546969.842), np.float64(6450039.9923), np.float64(26.759000000000015))",TP,0.4094091963672934
2,173.0,Aspen,9.65,,,0.0,,POINT (546970.390999999 6450048.438),"(np.float64(546970.390999999), np.float64(6450048.438))",,FN,
2,226.0,Fir,19.1,,,0.0,,POINT (546970.456 6450017.94799999),"(np.float64(546970.456), np.float64(6450017.94799999))",,FN,
2,227.0,Fir,25.85,,,0.0,,POINT (546970.457 6450015.12299999),"(np.float64(546970.457), np.float64(6450015.12299999))",,FN,
2,188.0,Fir,27.9,,,0.0,,POINT (546970.819999999 6450028.963),"(np.float64(546970.819999999), np.float64(6450028.963))","(np.float64(546970.254), np.float64(6450028.4283), np.float64(20.735000000000014))",TP,0.7786270542696259
2,222.0,Fir,24.65,,,0.0,,POINT (546970.908999999 6450011.40799999),"(np.float64(546970.908999999), np.float64(6450011.40799999))","(np.float64(546969.24), np.float64(6450012.1493), np.float64(3.0720000000000027))",TP,1.8262219749745654
2,167.0,Birch,21.65,65.0,22.0,0.0,,POINT (546971.364999999 6450052.655),"(np.float64(546971.364999999), np.float64(6450052.655))","(np.float64(546969.932), np.float64(6450053.2183), np.float64(24.89699999999999))",TP,1.5397389020230907
2,234.0,Fir,20.15,,,0.0,,POINT (546971.549 6450021.224),"(np.float64(546971.549), np.float64(6450021.224))","(np.float64(546971.346), np.float64(6450021.0053), np.float64(20.478999999999985))",TP,0.2983935153934025
2,168.0,Fir,18.2,,,0.0,,POINT (546971.569999999 6450051.439),"(np.float64(546971.569999999), np.float64(6450051.439))",,FN,
2,174.0,Fir,22.5,,,0.0,,POINT (546971.839 6450045.983),"(np.float64(546971.839), np.float64(6450045.983))","(np.float64(546971.411), np.float64(6450046.0053), np.float64(22.472999999999985))",TP,0.42858055261021094
2,233.0,Fir,16.8,,,0.0,,POINT (546972.185999999 6450020.176),"(np.float64(546972.185999999), np.float64(6450020.176))",,FN,
2,175.0,Tilia,29.25,67.0,21.6,0.0,,POINT (546972.435999999 6450045.30499999),"(np.float64(546972.435999999), np.float64(6450045.30499999))",,FN,
2,235.0,Tilia,14.4,,,0.0,,POINT (546972.748 6450028.093),"(np.float64(546972.748), np.float64(6450028.093))","(np.float64(546972.724), np.float64(6450028.1033), np.float64(4.5989999999999895))",TP,0.026116852485226567
2,166.0,Fir,17.35,,,0.0,,POINT (546973.016999999 6450054.643),"(np.float64(546973.016999999), np.float64(6450054.643))",,FN,
2,184.0,Aspen,37.1,,28.0,0.0,,POINT (546973.064999999 6450039.007),"(np.float64(546973.064999999), np.float64(6450039.007))","(np.float64(546972.854), np.float64(6450038.7053), np.float64(27.257000000000005))",TP,0.3681628579244521
2,164.0,Aspen,41.55,,27.0,0.0,,POINT (546974.111 6450055.96399999),"(np.float64(546974.111), np.float64(6450055.96399999))","(np.float64(546973.575), np.float64(6450056.3023), np.float64(27.40700000000001))",TP,0.633831914903222
2,230.0,Fir,19.6,,,0.0,,POINT (546974.143 6450015.79299999),"(np.float64(546974.143), np.float64(6450015.79299999))",,FN,
2,179.0,Fir,15.65,,,0.0,,POINT (546974.422 6450042.205),"(np.float64(546974.422), np.float64(6450042.205))","(np.float64(546974.052), np.float64(6450041.0103), np.float64(6.667000000000002))",TP,1.2506830492578982
2,183.0,Fir,23.15,,,0.0,,POINT (546974.484999999 6450038.54899999),"(np.float64(546974.484999999), np.float64(6450038.54899999))","(np.float64(546974.486), np.float64(6450039.0093), np.float64(16.385999999999996))",TP,0.46030109594659663
2,228.0,Spruce,29.0,,23.3,0.0,,POINT (546974.51 6450012.16899999),"(np.float64(546974.51), np.float64(6450012.16899999))","(np.float64(546974.375), np.float64(6450012.1243), np.float64(22.911))",TP,0.14220790809779613
2,232.0,Fir,27.0,,,0.0,,POINT (546974.706 6450020.00399999),"(np.float64(546974.706), np.float64(6450020.00399999))","(np.float64(546974.635), np.float64(6450019.7833), np.float64(22.55000000000001))",TP,0.23183935312996518
2,165.0,Fir,12.25,,,0.0,,POINT (546974.885 6450056.18499999),"(np.float64(546974.885), np.float64(6450056.18499999))",,FN,
2,304.0,Tilia,29.15,,19.0,0.0,,POINT (546975.123 6450005.57299999),"(np.float64(546975.123), np.float64(6450005.57299999))","(np.float64(546973.318), np.float64(6450006.3353), np.float64(19.483000000000004))",TP,1.959368854148118
2,176.0,Fir,32.1,,26.3,0.0,,POINT (546975.131 6450049.718),"(np.float64(546975.131), np.float64(6450049.718))","(np.float64(546974.973), np.float64(6450049.1113), np.float64(26.438000000000017))",TP,0.6269361135279978
2,169.0,Aspen,45.0,,27.3,0.0,,POINT (546975.172999999 6450052.542),"(np.float64(546975.172999999), np.float64(6450052.542))",,FN,
2,303.0,Tilia,14.2,,,70.0,,POINT (546975.555999999 6450005.57799999),"(np.float64(546975.555999999), np.float64(6450005.57799999))",,FN,
2,231.0,Tilia,18.15,,17.3,0.0,,POINT (546975.658999999 6450018.286),"(np.float64(546975.658999999), np.float64(6450018.286))",,FN,
2,229.0,Fir,25.1,,,0.0,,POINT (546975.675999999 6450015.285),"(np.float64(546975.675999999), np.float64(6450015.285))","(np.float64(546975.246), np.float64(6450015.1933), np.float64(22.465000000000003))",TP,0.43966906770712344
2,181.0,Aspen,25.55,,,0.0,,POINT (546975.812999999 6450040.058),"(np.float64(546975.812999999), np.float64(6450040.058))","(np.float64(546976.034), np.float64(6450039.9183), np.float64(27.084000000000003))",TP,0.261451889396502
2,180.0,Tilia,24.05,61.0,17.2,0.0,,POINT (546975.954 6450041.338),"(np.float64(546975.954), np.float64(6450041.338))",,FN,
2,177.0,Tilia,11.15,,,0.0,,POINT (546976.305 6450051.872),"(np.float64(546976.305), np.float64(6450051.872))","(np.float64(546975.834), np.float64(6450052.0323), np.float64(27.36099999999999))",TP,0.49753099391174865
2,182.0,Aspen,21.95,,,0.0,,POINT (546977.050999999 6450040.15199999),"(np.float64(546977.050999999), np.float64(6450040.15199999))","(np.float64(546977.637), np.float64(6450040.6973), np.float64(6.132000000000005))",TP,0.8004674269695012
2,237.0,Aspen,32.75,,,0.0,,POINT (546977.189999999 6450033.20299999),"(np.float64(546977.189999999), np.float64(6450033.20299999))","(np.float64(546975.658), np.float64(6450032.9503), np.float64(24.240999999999985))",TP,1.5527012855466429
2,178.0,Spruce,44.4,97.0,27.1,0.0,,POINT (546977.682999999 6450048.06599999),"(np.float64(546977.682999999), np.float64(6450048.06599999))","(np.float64(546977.844), np.float64(6450047.8013), np.float64(27.88500000000002))",TP,0.309817825495096
2,238.0,Aspen,32.15,,,0.0,,POINT (546978.064999999 6450037.33299999),"(np.float64(546978.064999999), np.float64(6450037.33299999))","(np.float64(546978.477), np.float64(6450036.6363), np.float64(26.700999999999993))",TP,0.8094040256795874
2,239.0,Tilia,12.1,,,0.0,,POINT (546978.579 6450038.167),"(np.float64(546978.579), np.float64(6450038.167))","(np.float64(546978.952), np.float64(6450038.4383), np.float64(14.063000000000017))",TP,0.46122954110273334
2,299.0,Fir,26.5,,,0.0,,POINT (546979.202 6450015.053),"(np.float64(546979.202), np.float64(6450015.053))","(np.float64(546978.212), np.float64(6450014.9473), np.float64(21.722999999999985))",TP,0.9956266820558628
2,298.0,Fir,24.45,,,0.0,,POINT (546979.723 6450015.143),"(np.float64(546979.723), np.float64(6450015.143))",,FN,
2,297.0,Tilia,10.1,,,0.0,,POINT (546979.795999999 6450016.383),"(np.float64(546979.795999999), np.float64(6450016.383))","(np.float64(546979.863), np.float64(6450016.6233), np.float64(9.07899999999998))",TP,0.24946560883724622
2,240.0,Aspen,28.65,,,0.0,,POINT (546979.856 6450039.371),"(np.float64(546979.856), np.float64(6450039.371))","(np.float64(546979.967), np.float64(6450039.2223), np.float64(25.87100000000001))",TP,0.185560475843328
2,306.0,Tilia,8.95,,,0.0,,POINT (546980.226999999 6450002.309),"(np.float64(546980.226999999), np.float64(6450002.309))",,FN,
2,301.0,Tilia,7.35,,,0.0,,POINT (546980.234999999 6450008.91199999),"(np.float64(546980.234999999), np.float64(6450008.91199999))",,FN,
2,307.0,Tilia,7.5,,,0.0,,POINT (546980.412999999 6450002.057),"(np.float64(546980.412999999), np.float64(6450002.057))",,FN,
2,300.0,Tilia,9.6,,,0.0,,POINT (546980.440999999 6450008.94),"(np.float64(546980.440999999), np.float64(6450008.94))","(np.float64(546980.42), np.float64(6450008.9953), np.float64(8.677999999999997))",TP,0.059153105282457166
2,305.0,Tilia,11.85,,,0.0,,POINT (546980.596999999 6450002.18499999),"(np.float64(546980.596999999), np.float64(6450002.18499999))","(np.float64(546980.507), np.float64(6450002.1943), np.float64(12.453000000000003))",TP,0.09047922413658377
2,236.0,Fir,13.6,,,0.0,,POINT (546981.022 6450029.574),"(np.float64(546981.022), np.float64(6450029.574))","(np.float64(546979.809), np.float64(6450031.2503), np.float64(3.0160000000000196))",TP,2.0691425014512053
2,283.0,Spruce,35.25,,,0.0,,POINT (546981.51 6450024.15299999),"(np.float64(546981.51), np.float64(6450024.15299999))",,FN,
2,302.0,Tilia,9.2,,,0.0,,POINT (546981.787 6450006.91399999),"(np.float64(546981.787), np.float64(6450006.91399999))",,FN,
2,241.0,Fir,19.6,,,0.0,,POINT (546981.797 6450040.536),"(np.float64(546981.797), np.float64(6450040.536))","(np.float64(546982.924), np.float64(6450040.7103), np.float64(11.498000000000019))",TP,1.1403988293472824
2,284.0,Spruce,17.6,,,0.0,,POINT (546982.131 6450022.707),"(np.float64(546982.131), np.float64(6450022.707))",,FN,
2,308.0,Tilia,8.2,,,0.0,,POINT (546982.452 6450000.269),"(np.float64(546982.452), np.float64(6450000.269))",,FN,
2,282.0,Spruce,41.3,,,0.0,,POINT (546982.454999999 6450025.432),"(np.float64(546982.454999999), np.float64(6450025.432))","(np.float64(546982.854), np.float64(6450026.0773), np.float64(26.759000000000015))",TP,0.7586916967939469
2,285.0,Fir,24.6,,,0.0,,POINT (546983.136 6450021.23099999),"(np.float64(546983.136), np.float64(6450021.23099999))",,FN,
2,296.0,Tilia,8.1,,,0.0,,POINT (546983.143 6450014.392),"(np.float64(546983.143), np.float64(6450014.392))",,FN,
2,243.0,Fir,27.8,,,0.0,,POINT (546983.638 6450042.034),"(np.float64(546983.638), np.float64(6450042.034))","(np.float64(546983.12), np.float64(6450042.0363), np.float64(25.201000000000022))",TP,0.5180051061916787
2,242.0,Aspen,22.5,,,0.0,,POINT (546983.939 6450039.62399999),"(np.float64(546983.939), np.float64(6450039.62399999))",,FN,
2,281.0,Birch,29.5,,,0.0,Multiple tops,POINT (546983.952999999 6450025.432),"(np.float64(546983.952999999), np.float64(6450025.432))","(np.float64(546983.557), np.float64(6450026.2273), np.float64(13.111000000000018))",TP,0.8884357544441879
2,274.0,Fir,22.5,,,0.0,,POINT (546984.64 6450030.234),"(np.float64(546984.64), np.float64(6450030.234))","(np.float64(546984.17), np.float64(6450029.9053), np.float64(12.079000000000008))",TP,0.5735361281122442
2,286.0,Fir,22.05,,,0.0,,POINT (546984.736999999 6450021.938),"(np.float64(546984.736999999), np.float64(6450021.938))",,FN,
2,310.0,Fir,12.85,,,0.0,,POINT (546984.738999999 6450004.336),"(np.float64(546984.738999999), np.float64(6450004.336))","(np.float64(546984.96), np.float64(6450005.0423), np.float64(20.171999999999997))",TP,0.7400680306817681
2,291.0,Tilia,9.3,,,0.0,,POINT (546984.761999999 6450015.571),"(np.float64(546984.761999999), np.float64(6450015.571))",,FN,
2,273.0,Aspen,47.55,,27.8,0.0,,POINT (546984.893999999 6450032.95),"(np.float64(546984.893999999), np.float64(6450032.95))",,FN,
2,249.0,Aspen,29.1,,,0.0,,POINT (546984.937999999 6450049.495),"(np.float64(546984.937999999), np.float64(6450049.495))","(np.float64(546984.183), np.float64(6450050.0343), np.float64(10.450999999999993))",TP,0.9278305281240578
2,309.0,Fir,16.45,,,0.0,,POINT (546984.957999999 6450002.633),"(np.float64(546984.957999999), np.float64(6450002.633))",,FN,
2,245.0,Birch,21.4,,22.8,0.0,,POINT (546985.138999999 6450045.16),"(np.float64(546985.138999999), np.float64(6450045.16))",,FN,
2,295.0,Tilia,8.0,,,0.0,,POINT (546985.368999999 6450012.468),"(np.float64(546985.368999999), np.float64(6450012.468))",,FN,
2,272.0,Tilia,9.1,,,0.0,,POINT (546985.476 6450032.15799999),"(np.float64(546985.476), np.float64(6450032.15799999))","(np.float64(546985.187), np.float64(6450033.2563), np.float64(7.997000000000014))",TP,1.1356865376877403
2,271.0,Tilia,11.55,,,0.0,,POINT (546985.777 6450035.23099999),"(np.float64(546985.777), np.float64(6450035.23099999))",,FN,
2,311.0,Tilia,55.05,,,0.0,,POINT (546985.918999999 6450005.258),"(np.float64(546985.918999999), np.float64(6450005.258))",,FN,
2,290.0,Fir,18.75,,,0.0,Two tops,POINT (546986.545 6450016.285),"(np.float64(546986.545), np.float64(6450016.285))","(np.float64(546986.416), np.float64(6450016.1303), np.float64(19.508999999999986))",TP,0.2014276296072356
2,294.0,Fir,25.65,,,0.0,,POINT (546986.866 6450012.389),"(np.float64(546986.866), np.float64(6450012.389))","(np.float64(546986.529), np.float64(6450012.0983), np.float64(19.48600000000002))",TP,0.4450567272294272
2,246.0,Fir,23.9,,,0.0,,POINT (546987.359999999 6450045.551),"(np.float64(546987.359999999), np.float64(6450045.551))",,FN,
2,289.0,Birch,18.4,,19.6,0.0,,POINT (546987.697 6450016.335),"(np.float64(546987.697), np.float64(6450016.335))",,FN,
2,244.0,Fir,30.8,,,0.0,,POINT (546987.837 6450042.19),"(np.float64(546987.837), np.float64(6450042.19))","(np.float64(546988.066), np.float64(6450042.2403), np.float64(25.329999999999984))",TP,0.23445914334849324
2,287.0,Spruce,10.9,,,0.0,,POINT (546988.354999999 6450018.154),"(np.float64(546988.354999999), np.float64(6450018.154))",,FN,
2,270.0,Tilia,13.1,,,0.0,,POINT (546988.562999999 6450034.767),"(np.float64(546988.562999999), np.float64(6450034.767))",,FN,
2,288.0,Aspen,14.65,,,0.0,Bended,POINT (546988.817 6450016.826),"(np.float64(546988.817), np.float64(6450016.826))","(np.float64(546987.991), np.float64(6450016.6543), np.float64(9.460999999999984))",TP,0.8436568557556632
2,313.0,Tilia,8.6,,,0.0,,POINT (546989.38 6450005.88599999),"(np.float64(546989.38), np.float64(6450005.88599999))","(np.float64(546987.726), np.float64(6450005.5183), np.float64(4.994))",TP,1.6943787305727551
2,267.0,Tilia,11.0,,,0.0,,POINT (546989.449999999 6450032.382),"(np.float64(546989.449999999), np.float64(6450032.382))","(np.float64(546989.547), np.float64(6450032.4283), np.float64(11.376000000000005))",TP,0.10748344130503822
2,248.0,Fir,18.75,,,0.0,,POINT (546989.466 6450047.121),"(np.float64(546989.466), np.float64(6450047.121))","(np.float64(546988.902), np.float64(6450047.2063), np.float64(3.1910000000000025))",TP,0.5704139636451855
2,292.0,Fir,25.9,,,0.0,,POINT (546989.702999999 6450014.28),"(np.float64(546989.702999999), np.float64(6450014.28))","(np.float64(546988.994), np.float64(6450014.2083), np.float64(21.921999999999997))",TP,0.7126162282417936
2,269.0,Tilia,8.65,,,0.0,,POINT (546990.027 6450037.251),"(np.float64(546990.027), np.float64(6450037.251))","(np.float64(546989.629), np.float64(6450037.7523), np.float64(12.081000000000017))",TP,0.6400825647437822
2,275.0,Aspen,25.4,,,0.0,,POINT (546990.332 6450030.04899999),"(np.float64(546990.332), np.float64(6450030.04899999))","(np.float64(546990.465), np.float64(6450029.2993), np.float64(26.371999999999986))",TP,0.7614059859107076
2,250.0,Fir,21.65,,,0.0,,POINT (546990.351 6450049.47599999),"(np.float64(546990.351), np.float64(6450049.47599999))","(np.float64(546989.88), np.float64(6450049.0073), np.float64(8.016999999999996))",TP,0.6644702254388857
2,280.0,Fir,25.05,,,0.0,,POINT (546990.375 6450021.245),"(np.float64(546990.375), np.float64(6450021.245))",,FN,
2,247.0,Fir,28.45,,,0.0,,POINT (546990.687999999 6450044.33),"(np.float64(546990.687999999), np.float64(6450044.33))","(np.float64(546990.363), np.float64(6450044.8363), np.float64(21.917))",TP,0.6016350130279509
2,293.0,Tilia,24.7,,,0.0,,POINT (546990.959 6450014.19099999),"(np.float64(546990.959), np.float64(6450014.19099999))",,FN,
2,279.0,Fir,32.2,,,0.0,,POINT (546991.322 6450020.722),"(np.float64(546991.322), np.float64(6450020.722))","(np.float64(546991.694), np.float64(6450020.5263), np.float64(12.872000000000014))",TP,0.4203361630841985
2,251.0,Birch,25.65,,21.8,0.0,,POINT (546991.322999999 6450048.314),"(np.float64(546991.322999999), np.float64(6450048.314))","(np.float64(546992.203), np.float64(6450047.8793), np.float64(21.472999999999985))",TP,0.9815111266481508
2,268.0,Tilia,10.0,,,0.0,,POINT (546991.342999999 6450036.25899999),"(np.float64(546991.342999999), np.float64(6450036.25899999))",,FN,
2,363.0,Spruce,13.3,,,0.0,,POINT (546991.466 6449995.35099999),"(np.float64(546991.466), np.float64(6449995.35099999))",,FN,
2,276.0,Fir,12.3,,,0.0,,POINT (546991.667 6450023.06599999),"(np.float64(546991.667), np.float64(6450023.06599999))",,FN,
2,265.0,Birch,23.15,,26.5,0.0,,POINT (546991.717999999 6450029.292),"(np.float64(546991.717999999), np.float64(6450029.292))",,FN,
2,312.0,Tilia,13.5,,,0.0,,POINT (546991.804 6450002.348),"(np.float64(546991.804), np.float64(6450002.348))",,FN,
2,266.0,Fir,24.55,,,0.0,,POINT (546992.246 6450032.347),"(np.float64(546992.246), np.float64(6450032.347))","(np.float64(546992.14), np.float64(6450031.0543), np.float64(7.728999999999985))",TP,1.2970386618306735
2,362.0,Tilia,10.9,,,0.0,,POINT (546992.520999999 6449997.86699999),"(np.float64(546992.520999999), np.float64(6449997.86699999))",,FN,
2,361.0,Tilia,14.8,,,0.0,,POINT (546993.084999999 6449997.53699999),"(np.float64(546993.084999999), np.float64(6449997.53699999))",,FN,
2,264.0,Fir,15.2,,,0.0,,POINT (546993.412999999 6450029.241),"(np.float64(546993.412999999), np.float64(6450029.241))",,FN,
2,277.0,Aspen,39.65,,,0.0,,POINT (546993.435999999 6450023.22099999),"(np.float64(546993.435999999), np.float64(6450023.22099999))",,FN,
2,278.0,Spruce,14.2,,,0.0,,POINT (546993.881 6450023.144),"(np.float64(546993.881), np.float64(6450023.144))","(np.float64(546994.122), np.float64(6450023.5903), np.float64(25.390000000000015))",TP,0.5072126673494365
2,314.0,Tilia,7.15,,,0.0,,POINT (546993.915999999 6450006.371),"(np.float64(546993.915999999), np.float64(6450006.371))",,FN,
2,318.0,Fir,19.3,,,80.0,,POINT (546994.136999999 6450011.34399999),"(np.float64(546994.136999999), np.float64(6450011.34399999))",,FN,
2,322.0,Aspen,36.05,,,0.0,,POINT (546994.440999999 6450018.62899999),"(np.float64(546994.440999999), np.float64(6450018.62899999))","(np.float64(546995.277), np.float64(6450018.4923), np.float64(25.30600000000001))",TP,0.8471026438017621
2,319.0,Fir,28.85,,,0.0,,POINT (546994.594999999 6450012.99799999),"(np.float64(546994.594999999), np.float64(6450012.99799999))","(np.float64(546994.254), np.float64(6450012.9163), np.float64(22.505000000000024))",TP,0.3506506635528504
2,321.0,Aspen,32.1,,,0.0,,POINT (546994.665999999 6450017.529),"(np.float64(546994.665999999), np.float64(6450017.529))",,FN,
2,263.0,Tilia,8.2,,,0.0,,POINT (546994.974999999 6450028.758),"(np.float64(546994.974999999), np.float64(6450028.758))",,FN,
2,315.0,Tilia,8.8,,,0.0,,POINT (546995.256999999 6450007.235),"(np.float64(546995.256999999), np.float64(6450007.235))",,FN,
2,316.0,Tilia,12.3,,,0.0,,POINT (546995.391999999 6450006.79999999),"(np.float64(546995.391999999), np.float64(6450006.79999999))",,FN,
2,317.0,Fir,28.6,,,0.0,,POINT (546995.461 6450008.87999999),"(np.float64(546995.461), np.float64(6450008.87999999))","(np.float64(546994.731), np.float64(6450008.8083), np.float64(22.486999999999995))",TP,0.7335127050931101
2,323.0,Willow,24.1,,15.0,0.0,,POINT (546995.743 6450021.82899999),"(np.float64(546995.743), np.float64(6450021.82899999))",,FN,
2,364.0,Tilia,9.55,,,0.0,,POINT (546996.403 6449995.69099999),"(np.float64(546996.403), np.float64(6449995.69099999))",,FN,
2,259.0,Fir,25.3,,,0.0,,POINT (546996.488 6450031.939),"(np.float64(546996.488), np.float64(6450031.939))",,FN,
2,320.0,Birch,11.65,,14.9,0.0,,POINT (546996.552999999 6450013.298),"(np.float64(546996.552999999), np.float64(6450013.298))",,FN,
2,252.0,Fir,22.45,,,0.0,,POINT (546996.611 6450046.62299999),"(np.float64(546996.611), np.float64(6450046.62299999))","(np.float64(546996.11), np.float64(6450046.6513), np.float64(20.647999999999996))",TP,0.5017986554334259
2,262.0,Tilia,8.6,,,0.0,,POINT (546996.824999999 6450027.733),"(np.float64(546996.824999999), np.float64(6450027.733))",,FN,
2,261.0,Tilia,13.5,,,0.0,,POINT (546998.018 6450027.82699999),"(np.float64(546998.018), np.float64(6450027.82699999))",,FN,
2,260.0,Tilia,11.85,,,0.0,,POINT (546998.305999999 6450029.29999999),"(np.float64(546998.305999999), np.float64(6450029.29999999))","(np.float64(546998.574), np.float64(6450028.7783), np.float64(13.37100000000001))",TP,0.5865107665398008
2,365.0,Tilia,9.0,,,0.0,,POINT (546998.589999999 6449994.133),"(np.float64(546998.589999999), np.float64(6449994.133))","(np.float64(546998.811), np.float64(6449994.3363), np.float64(11.211999999999989))",TP,0.30028634685925687
2,360.0,Willow,17.65,,15.0,0.0,,POINT (546998.706 6449999.154),"(np.float64(546998.706), np.float64(6449999.154))",,FN,
2,254.0,Fir,27.0,,,0.0,,POINT (546999.518 6450041.843),"(np.float64(546999.518), np.float64(6450041.843))","(np.float64(546999.459), np.float64(6450041.9863), np.float64(21.69399999999999))",TP,0.15497060979351573
2,258.0,Tilia,44.95,,22.5,0.0,,POINT (546999.618 6450037.684),"(np.float64(546999.618), np.float64(6450037.684))","(np.float64(546998.825), np.float64(6450036.9163), np.float64(22.56699999999998))",TP,1.103726547258488
2,332.0,Tilia,8.95,,,0.0,,POINT (546999.758999999 6450030.56199999),"(np.float64(546999.758999999), np.float64(6450030.56199999))",,FN,
2,356.0,Aspen,37.4,,,0.0,,POINT (546999.795999999 6450003.82199999),"(np.float64(546999.795999999), np.float64(6450003.82199999))","(np.float64(547000.577), np.float64(6450003.8353), np.float64(7.329999999999984))",TP,0.7811132388064118
2,253.0,Fir,23.55,,,0.0,,POINT (546999.895999999 6450043.52099999),"(np.float64(546999.895999999), np.float64(6450043.52099999))","(np.float64(546999.755), np.float64(6450044.4153), np.float64(20.556999999999988))",TP,0.9053471752354385
2,358.0,Willow,21.9,,15.0,0.0,,POINT (547000.348 6449999.25),"(np.float64(547000.348), np.float64(6449999.25))",,FN,
2,331.0,Tilia,10.45,,,0.0,,POINT (547001.028 6450031.233),"(np.float64(547001.028), np.float64(6450031.233))","(np.float64(547002.206), np.float64(6450032.9333), np.float64(4.292000000000002))",TP,2.068502861684574
2,359.0,Willow,12.75,,15.0,0.0,,POINT (547001.606999999 6449999.991),"(np.float64(547001.606999999), np.float64(6449999.991))",,FN,
2,330.0,Tilia,13.05,,,0.0,,POINT (547002.653 6450030.741),"(np.float64(547002.653), np.float64(6450030.741))",,FN,
2,329.0,Tilia,12.4,,,0.0,,POINT (547002.743999999 6450029.19),"(np.float64(547002.743999999), np.float64(6450029.19))",,FN,
2,257.0,Spruce,14.45,,,0.0,,POINT (547003.366999999 6450036.25999999),"(np.float64(547003.366999999), np.float64(6450036.25999999))",,FN,
2,324.0,Willow,16.15,,15.0,0.0,,POINT (547003.552 6450019.98699999),"(np.float64(547003.552), np.float64(6450019.98699999))","(np.float64(547005.018), np.float64(6450018.4243), np.float64(15.128000000000014))",TP,2.1427055933735484
2,255.0,Spruce,23.25,,21.8,0.0,,POINT (547004.618 6450038.968),"(np.float64(547004.618), np.float64(6450038.968))","(np.float64(547004.587), np.float64(6450039.0213), np.float64(21.795999999999992))",TP,0.061659467851234315
2,333.0,Spruce,26.8,,25.3,0.0,,POINT (547004.854 6450033.53699999),"(np.float64(547004.854), np.float64(6450033.53699999))","(np.float64(547004.946), np.float64(6450033.3553), np.float64(24.93100000000001))",TP,0.20366366014391993
2,353.0,Spruce,20.2,,23.3,0.0,,POINT (547005.087999999 6450006.89699999),"(np.float64(547005.087999999), np.float64(6450006.89699999))","(np.float64(547004.442), np.float64(6450006.7333), np.float64(22.637))",TP,0.6664185510609348
2,357.0,Fir,20.85,,,0.0,,POINT (547006.081 6450000.22499999),"(np.float64(547006.081), np.float64(6450000.22499999))",,FN,
2,355.0,Fir,11.75,,,0.0,,POINT (547006.273 6450005.216),"(np.float64(547006.273), np.float64(6450005.216))","(np.float64(547007.104), np.float64(6450006.2453), np.float64(5.006999999999977))",TP,1.322883021721715
2,334.0,Fir,29.6,,,0.0,,POINT (547006.386999999 6450033.303),"(np.float64(547006.386999999), np.float64(6450033.303))",,FN,
2,256.0,Fir,23.35,,,0.0,,POINT (547006.422999999 6450038.836),"(np.float64(547006.422999999), np.float64(6450038.836))",,FN,
2,354.0,Tilia,41.95,,22.0,0.0,,POINT (547006.591 6450006.45199999),"(np.float64(547006.591), np.float64(6450006.45199999))",,FN,
2,325.0,Willow,11.25,,15.0,0.0,,POINT (547006.812999999 6450023.535),"(np.float64(547006.812999999), np.float64(6450023.535))",,FN,
2,326.0,Willow,8.35,,15.0,0.0,,POINT (547007.094 6450023.57299999),"(np.float64(547007.094), np.float64(6450023.57299999))",,FN,
2,349.0,Spruce,22.05,,18.7,0.0,,POINT (547007.62 6450014.36199999),"(np.float64(547007.62), np.float64(6450014.36199999))",,FN,
2,328.0,Fir,10.35,,,0.0,,POINT (547008.109999999 6450027.28199999),"(np.float64(547008.109999999), np.float64(6450027.28199999))","(np.float64(547007.861), np.float64(6450027.5003), np.float64(9.643))",TP,0.33114331325341906
2,348.0,Tilia,12.65,,,0.0,,POINT (547008.246 6450016.576),"(np.float64(547008.246), np.float64(6450016.576))",,FN,
2,352.0,Spruce,26.9,,22.1,0.0,,POINT (547008.462999999 6450009.04999999),"(np.float64(547008.462999999), np.float64(6450009.04999999))","(np.float64(547008.705), np.float64(6450009.0983), np.float64(21.881))",TP,0.24677295519684467
2,335.0,Fir,14.2,,,0.0,,POINT (547008.805 6450034.91399999),"(np.float64(547008.805), np.float64(6450034.91399999))","(np.float64(547010.13), np.float64(6450035.1703), np.float64(3.329999999999984))",TP,1.349560926883575
2,327.0,Fir,36.1,,,0.0,,POINT (547008.949999999 6450023.93699999),"(np.float64(547008.949999999), np.float64(6450023.93699999))","(np.float64(547008.932), np.float64(6450024.0443), np.float64(25.567000000000007))",TP,0.10879932085782498
2,350.0,Fir,35.05,,,0.0,,POINT (547010.025999999 6450014.815),"(np.float64(547010.025999999), np.float64(6450014.815))","(np.float64(547010.096), np.float64(6450014.2923), np.float64(23.487000000000023))",TP,0.5273663723816694
2,336.0,Fir,16.35,,,0.0,,POINT (547010.245 6450033.392),"(np.float64(547010.245), np.float64(6450033.392))",,FN,
2,351.0,Fir,18.45,,,0.0,,POINT (547011.42 6450013.35099999),"(np.float64(547011.42), np.float64(6450013.35099999))",,FN,
2,347.0,Tilia,31.05,,20.3,0.0,,POINT (547011.851999999 6450023.063),"(np.float64(547011.851999999), np.float64(6450023.063))",,FN,
2,337.0,Fir,34.15,,,0.0,,POINT (547012.251999999 6450034.58899999),"(np.float64(547012.251999999), np.float64(6450034.58899999))","(np.float64(547011.698), np.float64(6450035.0293), np.float64(23.40700000000001))",TP,0.7076581781379565
2,346.0,Fir,16.0,,,0.0,,POINT (547013.165 6450026.00499999),"(np.float64(547013.165), np.float64(6450026.00499999))",,FN,
2,345.0,Fir,16.1,,,0.0,,POINT (547013.349999999 6450026.50499999),"(np.float64(547013.349999999), np.float64(6450026.50499999))",,FN,
2,344.0,Fir,12.85,,,0.0,,POINT (547014.309 6450025.29299999),"(np.float64(547014.309), np.float64(6450025.29299999))","(np.float64(547013.694), np.float64(6450023.9003), np.float64(4.560000000000002))",TP,1.522444830957327
2,338.0,Birch,11.5,,15.5,0.0,,POINT (547016.062999999 6450034.872),"(np.float64(547016.062999999), np.float64(6450034.872))",,FN,
2,343.0,Tilia,17.85,,,0.0,,POINT (547016.662 6450025.81099999),"(np.float64(547016.662), np.float64(6450025.81099999))",,FN,
2,342.0,Tilia,27.65,,22.4,0.0,,POINT (547017.016999999 6450025.525),"(np.float64(547017.016999999), np.float64(6450025.525))","(np.float64(547016.828), np.float64(6450025.4633), np.float64(21.05600000000001))",TP,0.1988162208212833
2,341.0,Tilia,29.25,,21.2,0.0,,POINT (547017.050999999 6450027.87299999),"(np.float64(547017.050999999), np.float64(6450027.87299999))",,FN,
2,340.0,Aspen,32.4,,,0.0,,POINT (547017.616 6450032.798),"(np.float64(547017.616), np.float64(6450032.798))","(np.float64(547017.081), np.float64(6450033.0033), np.float64(23.075000000000017))",TP,0.5730384715324272
2,339.0,Birch,21.45,,,0.0,,POINT (547018.812 6450034.642),"(np.float64(547018.812), np.float64(6450034.642))",,FN,
2,,,,,,,,,,"(np.float64(546989.118), np.float64(6450032.3253), np.float64(16.65100000000001))",FP,
2,,,,,,,,,,"(np.float64(546976.492), np.float64(6450052.4573), np.float64(11.308999999999997))",FP,
2,,,,,,,,,,"(np.float64(546978.085), np.float64(6450038.6773), np.float64(11.27800000000002))",FP,
2,,,,,,,,,,"(np.float64(546950.359), np.float64(6450023.5533), np.float64(15.754999999999995))",FP,
2,,,,,,,,,,"(np.float64(546968.295), np.float64(6450057.9393), np.float64(25.051000000000016))",FP,
2,,,,,,,,,,"(np.float64(546924.463), np.float64(6450044.6123), np.float64(27.239000000000004))",FP,
2,,,,,,,,,,"(np.float64(546991.135), np.float64(6450019.9353), np.float64(25.96799999999999))",FP,
2,,,,,,,,,,"(np.float64(546969.888), np.float64(6450037.8883), np.float64(12.376000000000005))",FP,
2,,,,,,,,,,"(np.float64(546977.589), np.float64(6450039.2513), np.float64(16.171999999999997))",FP,
2,,,,,,,,,,"(np.float64(547000.54), np.float64(6450003.0683), np.float64(23.045999999999992))",FP,
2,,,,,,,,,,"(np.float64(546990.555), np.float64(6450046.9393), np.float64(11.432999999999993))",FP,
2,,,,,,,,,,"(np.float64(546968.672), np.float64(6450039.3333), np.float64(4.39500000000001))",FP,
2,,,,,,,,,,"(np.float64(546958.299), np.float64(6450011.6793), np.float64(11.269000000000005))",FP,
2,,,,,,,,,,"(np.float64(546960.5), np.float64(6450044.2403), np.float64(6.151999999999987))",FP,
2,,,,,,,,,,"(np.float64(546950.398), np.float64(6450046.2193), np.float64(9.557999999999993))",FP,
2,,,,,,,,,,"(np.float64(546995.14), np.float64(6450010.1483), np.float64(5.4410000000000025))",FP,
2,,,,,,,,,,"(np.float64(546973.005), np.float64(6450046.6253), np.float64(12.488))",FP,
2,,,,,,,,,,"(np.float64(546932.773), np.float64(6450043.2913), np.float64(5.719999999999999))",FP,
2,,,,,,,,,,"(np.float64(546995.371), np.float64(6450019.6343), np.float64(5.919000000000011))",FP,
2,,,,,,,,,,"(np.float64(546984.205), np.float64(6450031.5483), np.float64(26.816000000000003))",FP,
2,,,,,,,,,,"(np.float64(546984.798), np.float64(6450048.1133), np.float64(24.396000000000015))",FP,
2,,,,,,,,,,"(np.float64(546963.174), np.float64(6450011.1433), np.float64(9.240000000000009))",FP,
2,,,,,,,,,,"(np.float64(546938.702), np.float64(6450029.3823), np.float64(21.739000000000004))",FP,
2,,,,,,,,,,"(np.float64(546984.85), np.float64(6450028.8253), np.float64(14.073999999999984))",FP,
2,,,,,,,,,,"(np.float64(546993.899), np.float64(6450016.3133), np.float64(8.977000000000004))",FP,
2,,,,,,,,,,"(np.float64(546984.049), np.float64(6450031.8543), np.float64(11.620000000000005))",FP,
2,,,,,,,,,,"(np.float64(546958.134), np.float64(6450010.9723), np.float64(8.894000000000005))",FP,
2,,,,,,,,,,"(np.float64(546959.951), np.float64(6450062.1303), np.float64(8.711999999999989))",FP,
2,,,,,,,,,,"(np.float64(546965.233), np.float64(6450017.2983), np.float64(8.768999999999977))",FP,
2,,,,,,,,,,"(np.float64(546984.26), np.float64(6450038.1053), np.float64(25.341000000000008))",FP,
2,,,,,,,,,,"(np.float64(546944.672), np.float64(6450046.1153), np.float64(9.471000000000004))",FP,
2,,,,,,,,,,"(np.float64(547013.42), np.float64(6450033.5423), np.float64(5.760999999999996))",FP,
2,,,,,,,,,,"(np.float64(546962.092), np.float64(6450015.0483), np.float64(3.210000000000008))",FP,
2,,,,,,,,,,"(np.float64(546970.285), np.float64(6450045.7363), np.float64(9.439999999999998))",FP,
2,,,,,,,,,,"(np.float64(546969.486), np.float64(6450052.0073), np.float64(7.6629999999999825))",FP,
2,,,,,,,,,,"(np.float64(546968.849), np.float64(6450058.9273), np.float64(5.661999999999978))",FP,
2,,,,,,,,,,"(np.float64(546949.441), np.float64(6450036.4613), np.float64(7.765999999999991))",FP,
2,,,,,,,,,,"(np.float64(546994.952), np.float64(6450020.1973), np.float64(10.918000000000006))",FP,
2,,,,,,,,,,"(np.float64(546970.537), np.float64(6450038.3923), np.float64(3.4170000000000016))",FP,
2,,,,,,,,,,"(np.float64(546988.777), np.float64(6450048.8783), np.float64(11.075999999999993))",FP,
2,,,,,,,,,,"(np.float64(546988.748), np.float64(6450021.7293), np.float64(3.759999999999991))",FP,
2,,,,,,,,,,"(np.float64(546944.372), np.float64(6450044.4493), np.float64(10.629000000000019))",FP,
2,,,,,,,,,,"(np.float64(546932.094), np.float64(6450044.0113), np.float64(11.492999999999995))",FP,
2,,,,,,,,,,"(np.float64(546985.544), np.float64(6450026.1903), np.float64(4.068000000000012))",FP,
2,,,,,,,,,,"(np.float64(546975.996), np.float64(6450037.6153), np.float64(15.461000000000013))",FP,
2,,,,,,,,,,"(np.float64(546986.413), np.float64(6450029.8583), np.float64(8.586000000000013))",FP,
2,,,,,,,,,,"(np.float64(546959.343), np.float64(6450060.9283), np.float64(11.51000000000002))",FP,
2,,,,,,,,,,"(np.float64(546987.295), np.float64(6450032.2663), np.float64(8.89700000000002))",FP,
2,,,,,,,,,,"(np.float64(546942.481), np.float64(6450048.2273), np.float64(6.117999999999995))",FP,
2,,,,,,,,,,"(np.float64(546975.049), np.float64(6450050.5053), np.float64(5.317000000000007))",FP,
2,,,,,,,,,,"(np.float64(546986.817), np.float64(6450049.1753), np.float64(8.610000000000014))",FP,
2,,,,,,,,,,"(np.float64(546931.941), np.float64(6450044.2243), np.float64(3.905000000000001))",FP,
2,,,,,,,,,,"(np.float64(546959.162), np.float64(6450042.3893), np.float64(10.540999999999997))",FP,
2,,,,,,,,,,"(np.float64(546985.49), np.float64(6450047.6423), np.float64(13.426000000000016))",FP,
2,,,,,,,,,,"(np.float64(546993.572), np.float64(6450020.4003), np.float64(4.109000000000009))",FP,
2,,,,,,,,,,"(np.float64(546924.64), np.float64(6450031.8183), np.float64(6.437999999999988))",FP,
2,,,,,,,,,,"(np.float64(546947.575), np.float64(6450037.0233), np.float64(9.957000000000022))",FP,
2,,,,,,,,,,"(np.float64(546932.0), np.float64(6450044.9893), np.float64(7.224999999999994))",FP,
2,,,,,,,,,,"(np.float64(546983.827), np.float64(6450028.3513), np.float64(6.168000000000006))",FP,
2,,,,,,,,,,"(np.float64(546928.21), np.float64(6450046.0873), np.float64(5.5260000000000105))",FP,
2,,,,,,,,,,"(np.float64(546957.321), np.float64(6450047.7223), np.float64(8.950999999999993))",FP,
2,,,,,,,,,,"(np.float64(546976.209), np.float64(6450036.3503), np.float64(10.503000000000014))",FP,
2,,,,,,,,,,"(np.float64(546954.519), np.float64(6450037.9653), np.float64(5.520999999999987))",FP,
2,,,,,,,,,,"(np.float64(546924.663), np.float64(6450046.3043), np.float64(5.623999999999995))",FP,
2,,,,,,,,,,"(np.float64(546972.321), np.float64(6450042.5123), np.float64(6.324999999999989))",FP,
2,,,,,,,,,,"(np.float64(546926.986), np.float64(6450030.7073), np.float64(4.824000000000012))",FP,
2,,,,,,,,,,"(np.float64(547012.853), np.float64(6450036.6603), np.float64(7.346000000000004))",FP,
2,,,,,,,,,,"(np.float64(546963.716), np.float64(6450026.2133), np.float64(8.238999999999976))",FP,
2,,,,,,,,,,"(np.float64(546942.907), np.float64(6450021.7403), np.float64(23.040999999999997))",FP,
2,,,,,,,,,,"(np.float64(546983.351), np.float64(6450047.9863), np.float64(7.792000000000002))",FP,
2,,,,,,,,,,"(np.float64(547017.01), np.float64(6450030.6893), np.float64(6.104000000000013))",FP,
2,,,,,,,,,,"(np.float64(546957.109), np.float64(6450016.4083), np.float64(13.854000000000013))",FP,
2,,,,,,,,,,"(np.float64(547006.218), np.float64(6450041.1363), np.float64(9.925999999999988))",FP,
2,,,,,,,,,,"(np.float64(546959.425), np.float64(6450044.7793), np.float64(8.521999999999991))",FP,
2,,,,,,,,,,"(np.float64(546958.818), np.float64(6450041.8193), np.float64(6.341000000000008))",FP,
2,,,,,,,,,,"(np.float64(546974.888), np.float64(6450036.0863), np.float64(12.301999999999992))",FP,
2,,,,,,,,,,"(np.float64(546965.16), np.float64(6450027.8043), np.float64(3.826999999999998))",FP,
2,,,,,,,,,,"(np.float64(546940.515), np.float64(6450037.7853), np.float64(5.867999999999995))",FP,
2,,,,,,,,,,"(np.float64(546945.047), np.float64(6450033.4103), np.float64(8.463000000000022))",FP,
2,,,,,,,,,,"(np.float64(546991.461), np.float64(6450017.2513), np.float64(3.362000000000023))",FP,
2,,,,,,,,,,"(np.float64(546933.174), np.float64(6450046.7683), np.float64(7.655000000000001))",FP,
2,,,,,,,,,,"(np.float64(546955.604), np.float64(6450057.8493), np.float64(4.864000000000004))",FP,
2,,,,,,,,,,"(np.float64(546946.537), np.float64(6450042.4883), np.float64(7.593000000000018))",FP,
2,,,,,,,,,,"(np.float64(546932.261), np.float64(6450037.1233), np.float64(9.364000000000004))",FP,
2,,,,,,,,,,"(np.float64(546931.999), np.float64(6450042.0053), np.float64(3.1639999999999873))",FP,
2,,,,,,,,,,"(np.float64(546967.934), np.float64(6450046.0383), np.float64(5.740000000000009))",FP,
2,,,,,,,,,,"(np.float64(546978.14), np.float64(6450029.3713), np.float64(5.9150000000000205))",FP,
2,,,,,,,,,,"(np.float64(547008.196), np.float64(6450019.5783), np.float64(4.423000000000002))",FP,
2,,,,,,,,,,"(np.float64(546938.079), np.float64(6450020.4093), np.float64(6.759999999999991))",FP,
2,,,,,,,,,,"(np.float64(546938.392), np.float64(6450040.1553), np.float64(3.8179999999999836))",FP,
2,,,,,,,,,,"(np.float64(546951.806), np.float64(6450027.0833), np.float64(12.810000000000002))",FP,
2,,,,,,,,,,"(np.float64(546992.814), np.float64(6450047.6213), np.float64(4.027999999999992))",FP,
2,,,,,,,,,,"(np.float64(546960.543), np.float64(6450014.8293), np.float64(5.884999999999991))",FP,
2,,,,,,,,,,"(np.float64(546960.497), np.float64(6450016.4453), np.float64(3.5320000000000107))",FP,
2,,,,,,,,,,"(np.float64(546987.052), np.float64(6450024.8123), np.float64(13.956999999999994))",FP,
2,,,,,,,,,,"(np.float64(546969.831), np.float64(6450035.1183), np.float64(10.893))",FP,
2,,,,,,,,,,"(np.float64(546932.347), np.float64(6450049.2343), np.float64(3.5))",FP,
2,,,,,,,,,,"(np.float64(546961.121), np.float64(6450022.5643), np.float64(6.75))",FP,
2,,,,,,,,,,"(np.float64(546951.598), np.float64(6450054.3033), np.float64(5.967999999999989))",FP,
2,,,,,,,,,,"(np.float64(546949.424), np.float64(6450032.1093), np.float64(8.390999999999991))",FP,
2,,,,,,,,,,"(np.float64(546938.885), np.float64(6450042.8373), np.float64(5.558000000000021))",FP,
2,,,,,,,,,,"(np.float64(546960.062), np.float64(6450053.0303), np.float64(10.460999999999984))",FP,
2,,,,,,,,,,"(np.float64(546966.667), np.float64(6450028.6883), np.float64(10.939999999999998))",FP,
2,,,,,,,,,,"(np.float64(546959.862), np.float64(6450015.0613), np.float64(7.9809999999999945))",FP,
2,,,,,,,,,,"(np.float64(546953.753), np.float64(6450026.1153), np.float64(10.831000000000017))",FP,
2,,,,,,,,,,"(np.float64(546944.385), np.float64(6450030.7393), np.float64(12.875))",FP,
2,,,,,,,,,,"(np.float64(546988.05), np.float64(6450027.1493), np.float64(11.016999999999996))",FP,
2,,,,,,,,,,"(np.float64(546946.276), np.float64(6450059.3493), np.float64(9.519999999999982))",FP,
2,,,,,,,,,,"(np.float64(546999.932), np.float64(6450000.0183), np.float64(3.3300000000000125))",FP,
2,,,,,,,,,,"(np.float64(546936.689), np.float64(6450027.1433), np.float64(5.064999999999998))",FP,
2,,,,,,,,,,"(np.float64(546931.574), np.float64(6450061.7663), np.float64(3.087999999999994))",FP,
2,,,,,,,,,,"(np.float64(546954.152), np.float64(6450046.1213), np.float64(4.703999999999979))",FP,
2,,,,,,,,,,"(np.float64(546960.367), np.float64(6450018.4963), np.float64(25.792))",FP,
2,,,,,,,,,,"(np.float64(546956.904), np.float64(6450023.3123), np.float64(8.579000000000008))",FP,
2,,,,,,,,,,"(np.float64(546955.207), np.float64(6450046.2683), np.float64(8.26400000000001))",FP,
2,,,,,,,,,,"(np.float64(547014.104), np.float64(6450021.1393), np.float64(4.228999999999985))",FP,
2,,,,,,,,,,"(np.float64(546998.66), np.float64(6450013.9343), np.float64(6.5730000000000075))",FP,
2,,,,,,,,,,"(np.float64(546957.368), np.float64(6450045.2013), np.float64(8.49199999999999))",FP,
2,,,,,,,,,,"(np.float64(546998.809), np.float64(6450018.4013), np.float64(10.976000000000028))",FP,
2,,,,,,,,,,"(np.float64(546954.89), np.float64(6450018.6933), np.float64(13.47799999999998))",FP,
2,,,,,,,,,,"(np.float64(546938.228), np.float64(6450057.6543), np.float64(11.379999999999995))",FP,
2,,,,,,,,,,"(np.float64(546951.738), np.float64(6450039.9043), np.float64(5.646999999999991))",FP,
2,,,,,,,,,,"(np.float64(546939.52), np.float64(6450026.4503), np.float64(8.048000000000002))",FP,
2,,,,,,,,,,"(np.float64(546996.01), np.float64(6450036.4143), np.float64(10.587999999999994))",FP,
2,,,,,,,,,,"(np.float64(546933.876), np.float64(6450029.5403), np.float64(4.774000000000001))",FP,
2,,,,,,,,,,"(np.float64(546936.42), np.float64(6450021.2233), np.float64(10.169999999999987))",FP,
2,,,,,,,,,,"(np.float64(546949.94), np.float64(6450042.5013), np.float64(8.807000000000016))",FP,
2,,,,,,,,,,"(np.float64(546999.783), np.float64(6450011.2193), np.float64(5.7260000000000275))",FP,
2,,,,,,,,,,"(np.float64(546936.691), np.float64(6450022.7693), np.float64(8.581000000000017))",FP,
2,,,,,,,,,,"(np.float64(547000.763), np.float64(6450017.1583), np.float64(4.977000000000004))",FP,
2,,,,,,,,,,"(np.float64(546954.024), np.float64(6450029.3943), np.float64(10.778999999999996))",FP,
2,,,,,,,,,,"(np.float64(546952.057), np.float64(6450021.5003), np.float64(9.099000000000018))",FP,
2,,,,,,,,,,"(np.float64(546935.805), np.float64(6450065.3193), np.float64(8.780000000000001))",FP,
2,,,,,,,,,,"(np.float64(546927.67), np.float64(6450060.5503), np.float64(3.953000000000003))",FP,
2,,,,,,,,,,"(np.float64(546933.184), np.float64(6450052.3283), np.float64(9.768))",FP,
2,,,,,,,,,,"(np.float64(546932.438), np.float64(6450065.5683), np.float64(18.63500000000002))",FP,
3,49.0,Birch,54.65,,22.0,0.0,,POINT (546586.530721 6450155.64518999),"(np.float64(546586.530721), np.float64(6450155.64518999))",,FN,
3,50.0,Fir,15.65,63.0,12.6,0.0,,POINT (546588.588437 6450155.05104),"(np.float64(546588.588437), np.float64(6450155.05104))",,FN,
3,47.0,Alder,25.45,62.0,22.3,0.0,,POINT (546590.607232999 6450167.03015),"(np.float64(546590.607232999), np.float64(6450167.03015))",,FN,
3,48.0,Alder,37.5,,20.0,0.0,,POINT (546591.672509 6450162.37241999),"(np.float64(546591.672509), np.float64(6450162.37241999))",,FN,
3,33.0,Alder,12.2,,,60.0,,POINT (546592.166792999 6450171.40763999),"(np.float64(546592.166792999), np.float64(6450171.40763999))",,FN,
3,46.0,Alder,22.1,67.0,20.7,0.0,Rotten,POINT (546592.576007 6450168.5557),"(np.float64(546592.576007), np.float64(6450168.5557))",,FN,
3,32.0,Aspen,17.0,,,70.0,,POINT (546592.662217 6450171.61670999),"(np.float64(546592.662217), np.float64(6450171.61670999))","(np.float64(546593.462), np.float64(6450173.7383), np.float64(10.007000000000005))",TP,2.267332577544504
3,34.0,Spruce,11.2,,,0.0,,POINT (546593.402582 6450171.44679),"(np.float64(546593.402582), np.float64(6450171.44679))",,FN,
3,51.0,Fir,30.7,,,50.0,,POINT (546594.321256999 6450157.10917),"(np.float64(546594.321256999), np.float64(6450157.10917))","(np.float64(546597.547), np.float64(6450156.3723), np.float64(10.644000000000005))",TP,3.3088359441744934
3,45.0,Alder,23.55,72.0,19.6,0.0,Rotten,POINT (546594.437095999 6450163.07108),"(np.float64(546594.437095999), np.float64(6450163.07108))","(np.float64(546595.62), np.float64(6450161.4993), np.float64(20.399999999999977))",TP,1.9671690937879045
3,36.0,Fir,16.45,,,0.0,,POINT (546594.98516 6450170.66124999),"(np.float64(546594.98516), np.float64(6450170.66124999))",,FN,
3,38.0,Aspen,28.25,,,0.0,,POINT (546595.697852 6450167.21435),"(np.float64(546595.697852), np.float64(6450167.21435))",,FN,
3,35.0,Alder,14.0,,,0.0,,POINT (546596.189825 6450169.19969999),"(np.float64(546596.189825), np.float64(6450169.19969999))",,FN,
3,37.0,Spruce,29.8,,23.6,0.0,,POINT (546596.754568999 6450170.48579),"(np.float64(546596.754568999), np.float64(6450170.48579))","(np.float64(546596.348), np.float64(6450170.8663), np.float64(24.248999999999995))",TP,0.5568538504597337
3,39.0,Spruce,21.25,,16.6,0.0,,POINT (546597.186006 6450167.33645),"(np.float64(546597.186006), np.float64(6450167.33645))","(np.float64(546596.605), np.float64(6450167.1633), np.float64(17.01599999999999))",TP,0.6062581089369684
3,30.0,Aspen,22.75,,,0.0,,POINT (546597.454269999 6450178.17654),"(np.float64(546597.454269999), np.float64(6450178.17654))","(np.float64(546598.078), np.float64(6450177.2673), np.float64(23.370000000000005))",TP,1.1026134823957312
3,29.0,Aspen,26.1,,,0.0,,POINT (546597.686567 6450174.52233),"(np.float64(546597.686567), np.float64(6450174.52233))","(np.float64(546597.927), np.float64(6450174.4413), np.float64(6.309999999999974))",TP,0.25372009853916105
3,28.0,Aspen,20.4,,,0.0,,POINT (546597.937045 6450174.92336),"(np.float64(546597.937045), np.float64(6450174.92336))",,FN,
3,31.0,Fir,21.1,,,0.0,,POINT (546598.126370999 6450178.86182),"(np.float64(546598.126370999), np.float64(6450178.86182))","(np.float64(546598.562), np.float64(6450178.3623), np.float64(9.594999999999999))",TP,0.6627917146326883
3,40.0,Spruce,17.0,,,0.0,,POINT (546598.635641 6450169.10637999),"(np.float64(546598.635641), np.float64(6450169.10637999))",,FN,
3,21.0,Birch,17.55,57.0,19.9,0.0,Rotten,POINT (546599.300061 6450184.43267999),"(np.float64(546599.300061), np.float64(6450184.43267999))",,FN,
3,22.0,Alder,23.25,,,0.0,,POINT (546599.943395999 6450181.46195),"(np.float64(546599.943395999), np.float64(6450181.46195))","(np.float64(546601.995), np.float64(6450182.8923), np.float64(14.15700000000001))",TP,2.500995821547577
3,42.0,Aspen,23.55,,,0.0,,POINT (546600.534127 6450169.86796),"(np.float64(546600.534127), np.float64(6450169.86796))","(np.float64(546600.131), np.float64(6450170.0973), np.float64(12.437000000000012))",TP,0.46379759951121996
3,54.0,Alder,24.7,,,0.0,,POINT (546600.706585 6450159.61055),"(np.float64(546600.706585), np.float64(6450159.61055))","(np.float64(546600.986), np.float64(6450160.8423), np.float64(6.236000000000018))",TP,1.263044260146852
3,44.0,Fir,13.1,,,0.0,,POINT (546601.064492 6450164.84678999),"(np.float64(546601.064492), np.float64(6450164.84678999))","(np.float64(546600.764), np.float64(6450165.3003), np.float64(10.367000000000019))",TP,0.5440282821992253
3,43.0,Aspen,23.6,,,0.0,,POINT (546601.910963 6450170.46891),"(np.float64(546601.910963), np.float64(6450170.46891))","(np.float64(546602.952), np.float64(6450170.9733), np.float64(23.956999999999994))",TP,1.156791816592027
3,41.0,Aspen,31.9,71.0,24.2,0.0,,POINT (546601.93567 6450166.90405),"(np.float64(546601.93567), np.float64(6450166.90405))","(np.float64(546600.909), np.float64(6450166.3233), np.float64(23.423000000000002))",TP,1.1795430688158757
3,53.0,Alder,26.65,,22.2,0.0,,POINT (546602.293604 6450156.87999999),"(np.float64(546602.293604), np.float64(6450156.87999999))",,FN,
3,55.0,Fir,21.2,,,0.0,,POINT (546602.963923 6450161.56082999),"(np.float64(546602.963923), np.float64(6450161.56082999))","(np.float64(546603.393), np.float64(6450161.5233), np.float64(19.43100000000001))",TP,0.43071518674295206
3,20.0,Spruce,36.05,,25.0,0.0,,POINT (546603.164286999 6450184.66459999),"(np.float64(546603.164286999), np.float64(6450184.66459999))","(np.float64(546602.757), np.float64(6450184.7703), np.float64(23.992999999999995))",TP,0.42077926731217563
3,52.0,Alder,27.55,67.0,24.1,0.0,,POINT (546603.168099 6450152.79741999),"(np.float64(546603.168099), np.float64(6450152.79741999))","(np.float64(546602.544), np.float64(6450154.0913), np.float64(21.977000000000004))",TP,1.43653229763544
3,65.0,Fir,13.25,66.0,11.2,0.0,,POINT (546603.553026 6450168.65527999),"(np.float64(546603.553026), np.float64(6450168.65527999))","(np.float64(546602.927), np.float64(6450168.5933), np.float64(10.566000000000003))",TP,0.6290866966550206
3,23.0,Aspen,29.55,,,0.0,,POINT (546603.669054 6450179.73084999),"(np.float64(546603.669054), np.float64(6450179.73084999))","(np.float64(546602.486), np.float64(6450179.4843), np.float64(8.838999999999999))",TP,1.2084716233957977
3,19.0,Birch,33.6,,25.5,0.0,,POINT (546604.156205 6450190.93546999),"(np.float64(546604.156205), np.float64(6450190.93546999))",,FN,
3,66.0,Fir,13.65,,11.1,0.0,,POINT (546604.313733999 6450172.79959),"(np.float64(546604.313733999), np.float64(6450172.79959))",,FN,
3,62.0,Aspen,30.1,,,0.0,,POINT (546604.49095 6450169.88736999),"(np.float64(546604.49095), np.float64(6450169.88736999))","(np.float64(546605.741), np.float64(6450168.8583), np.float64(12.778999999999996))",TP,1.6191386743364369
3,24.0,Alder,20.35,,,0.0,,POINT (546606.481112999 6450180.52075),"(np.float64(546606.481112999), np.float64(6450180.52075))","(np.float64(546605.439), np.float64(6450180.3733), np.float64(7.425000000000011))",TP,1.0524927578027479
3,64.0,Birch,10.4,,,70.0,,POINT (546606.564446 6450171.51924999),"(np.float64(546606.564446), np.float64(6450171.51924999))","(np.float64(546606.709), np.float64(6450171.9733), np.float64(6.325000000000017))",TP,0.4765052681349391
3,61.0,Alder,18.15,,,0.0,,POINT (546606.749346 6450164.91643),"(np.float64(546606.749346), np.float64(6450164.91643))","(np.float64(546607.358), np.float64(6450163.5473), np.float64(10.322000000000003))",TP,1.4983246143229747
3,106.0,Alder,30.1,,,0.0,,POINT (546606.834762 6450146.96073),"(np.float64(546606.834762), np.float64(6450146.96073))",,FN,
3,107.0,Alder,14.95,,,0.0,,POINT (546606.895999999 6450145.97962),"(np.float64(546606.895999999), np.float64(6450145.97962))","(np.float64(546608.141), np.float64(6450144.7453), np.float64(14.162999999999982))",TP,1.7531602512455655
3,3.0,Tilia,19.3,,,0.0,,POINT (546607.430277999 6450193.02910999),"(np.float64(546607.430277999), np.float64(6450193.02910999))","(np.float64(546609.314), np.float64(6450193.7353), np.float64(10.445999999999998))",TP,2.0117437477640725
3,18.0,Aspen,34.05,,,0.0,,POINT (546607.516429999 6450189.42925999),"(np.float64(546607.516429999), np.float64(6450189.42925999))","(np.float64(546606.748), np.float64(6450189.3063), np.float64(11.774000000000001))",TP,0.7782055143263464
3,105.0,Alder,23.4,,,0.0,,POINT (546607.769950999 6450150.13810999),"(np.float64(546607.769950999), np.float64(6450150.13810999))",,FN,
3,27.0,Alder,25.9,,,0.0,,POINT (546607.792716 6450175.19697999),"(np.float64(546607.792716), np.float64(6450175.19697999))","(np.float64(546608.104), np.float64(6450176.1283), np.float64(9.542000000000002))",TP,0.9819647087630742
3,1.0,Aspen,25.75,59.0,24.4,0.0,,POINT (546607.886761 6450196.41521),"(np.float64(546607.886761), np.float64(6450196.41521))",,FN,
3,60.0,Alder,16.05,,21.8,0.0,,POINT (546607.930494999 6450166.47164),"(np.float64(546607.930494999), np.float64(6450166.47164))",,FN,
3,25.0,Aspen,28.0,,,0.0,,POINT (546608.883263 6450177.6512),"(np.float64(546608.883263), np.float64(6450177.6512))","(np.float64(546608.853), np.float64(6450177.2833), np.float64(24.231000000000023))",TP,0.36914260000456095
3,56.0,Alder,19.25,,,80.0,,POINT (546609.066696999 6450162.99093),"(np.float64(546609.066696999), np.float64(6450162.99093))","(np.float64(546610.139), np.float64(6450163.6263), np.float64(20.27199999999999))",TP,1.2464063390038067
3,57.0,Alder,19.25,64.0,20.2,0.0,,POINT (546609.287815 6450164.73859999),"(np.float64(546609.287815), np.float64(6450164.73859999))",,FN,
3,58.0,Alder,19.35,,20.4,0.0,,POINT (546609.529161 6450165.81586),"(np.float64(546609.529161), np.float64(6450165.81586))",,FN,
3,67.0,Aspen,26.3,,,80.0,,POINT (546609.928714 6450173.37542),"(np.float64(546609.928714), np.float64(6450173.37542))","(np.float64(546611.199), np.float64(6450173.6933), np.float64(10.707000000000022))",TP,1.3094556946108575
3,63.0,Birch,22.95,62.0,24.6,0.0,,POINT (546610.082540999 6450171.74572999),"(np.float64(546610.082540999), np.float64(6450171.74572999))",,FN,
3,2.0,Aspen,22.7,56.0,24.3,0.0,,POINT (546610.217836 6450195.09458),"(np.float64(546610.217836), np.float64(6450195.09458))","(np.float64(546609.685), np.float64(6450195.4263), np.float64(23.014999999999986))",TP,0.6276562445730675
3,16.0,Aspen,35.25,,,0.0,,POINT (546610.220741 6450182.58291),"(np.float64(546610.220741), np.float64(6450182.58291))","(np.float64(546609.026), np.float64(6450181.8073), np.float64(25.001000000000005))",TP,1.424421612160722
3,102.0,Alder,30.05,,,0.0,,POINT (546610.255474 6450153.26157),"(np.float64(546610.255474), np.float64(6450153.26157))",,FN,
3,68.0,Alder,20.25,50.0,21.0,0.0,,POINT (546610.784124 6450172.39854),"(np.float64(546610.784124), np.float64(6450172.39854))",,FN,
3,103.0,Alder,10.75,,,0.0,,POINT (546611.217223 6450151.12282999),"(np.float64(546611.217223), np.float64(6450151.12282999))","(np.float64(546611.301), np.float64(6450151.4943), np.float64(21.592000000000013))",TP,0.38079988705878653
3,4.0,Aspen,22.95,,,0.0,,POINT (546611.313241 6450192.43563),"(np.float64(546611.313241), np.float64(6450192.43563))",,FN,
3,17.0,Aspen,23.35,,,0.0,,POINT (546611.513085999 6450188.56692),"(np.float64(546611.513085999), np.float64(6450188.56692))","(np.float64(546612.223), np.float64(6450188.6323), np.float64(15.365000000000009))",TP,0.712918251440867
3,26.0,Aspen,19.0,,,0.0,,POINT (546611.51323 6450177.31446),"(np.float64(546611.51323), np.float64(6450177.31446))","(np.float64(546612.223), np.float64(6450176.2133), np.float64(5.317999999999984))",TP,1.31008656149603
3,104.0,Alder,30.75,,21.6,0.0,,POINT (546612.023313999 6450149.0066),"(np.float64(546612.023313999), np.float64(6450149.0066))","(np.float64(546611.14), np.float64(6450149.4873), np.float64(21.143999999999977))",TP,1.0056421385792655
3,59.0,Alder,17.5,,21.2,0.0,,POINT (546612.076150999 6450166.98132999),"(np.float64(546612.076150999), np.float64(6450166.98132999))",,FN,
3,69.0,Alder,20.65,,,0.0,,POINT (546612.835096 6450171.26042999),"(np.float64(546612.835096), np.float64(6450171.26042999))","(np.float64(546612.878), np.float64(6450171.6763), np.float64(12.402999999999992))",TP,0.41807728848308046
3,5.0,Aspen,16.6,,,70.0,,POINT (546613.032254999 6450191.92492999),"(np.float64(546613.032254999), np.float64(6450191.92492999))","(np.float64(546612.99), np.float64(6450191.8043), np.float64(6.324000000000012))",TP,0.12781658556730546
3,71.0,Fir,17.35,69.0,19.4,0.0,,POINT (546613.066476 6450175.88631),"(np.float64(546613.066476), np.float64(6450175.88631))",,FN,
3,6.0,Aspen,35.15,,,0.0,,POINT (546613.256541999 6450189.95007),"(np.float64(546613.256541999), np.float64(6450189.95007))","(np.float64(546613.851), np.float64(6450190.3353), np.float64(25.211000000000013))",TP,0.7083660550272115
3,7.0,Alder,19.35,61.0,19.7,0.0,Rotten,POINT (546613.811167999 6450188.67798999),"(np.float64(546613.811167999), np.float64(6450188.67798999))",,FN,
3,108.0,Alder,24.55,,,80.0,,POINT (546613.848258999 6450139.71807),"(np.float64(546613.848258999), np.float64(6450139.71807))",,FN,
3,101.0,Spruce,11.6,,12.0,0.0,,POINT (546614.176645 6450154.98276999),"(np.float64(546614.176645), np.float64(6450154.98276999))",,FN,
3,70.0,Aspen,24.35,,,0.0,,POINT (546614.303419 6450172.20194999),"(np.float64(546614.303419), np.float64(6450172.20194999))",,FN,
3,95.0,Alder,19.9,,,70.0,,POINT (546614.6703 6450161.92573),"(np.float64(546614.6703), np.float64(6450161.92573))",,FN,
3,15.0,Aspen,35.35,,,0.0,,POINT (546614.822124 6450179.64558),"(np.float64(546614.822124), np.float64(6450179.64558))","(np.float64(546614.918), np.float64(6450179.2733), np.float64(24.199000000000012))",TP,0.38442763465033264
3,172.0,Alder,23.15,,,0.0,,POINT (546615.801862 6450138.18448),"(np.float64(546615.801862), np.float64(6450138.18448))",,FN,
3,100.0,Alder,28.4,,,70.0,,POINT (546615.95449 6450154.77216),"(np.float64(546615.95449), np.float64(6450154.77216))","(np.float64(546615.647), np.float64(6450152.9973), np.float64(12.228000000000009))",TP,1.8012990092058856
3,94.0,Alder,18.25,,,70.0,,POINT (546616.848742999 6450163.11787),"(np.float64(546616.848742999), np.float64(6450163.11787))","(np.float64(546617.452), np.float64(6450162.7383), np.float64(11.34299999999999))",TP,0.712735851556415
3,113.0,Alder,11.45,,,0.0,,POINT (546617.310996999 6450151.68195999),"(np.float64(546617.310996999), np.float64(6450151.68195999))",,FN,
3,109.0,Alder,17.7,,,60.0,,POINT (546617.324507 6450145.24290999),"(np.float64(546617.324507), np.float64(6450145.24290999))",,FN,
3,110.0,Alder,22.05,,,0.0,,POINT (546617.411129 6450146.6497),"(np.float64(546617.411129), np.float64(6450146.6497))","(np.float64(546616.375), np.float64(6450148.6273), np.float64(6.474999999999994))",TP,2.2325915578418654
3,14.0,Aspen,30.2,,,0.0,,POINT (546617.666424999 6450180.07691999),"(np.float64(546617.666424999), np.float64(6450180.07691999))","(np.float64(546617.997), np.float64(6450181.0633), np.float64(14.721000000000004))",TP,1.0403006081003041
3,9.0,Alder,24.45,67.0,21.0,0.0,Rotten,POINT (546617.760229 6450189.39661),"(np.float64(546617.760229), np.float64(6450189.39661))",,FN,
3,10.0,Alder,17.9,,,0.0,,POINT (546618.282873 6450192.60563),"(np.float64(546618.282873), np.float64(6450192.60563))",,FN,
3,72.0,Aspen,29.95,,,0.0,,POINT (546618.907087999 6450170.52673999),"(np.float64(546618.907087999), np.float64(6450170.52673999))","(np.float64(546619.03), np.float64(6450170.5643), np.float64(8.846000000000004))",TP,0.12852281622785047
3,114.0,Fir,17.55,,13.4,0.0,,POINT (546618.994868 6450151.22484),"(np.float64(546618.994868), np.float64(6450151.22484))","(np.float64(546620.299), np.float64(6450151.5223), np.float64(10.794999999999987))",TP,1.3376257791104362
3,8.0,Alder,19.8,,,0.0,,POINT (546619.375301999 6450183.29086999),"(np.float64(546619.375301999), np.float64(6450183.29086999))",,FN,
3,93.0,Aspen,30.45,,22.3,0.0,,POINT (546619.755515999 6450163.88925),"(np.float64(546619.755515999), np.float64(6450163.88925))","(np.float64(546619.297), np.float64(6450163.3273), np.float64(23.277000000000015))",TP,0.725275619240124
3,111.0,Alder,22.5,,,60.0,,POINT (546619.886345 6450144.1546),"(np.float64(546619.886345), np.float64(6450144.1546))","(np.float64(546621.209), np.float64(6450143.2833), np.float64(12.733000000000004))",TP,1.5838497209913982
3,112.0,Aspen,55.75,,,0.0,,POINT (546619.897070999 6450149.17707),"(np.float64(546619.897070999), np.float64(6450149.17707))","(np.float64(546620.398), np.float64(6450148.1813), np.float64(7.619))",TP,1.114669348644015
3,11.0,Alder,26.3,61.0,24.6,0.0,Rotten,POINT (546620.276000999 6450191.41543999),"(np.float64(546620.276000999), np.float64(6450191.41543999))","(np.float64(546619.907), np.float64(6450190.9663), np.float64(21.987000000000023))",TP,0.5812817456444175
3,96.0,Alder,20.4,,,80.0,,POINT (546620.288551999 6450159.28309),"(np.float64(546620.288551999), np.float64(6450159.28309))","(np.float64(546620.305), np.float64(6450160.0883), np.float64(14.669999999999987))",TP,0.8053779738006726
3,97.0,Alder,19.7,,,0.0,,POINT (546620.336554 6450158.53622),"(np.float64(546620.336554), np.float64(6450158.53622))","(np.float64(546621.398), np.float64(6450158.4053), np.float64(14.713999999999999))",TP,1.069489437735984
3,92.0,Fir,26.6,,23.4,0.0,,POINT (546621.037055999 6450166.02792999),"(np.float64(546621.037055999), np.float64(6450166.02792999))","(np.float64(546621.425), np.float64(6450165.8833), np.float64(23.869))",TP,0.4140270303395625
3,78.0,Spruce,16.75,57.0,17.5,0.0,,POINT (546621.103053 6450180.77276999),"(np.float64(546621.103053), np.float64(6450180.77276999))",,FN,
3,171.0,Alder,27.95,,,70.0,,POINT (546621.131651 6450137.63073999),"(np.float64(546621.131651), np.float64(6450137.63073999))","(np.float64(546620.206), np.float64(6450137.4093), np.float64(8.37100000000001))",TP,0.9517696373864726
3,13.0,Alder,22.35,,,70.0,,POINT (546621.551464 6450184.9011),"(np.float64(546621.551464), np.float64(6450184.9011))","(np.float64(546622.258), np.float64(6450186.0003), np.float64(10.25200000000001))",TP,1.3066880880434923
3,76.0,Aspen,34.5,,,0.0,,POINT (546621.783735 6450177.54701),"(np.float64(546621.783735), np.float64(6450177.54701))","(np.float64(546621.202), np.float64(6450178.1803), np.float64(24.399))",TP,0.8599254819665201
3,74.0,Spruce,15.9,68.0,10.6,0.0,,POINT (546621.974634999 6450175.38906999),"(np.float64(546621.974634999), np.float64(6450175.38906999))",,FN,
3,77.0,Alder,17.5,,,0.0,,POINT (546622.09452 6450181.97599),"(np.float64(546622.09452), np.float64(6450181.97599))","(np.float64(546625.496), np.float64(6450181.4963), np.float64(8.424000000000007))",TP,3.4351373607035045
3,12.0,Alder,20.7,63.0,21.5,0.0,Rotten,POINT (546622.407519 6450190.43505),"(np.float64(546622.407519), np.float64(6450190.43505))",,FN,
3,73.0,Fir,19.4,,,0.0,,POINT (546623.163632999 6450174.07278999),"(np.float64(546623.163632999), np.float64(6450174.07278999))",,FN,
3,90.0,Aspen,35.75,,,0.0,,POINT (546623.190948999 6450169.36373999),"(np.float64(546623.190948999), np.float64(6450169.36373999))",,FN,
3,115.0,Aspen,49.7,,,0.0,,POINT (546623.372230999 6450146.23484),"(np.float64(546623.372230999), np.float64(6450146.23484))","(np.float64(546624.506), np.float64(6450145.8473), np.float64(26.172000000000025))",TP,1.198173359577739
3,91.0,Fir,13.05,,,80.0,,POINT (546623.397556 6450168.09326),"(np.float64(546623.397556), np.float64(6450168.09326))","(np.float64(546623.341), np.float64(6450168.1263), np.float64(23.367999999999995))",TP,0.06549979149278203
3,75.0,Spruce,19.65,72.0,19.1,0.0,,POINT (546623.485681 6450176.56192999),"(np.float64(546623.485681), np.float64(6450176.56192999))",,FN,
3,98.0,Spruce,25.5,,24.1,0.0,,POINT (546624.986654 6450161.30484),"(np.float64(546624.986654), np.float64(6450161.30484))","(np.float64(546625.822), np.float64(6450162.2603), np.float64(23.408999999999992))",TP,1.2691362224337777
3,79.0,Alder,30.0,,,70.0,,POINT (546625.334014 6450185.90043),"(np.float64(546625.334014), np.float64(6450185.90043))","(np.float64(546625.322), np.float64(6450183.6873), np.float64(21.74800000000002))",TP,2.213162608871118
3,89.0,Fir,22.3,,17.4,0.0,,POINT (546625.564826 6450170.70576),"(np.float64(546625.564826), np.float64(6450170.70576))",,FN,
3,170.0,Alder,32.85,,,80.0,,POINT (546626.084302 6450138.1292),"(np.float64(546626.084302), np.float64(6450138.1292))","(np.float64(546626.782), np.float64(6450138.7403), np.float64(7.008999999999986))",TP,0.9274835354189463
3,99.0,Alder,26.9,,22.2,0.0,,POINT (546626.705069 6450158.45485),"(np.float64(546626.705069), np.float64(6450158.45485))",,FN,
3,116.0,Spruce,19.15,70.0,17.1,0.0,,POINT (546626.950860999 6450150.41385999),"(np.float64(546626.950860999), np.float64(6450150.41385999))",,FN,
3,169.0,Aspen,52.6,,,0.0,,POINT (546627.29457 6450143.36242999),"(np.float64(546627.29457), np.float64(6450143.36242999))","(np.float64(546628.202), np.float64(6450144.2343), np.float64(9.027000000000015))",TP,1.2584063405476749
3,117.0,Fir,14.3,58.0,13.5,0.0,,POINT (546627.467608 6450147.59418999),"(np.float64(546627.467608), np.float64(6450147.59418999))","(np.float64(546628.319), np.float64(6450148.2733), np.float64(12.28200000000001))",TP,1.0890632407078213
3,118.0,Alder,13.0,,,0.0,,POINT (546628.45206 6450157.69366999),"(np.float64(546628.45206), np.float64(6450157.69366999))","(np.float64(546627.983), np.float64(6450156.0653), np.float64(10.991000000000014))",TP,1.6945813958991411
3,173.0,Alder,32.9,,25.1,0.0,,POINT (546629.92072 6450131.65369999),"(np.float64(546629.92072), np.float64(6450131.65369999))","(np.float64(546631.262), np.float64(6450131.3773), np.float64(23.964))",TP,1.3694630308987485
3,88.0,Spruce,32.8,78.0,24.4,0.0,,POINT (546629.940819 6450169.86132),"(np.float64(546629.940819), np.float64(6450169.86132))","(np.float64(546630.942), np.float64(6450169.7863), np.float64(23.658999999999992))",TP,1.0039877465733027
3,119.0,Aspen,39.1,89.0,25.5,0.0,,POINT (546630.326093 6450158.24062),"(np.float64(546630.326093), np.float64(6450158.24062))","(np.float64(546629.951), np.float64(6450156.8833), np.float64(24.598000000000013))",TP,1.4081947103258443
3,121.0,Aspen,38.5,,,0.0,,POINT (546631.141396 6450163.79024),"(np.float64(546631.141396), np.float64(6450163.79024))","(np.float64(546630.797), np.float64(6450163.5943), np.float64(24.552999999999997))",TP,0.39623362860605105
3,120.0,Fir,12.45,47.0,11.3,0.0,,POINT (546631.477894 6450159.15223),"(np.float64(546631.477894), np.float64(6450159.15223))","(np.float64(546632.699), np.float64(6450159.3533), np.float64(8.626999999999981))",TP,1.237549598181087
3,163.0,Alder,27.45,,,60.0,,POINT (546632.391432999 6450152.08562999),"(np.float64(546632.391432999), np.float64(6450152.08562999))",,FN,
3,162.0,Birch,21.1,,,0.0,,POINT (546634.593235 6450153.42442),"(np.float64(546634.593235), np.float64(6450153.42442))","(np.float64(546634.5), np.float64(6450153.8193), np.float64(23.000999999999976))",TP,0.40573757441562125
3,177.0,Fir,27.45,,,0.0,,POINT (546634.753495999 6450131.91206),"(np.float64(546634.753495999), np.float64(6450131.91206))",,FN,
3,174.0,Tilia,26.2,,,0.0,,POINT (546635.397421999 6450128.16923),"(np.float64(546635.397421999), np.float64(6450128.16923))",,FN,
3,178.0,Spruce,39.2,,25.7,0.0,,POINT (546635.439388999 6450134.32634999),"(np.float64(546635.439388999), np.float64(6450134.32634999))","(np.float64(546635.906), np.float64(6450135.0223), np.float64(25.483000000000004))",TP,0.8378975130792715
3,122.0,Aspen,22.4,,,0.0,,POINT (546635.609841999 6450160.60900999),"(np.float64(546635.609841999), np.float64(6450160.60900999))",,FN,
3,123.0,Alder,21.05,,,0.0,,POINT (546635.657353 6450162.07142999),"(np.float64(546635.657353), np.float64(6450162.07142999))","(np.float64(546636.417), np.float64(6450162.8303), np.float64(8.316000000000003))",TP,1.0737538152073371
3,164.0,Fir,13.95,,,0.0,,POINT (546635.679820999 6450144.4928),"(np.float64(546635.679820999), np.float64(6450144.4928))","(np.float64(546636.119), np.float64(6450145.2093), np.float64(11.50800000000001))",TP,0.840387080445332
3,175.0,Tilia,37.25,,,0.0,,POINT (546635.686150999 6450128.02556999),"(np.float64(546635.686150999), np.float64(6450128.02556999))",,FN,
3,176.0,Tilia,25.2,,,0.0,,POINT (546635.94943 6450131.46277999),"(np.float64(546635.94943), np.float64(6450131.46277999))","(np.float64(546636.109), np.float64(6450132.5083), np.float64(12.475999999999999))",TP,1.057626907332682
3,168.0,Fir,14.65,,,0.0,,POINT (546636.09464 6450138.81639999),"(np.float64(546636.09464), np.float64(6450138.81639999))","(np.float64(546634.258), np.float64(6450137.5523), np.float64(13.474000000000018))",TP,2.229617741753286
3,167.0,Alder,29.5,,,80.0,,POINT (546636.302107 6450139.52816),"(np.float64(546636.302107), np.float64(6450139.52816))",,FN,
3,127.0,Alder,25.55,,23.1,0.0,,POINT (546636.339844999 6450166.82507999),"(np.float64(546636.339844999), np.float64(6450166.82507999))","(np.float64(546636.269), np.float64(6450166.7853), np.float64(22.39500000000001))",TP,0.08124937841641953
3,126.0,Alder,22.5,,,0.0,,POINT (546637.670265999 6450164.78742999),"(np.float64(546637.670265999), np.float64(6450164.78742999))","(np.float64(546637.114), np.float64(6450165.4633), np.float64(11.060000000000002))",TP,0.8753468636837297
3,124.0,Aspen,25.3,,,0.0,,POINT (546638.180058 6450161.47281),"(np.float64(546638.180058), np.float64(6450161.47281))","(np.float64(546638.091), np.float64(6450159.8293), np.float64(26.193000000000012))",TP,1.6459211545422003
3,125.0,Aspen,23.05,66.0,25.2,0.0,,POINT (546638.775015 6450163.20746999),"(np.float64(546638.775015), np.float64(6450163.20746999))","(np.float64(546639.634), np.float64(6450162.4133), np.float64(24.67999999999998))",TP,1.1698552056600102
3,179.0,Tilia,26.1,,,0.0,,POINT (546638.899813 6450134.26272),"(np.float64(546638.899813), np.float64(6450134.26272))","(np.float64(546638.334), np.float64(6450134.0013), np.float64(8.727000000000004))",TP,0.6232854622957047
3,146.0,Aspen,33.75,,,0.0,,POINT (546639.498442 6450156.88202),"(np.float64(546639.498442), np.float64(6450156.88202))","(np.float64(546639.728), np.float64(6450156.4043), np.float64(27.09899999999999))",TP,0.5300125229714416
3,145.0,Aspen,16.55,,,0.0,,POINT (546639.573826999 6450160.88733),"(np.float64(546639.573826999), np.float64(6450160.88733))","(np.float64(546640.125), np.float64(6450161.0803), np.float64(5.688999999999993))",TP,0.5839769666623144
3,80.0,Alder,26.25,,,0.0,,POINT (546639.641224 6450180.44777),"(np.float64(546639.641224), np.float64(6450180.44777))","(np.float64(546637.851), np.float64(6450179.2963), np.float64(11.844999999999999))",TP,2.128564101227522
3,166.0,Fir,35.55,,25.2,0.0,,POINT (546640.740054999 6450142.04014999),"(np.float64(546640.740054999), np.float64(6450142.04014999))","(np.float64(546642.364), np.float64(6450142.5583), np.float64(25.602000000000004))",TP,1.7046045873053037
3,165.0,Alder,24.8,,,0.0,,POINT (546641.817633999 6450146.60941999),"(np.float64(546641.817633999), np.float64(6450146.60941999))","(np.float64(546640.837), np.float64(6450147.5193), np.float64(9.238))",TP,1.3377311656766393
3,87.0,Spruce,34.95,,25.4,0.0,,POINT (546642.110145 6450176.87662999),"(np.float64(546642.110145), np.float64(6450176.87662999))",,FN,
3,161.0,Alder,24.4,,,0.0,,POINT (546642.254196 6450155.41354),"(np.float64(546642.254196), np.float64(6450155.41354))","(np.float64(546642.182), np.float64(6450155.2183), np.float64(26.042))",TP,0.20816080351962113
3,81.0,Spruce,18.15,62.0,16.3,0.0,,POINT (546642.361875999 6450182.70634),"(np.float64(546642.361875999), np.float64(6450182.70634))",,FN,
3,160.0,Aspen,28.55,,,0.0,,POINT (546642.607982999 6450156.70402),"(np.float64(546642.607982999), np.float64(6450156.70402))","(np.float64(546641.525), np.float64(6450156.7073), np.float64(5.3870000000000005))",TP,1.0829879659331407
3,180.0,Aspen,14.95,,,0.0,,POINT (546642.84654 6450130.72982999),"(np.float64(546642.84654), np.float64(6450130.72982999))",,FN,
3,181.0,Aspen,41.7,,,0.0,,POINT (546642.910257 6450131.33389),"(np.float64(546642.910257), np.float64(6450131.33389))",,FN,
3,183.0,Tilia,19.9,,,0.0,,POINT (546642.929142 6450132.50874),"(np.float64(546642.929142), np.float64(6450132.50874))","(np.float64(546642.638), np.float64(6450134.0183), np.float64(7.950999999999993))",TP,1.5373792815731542
3,86.0,Spruce,33.2,,25.1,0.0,,POINT (546643.229991 6450175.24041999),"(np.float64(546643.229991), np.float64(6450175.24041999))","(np.float64(546642.643), np.float64(6450174.4993), np.float64(25.01400000000001))",TP,0.9454190995699512
3,128.0,Aspen,30.8,,,0.0,,POINT (546643.430013 6450169.0184),"(np.float64(546643.430013), np.float64(6450169.0184))","(np.float64(546643.211), np.float64(6450168.6593), np.float64(7.13300000000001))",TP,0.42061800268222743
3,182.0,Aspen,38.95,65.0,29.4,0.0,,POINT (546643.531775 6450131.29889),"(np.float64(546643.531775), np.float64(6450131.29889))","(np.float64(546645.512), np.float64(6450129.8023), np.float64(29.443000000000012))",TP,2.4821508173857074
3,147.0,Aspen,33.2,,,0.0,,POINT (546643.819665999 6450157.54566),"(np.float64(546643.819665999), np.float64(6450157.54566))","(np.float64(546644.942), np.float64(6450158.1893), np.float64(26.120000000000005))",TP,1.2937952151289485
3,82.0,Spruce,12.7,,12.8,0.0,,POINT (546643.930156999 6450177.04939999),"(np.float64(546643.930156999), np.float64(6450177.04939999))",,FN,
3,144.0,Aspen,20.05,,24.8,0.0,,POINT (546644.335413999 6450162.44099999),"(np.float64(546644.335413999), np.float64(6450162.44099999))",,FN,
3,186.0,Fir,19.1,,,70.0,,POINT (546644.397955 6450140.76018999),"(np.float64(546644.397955), np.float64(6450140.76018999))",,FN,
3,83.0,Spruce,14.55,,11.1,0.0,,POINT (546644.48632 6450175.68628),"(np.float64(546644.48632), np.float64(6450175.68628))",,FN,
3,84.0,Fir,13.05,,,0.0,Two tops,POINT (546644.636902999 6450175.28581),"(np.float64(546644.636902999), np.float64(6450175.28581))","(np.float64(546643.461), np.float64(6450176.6903), np.float64(5.949000000000012))",TP,1.831758723782192
3,143.0,Aspen,15.2,,,0.0,,POINT (546644.63895 6450165.21657999),"(np.float64(546644.63895), np.float64(6450165.21657999))","(np.float64(546645.881), np.float64(6450164.4493), np.float64(15.502999999999986))",TP,1.4599338291795878
3,184.0,Fir,29.55,,25.9,0.0,,POINT (546644.876244 6450132.81048),"(np.float64(546644.876244), np.float64(6450132.81048))",,FN,
3,159.0,Alder,26.6,,,0.0,,POINT (546645.084004999 6450150.96148),"(np.float64(546645.084004999), np.float64(6450150.96148))","(np.float64(546645.649), np.float64(6450151.7083), np.float64(15.768999999999977))",TP,0.9364611382770851
3,185.0,Aspen,45.25,,,0.0,,POINT (546645.319849999 6450139.00415),"(np.float64(546645.319849999), np.float64(6450139.00415))","(np.float64(546645.344), np.float64(6450138.7273), np.float64(15.59299999999999))",TP,0.2779013225257768
3,85.0,Aspen,29.1,,,0.0,,POINT (546645.631748 6450174.27269),"(np.float64(546645.631748), np.float64(6450174.27269))","(np.float64(546644.933), np.float64(6450173.1173), np.float64(24.681999999999988))",TP,1.350249910072905
3,148.0,Alder,17.55,,,0.0,,POINT (546646.035131999 6450159.11225),"(np.float64(546646.035131999), np.float64(6450159.11225))",,FN,
3,141.0,Alder,21.5,,,0.0,,POINT (546646.151318 6450167.58447999),"(np.float64(546646.151318), np.float64(6450167.58447999))","(np.float64(546647.302), np.float64(6450166.9483), np.float64(13.982))",TP,1.3148361285426284
3,158.0,Alder,19.45,,,0.0,,POINT (546646.752863 6450153.73902),"(np.float64(546646.752863), np.float64(6450153.73902))","(np.float64(546645.746), np.float64(6450152.8943), np.float64(7.040999999999997))",TP,1.314277360309501
3,157.0,Fir,14.7,,,0.0,,POINT (546647.215978999 6450149.01396999),"(np.float64(546647.215978999), np.float64(6450149.01396999))",,FN,
3,129.0,Fir,11.15,,,0.0,,POINT (546647.425241 6450174.84893999),"(np.float64(546647.425241), np.float64(6450174.84893999))","(np.float64(546650.243), np.float64(6450175.1053), np.float64(6.085999999999984))",TP,2.8293967973616923
3,187.0,Aspen,23.25,,,0.0,,POINT (546647.684115999 6450136.76186),"(np.float64(546647.684115999), np.float64(6450136.76186))","(np.float64(546649.461), np.float64(6450138.0983), np.float64(8.450000000000017))",TP,2.2233732538373983
3,156.0,Alder,24.65,,,80.0,,POINT (546647.868234999 6450150.14463),"(np.float64(546647.868234999), np.float64(6450150.14463))","(np.float64(546648.303), np.float64(6450149.5653), np.float64(14.988999999999976))",TP,0.7243230322556448
3,142.0,Alder,16.1,,,0.0,,POINT (546648.33658 6450164.34793999),"(np.float64(546648.33658), np.float64(6450164.34793999))",,FN,
3,189.0,Aspen,37.15,,,0.0,,POINT (546648.772928999 6450130.76859),"(np.float64(546648.772928999), np.float64(6450130.76859))",,FN,
3,188.0,Aspen,21.5,,,0.0,,POINT (546648.805029 6450132.70332),"(np.float64(546648.805029), np.float64(6450132.70332))","(np.float64(546648.4), np.float64(6450133.5813), np.float64(5.882000000000005))",TP,0.9669009102356851
3,190.0,Aspen,31.05,,,0.0,,POINT (546649.771647999 6450130.86754999),"(np.float64(546649.771647999), np.float64(6450130.86754999))","(np.float64(546650.312), np.float64(6450129.7793), np.float64(30.504999999999995))",TP,1.2150178300642973
3,195.0,Aspen,37.0,75.0,32.6,0.0,,POINT (546649.856378 6450138.31615),"(np.float64(546649.856378), np.float64(6450138.31615))",,FN,
3,196.0,Aspen,46.9,,32.5,0.0,,POINT (546649.889014999 6450140.15986),"(np.float64(546649.889014999), np.float64(6450140.15986))","(np.float64(546651.575), np.float64(6450141.2953), np.float64(29.841000000000008))",TP,2.032675433433679
3,149.0,Spruce,32.65,,,0.0,,POINT (546649.937742999 6450161.66985999),"(np.float64(546649.937742999), np.float64(6450161.66985999))","(np.float64(546649.645), np.float64(6450162.3003), np.float64(9.72999999999999))",TP,0.6950921309894109
3,191.0,Aspen,31.95,,,0.0,,POINT (546650.098992999 6450132.93955),"(np.float64(546650.098992999), np.float64(6450132.93955))","(np.float64(546650.135), np.float64(6450133.9263), np.float64(8.488))",TP,0.9874067383477048
3,194.0,Aspen,37.45,82.0,32.1,0.0,,POINT (546650.20379 6450138.21454999),"(np.float64(546650.20379), np.float64(6450138.21454999))","(np.float64(546650.472), np.float64(6450137.7623), np.float64(30.852000000000004))",TP,0.5258009682375874
3,155.0,Alder,23.5,,,0.0,,POINT (546650.271607 6450150.68948999),"(np.float64(546650.271607), np.float64(6450150.68948999))","(np.float64(546649.735), np.float64(6450150.8573), np.float64(22.548000000000002))",TP,0.5622341791432817
3,150.0,Fir,36.7,,,0.0,,POINT (546650.335619 6450162.71659999),"(np.float64(546650.335619), np.float64(6450162.71659999))",,FN,
3,272.0,Spruce,27.15,,24.3,0.0,,POINT (546651.805875999 6450125.95022),"(np.float64(546651.805875999), np.float64(6450125.95022))",,FN,
3,151.0,Fir,14.2,,,0.0,,POINT (546651.902535 6450162.57438999),"(np.float64(546651.902535), np.float64(6450162.57438999))","(np.float64(546652.056), np.float64(6450161.7073), np.float64(12.316000000000003))",TP,0.8805660440253049
3,133.0,Fir,13.75,,,0.0,,POINT (546651.918673999 6450171.85333),"(np.float64(546651.918673999), np.float64(6450171.85333))",,FN,
3,193.0,Aspen,31.85,,,0.0,,POINT (546653.018197 6450134.35981999),"(np.float64(546653.018197), np.float64(6450134.35981999))",,FN,
3,154.0,Fir,13.5,,,0.0,,POINT (546653.027291 6450154.16665999),"(np.float64(546653.027291), np.float64(6450154.16665999))","(np.float64(546654.62), np.float64(6450155.2183), np.float64(14.646000000000015))",TP,1.9085776558067367
3,140.0,Birch,26.05,,,80.0,,POINT (546653.461065 6450166.01678999),"(np.float64(546653.461065), np.float64(6450166.01678999))","(np.float64(546654.174), np.float64(6450165.4883), np.float64(24.974000000000018))",TP,0.887455904753641
3,192.0,Fir,13.0,,,0.0,,POINT (546653.67494 6450133.96521),"(np.float64(546653.67494), np.float64(6450133.96521))",,FN,
3,260.0,Fir,12.1,,,0.0,,POINT (546654.360670999 6450132.82304),"(np.float64(546654.360670999), np.float64(6450132.82304))","(np.float64(546653.961), np.float64(6450132.8543), np.float64(13.338999999999999))",TP,0.40089162505906234
3,138.0,Birch,17.55,51.0,21.5,0.0,,POINT (546654.484656 6450163.36998999),"(np.float64(546654.484656), np.float64(6450163.36998999))",,FN,
3,153.0,Alder,22.0,,,80.0,,POINT (546654.569182 6450158.23797),"(np.float64(546654.569182), np.float64(6450158.23797))","(np.float64(546656.157), np.float64(6450155.8603), np.float64(10.260999999999996))",TP,2.8591048654229243
3,152.0,Spruce,28.2,,,0.0,,POINT (546654.630907 6450161.08234999),"(np.float64(546654.630907), np.float64(6450161.08234999))","(np.float64(546654.986), np.float64(6450163.4743), np.float64(8.019000000000005))",TP,2.4181637435298318
3,131.0,Fir,11.9,,,0.0,,POINT (546654.655699 6450173.76159),"(np.float64(546654.655699), np.float64(6450173.76159))",,FN,
3,137.0,Aspen,25.5,,,0.0,,POINT (546654.785187999 6450166.82261),"(np.float64(546654.785187999), np.float64(6450166.82261))","(np.float64(546654.785), np.float64(6450167.2423), np.float64(18.048000000000002))",TP,0.4196900420001214
3,134.0,Birch,37.05,,25.5,0.0,,POINT (546654.796922 6450169.60577999),"(np.float64(546654.796922), np.float64(6450169.60577999))","(np.float64(546652.853), np.float64(6450169.4403), np.float64(24.59099999999998))",TP,1.9509526824362569
3,135.0,Fir,18.6,,,0.0,,POINT (546654.942533 6450168.39828),"(np.float64(546654.942533), np.float64(6450168.39828))",,FN,
3,271.0,Aspen,35.6,,,80.0,,POINT (546655.124000999 6450124.62471),"(np.float64(546655.124000999), np.float64(6450124.62471))",,FN,
3,262.0,Aspen,22.8,,,0.0,,POINT (546655.238195999 6450127.00019),"(np.float64(546655.238195999), np.float64(6450127.00019))","(np.float64(546656.385), np.float64(6450126.1643), np.float64(6.108000000000004))",TP,1.4191094068290575
3,132.0,Fir,11.95,,,0.0,,POINT (546655.475248 6450171.48711999),"(np.float64(546655.475248), np.float64(6450171.48711999))","(np.float64(546655.574), np.float64(6450171.1273), np.float64(12.730000000000018))",TP,0.37312515746181996
3,130.0,Fir,13.05,,,0.0,,POINT (546655.505216 6450176.15123999),"(np.float64(546655.505216), np.float64(6450176.15123999))","(np.float64(546653.804), np.float64(6450175.9203), np.float64(9.82899999999998))",TP,1.7168194889531436
3,201.0,Fir,36.0,,27.1,0.0,,POINT (546656.027068999 6450148.51327999),"(np.float64(546656.027068999), np.float64(6450148.51327999))","(np.float64(546655.653), np.float64(6450147.8433), np.float64(26.944000000000017))",TP,0.7673335673636718
3,261.0,Aspen,27.35,67.0,29.0,0.0,,POINT (546656.371886 6450127.90507999),"(np.float64(546656.371886), np.float64(6450127.90507999))","(np.float64(546657.596), np.float64(6450128.9473), np.float64(29.56400000000002))",TP,1.6076932652335185
3,259.0,Aspen,30.45,,,0.0,,POINT (546656.514669999 6450131.25021999),"(np.float64(546656.514669999), np.float64(6450131.25021999))","(np.float64(546657.607), np.float64(6450131.4843), np.float64(29.691000000000003))",TP,1.117129483135592
3,205.0,Spruce,32.0,,26.1,0.0,,POINT (546656.994108999 6450151.99218999),"(np.float64(546656.994108999), np.float64(6450151.99218999))","(np.float64(546657.114), np.float64(6450151.4463), np.float64(25.724999999999994))",TP,0.5589004685300719
3,202.0,Birch,21.45,,,0.0,,POINT (546657.472654 6450148.53804999),"(np.float64(546657.472654), np.float64(6450148.53804999))",,FN,
3,252.0,Aspen,22.7,62.0,27.5,0.0,,POINT (546657.532480999 6450134.96334),"(np.float64(546657.532480999), np.float64(6450134.96334))","(np.float64(546655.388), np.float64(6450136.2583), np.float64(30.342000000000013))",TP,2.505138749768556
3,198.0,Aspen,21.0,,,0.0,,POINT (546657.906141999 6450140.60106),"(np.float64(546657.906141999), np.float64(6450140.60106))","(np.float64(546659.346), np.float64(6450140.2803), np.float64(7.586999999999989))",TP,1.4751535652866405
3,203.0,Birch,24.7,68.0,22.1,0.0,,POINT (546657.915484 6450148.83497),"(np.float64(546657.915484), np.float64(6450148.83497))",,FN,
3,204.0,Birch,16.15,61.0,24.6,0.0,,POINT (546658.300288 6450149.44187),"(np.float64(546658.300288), np.float64(6450149.44187))","(np.float64(546659.279), np.float64(6450149.5353), np.float64(23.99799999999999))",TP,0.983161402641672
3,139.0,Fir,12.05,,,0.0,,POINT (546658.300748 6450164.02855999),"(np.float64(546658.300748), np.float64(6450164.02855999))","(np.float64(546657.888), np.float64(6450164.5693), np.float64(6.421999999999997))",TP,0.6802651462988484
3,270.0,Aspen,39.8,,,0.0,,POINT (546658.505892 6450123.28418),"(np.float64(546658.505892), np.float64(6450123.28418))","(np.float64(546658.31), np.float64(6450123.7523), np.float64(8.556000000000012))",TP,0.5074544408043833
3,197.0,Aspen,21.5,,,0.0,,POINT (546658.617781999 6450138.39534),"(np.float64(546658.617781999), np.float64(6450138.39534))","(np.float64(546659.083), np.float64(6450138.2883), np.float64(28.521000000000015))",TP,0.47737338637586857
3,199.0,Aspen,26.85,,30.8,0.0,,POINT (546659.304577999 6450143.47896),"(np.float64(546659.304577999), np.float64(6450143.47896))","(np.float64(546659.805), np.float64(6450143.6833), np.float64(30.34700000000001))",TP,0.5405340087042958
3,209.0,Aspen,36.0,,,0.0,,POINT (546659.504321999 6450157.21152),"(np.float64(546659.504321999), np.float64(6450157.21152))","(np.float64(546658.704), np.float64(6450157.0293), np.float64(11.852000000000004))",TP,0.8208041366701759
3,200.0,Fir,13.45,,,0.0,,POINT (546659.889404 6450146.76097999),"(np.float64(546659.889404), np.float64(6450146.76097999))","(np.float64(546662.116), np.float64(6450145.8923), np.float64(12.891999999999996))",TP,2.390049093811421
3,210.0,Aspen,28.55,,,0.0,,POINT (546660.085266 6450162.49186),"(np.float64(546660.085266), np.float64(6450162.49186))","(np.float64(546659.439), np.float64(6450162.7003), np.float64(12.337999999999994))",TP,0.6790485815039126
3,269.0,Aspen,17.55,,,0.0,,POINT (546660.337046999 6450126.40417999),"(np.float64(546660.337046999), np.float64(6450126.40417999))",,FN,
3,265.0,Aspen,30.4,,28.9,0.0,,POINT (546660.777496 6450131.95179),"(np.float64(546660.777496), np.float64(6450131.95179))",,FN,
3,251.0,Aspen,24.55,,,0.0,,POINT (546660.865727999 6450136.291),"(np.float64(546660.865727999), np.float64(6450136.291))",,FN,
3,273.0,Aspen,26.1,,,0.0,,POINT (546660.919285999 6450121.23613),"(np.float64(546660.919285999), np.float64(6450121.23613))","(np.float64(546659.905), np.float64(6450121.1623), np.float64(5.241000000000014))",TP,1.0169694964392506
3,218.0,Aspen,24.7,,,0.0,,POINT (546661.189677 6450168.91693999),"(np.float64(546661.189677), np.float64(6450168.91693999))","(np.float64(546660.388), np.float64(6450168.5813), np.float64(17.836000000000013))",TP,0.869103109641846
3,263.0,Aspen,33.2,,,0.0,,POINT (546661.628574999 6450129.64781999),"(np.float64(546661.628574999), np.float64(6450129.64781999))","(np.float64(546661.155), np.float64(6450128.3293), np.float64(6.325000000000017))",TP,1.4009883095950266
3,208.0,Aspen,34.5,,,0.0,,POINT (546662.024265 6450153.70356),"(np.float64(546662.024265), np.float64(6450153.70356))","(np.float64(546660.997), np.float64(6450152.6433), np.float64(25.564999999999998))",TP,1.476287454821317
3,246.0,Birch,14.9,,,0.0,,POINT (546662.078951 6450140.56768999),"(np.float64(546662.078951), np.float64(6450140.56768999))",,FN,
3,253.0,Aspen,23.25,,,0.0,,POINT (546662.224623 6450135.36998),"(np.float64(546662.224623), np.float64(6450135.36998))","(np.float64(546661.236), np.float64(6450134.4263), np.float64(29.345))",TP,1.3667140804370859
3,206.0,Birch,12.75,,19.2,0.0,,POINT (546662.226674 6450149.55877999),"(np.float64(546662.226674), np.float64(6450149.55877999))",,FN,
3,217.0,Fir,12.55,,,0.0,,POINT (546662.242930999 6450165.87562),"(np.float64(546662.242930999), np.float64(6450165.87562))","(np.float64(546661.794), np.float64(6450165.6983), np.float64(12.185000000000002))",TP,0.48268149354901957
3,268.0,Aspen,30.05,,29.8,0.0,,POINT (546662.490595999 6450125.72245999),"(np.float64(546662.490595999), np.float64(6450125.72245999))","(np.float64(546662.388), np.float64(6450124.4823), np.float64(29.897999999999996))",TP,1.2443965357400457
3,255.0,Aspen,23.65,56.0,29.2,0.0,,POINT (546662.577352 6450131.49280999),"(np.float64(546662.577352), np.float64(6450131.49280999))",,FN,
3,207.0,Elm,29.85,,15.0,0.0,,POINT (546662.770066 6450152.62744),"(np.float64(546662.770066), np.float64(6450152.62744))","(np.float64(546663.464), np.float64(6450152.6713), np.float64(12.01000000000002))",TP,0.6953187009541899
3,211.0,Fir,31.5,,26.5,0.0,,POINT (546662.843331999 6450162.10047999),"(np.float64(546662.843331999), np.float64(6450162.10047999))","(np.float64(546663.015), np.float64(6450161.4023), np.float64(26.676999999999992))",TP,0.7189751046265916
3,248.0,Aspen,41.7,,,0.0,,POINT (546662.901443999 6450138.52651),"(np.float64(546662.901443999), np.float64(6450138.52651))","(np.float64(546662.486), np.float64(6450137.9903), np.float64(29.80000000000001))",TP,0.6783176843873819
3,216.0,Aspen,34.75,,,0.0,,POINT (546662.972136999 6450165.0738),"(np.float64(546662.972136999), np.float64(6450165.0738))","(np.float64(546663.942), np.float64(6450165.3743), np.float64(5.350000000000023))",TP,1.015349442651775
3,254.0,Aspen,30.9,,,0.0,,POINT (546663.117281 6450132.10620999),"(np.float64(546663.117281), np.float64(6450132.10620999))","(np.float64(546664.223), np.float64(6450132.1913), np.float64(19.380000000000024))",TP,1.108988195068624
3,274.0,Aspen,30.45,,,0.0,,POINT (546663.302567 6450121.04779999),"(np.float64(546663.302567), np.float64(6450121.04779999))","(np.float64(546662.807), np.float64(6450121.6373), np.float64(9.832999999999998))",TP,0.7701278551645548
3,267.0,Aspen,25.85,,,0.0,,POINT (546664.238382 6450124.9324),"(np.float64(546664.238382), np.float64(6450124.9324))","(np.float64(546664.329), np.float64(6450124.8863), np.float64(14.90300000000002))",TP,0.10167021156454852
3,249.0,Aspen,18.4,,,0.0,,POINT (546664.336642 6450136.25952),"(np.float64(546664.336642), np.float64(6450136.25952))","(np.float64(546664.673), np.float64(6450136.6493), np.float64(6.382000000000005))",TP,0.5148447847749134
3,215.0,Spruce,18.8,,,0.0,,POINT (546664.730828 6450163.29829999),"(np.float64(546664.730828), np.float64(6450163.29829999))",,FN,
3,247.0,Aspen,14.15,,,0.0,,POINT (546664.828864 6450142.20799999),"(np.float64(546664.828864), np.float64(6450142.20799999))","(np.float64(546665.18), np.float64(6450140.9443), np.float64(30.680999999999983))",TP,1.3115769733388036
3,266.0,Aspen,20.1,,,80.0,,POINT (546664.854096999 6450123.30815999),"(np.float64(546664.854096999), np.float64(6450123.30815999))","(np.float64(546664.187), np.float64(6450122.1643), np.float64(11.316000000000003))",TP,1.324172980646357
3,275.0,Aspen,38.35,,,0.0,,POINT (546665.287535 6450117.48343999),"(np.float64(546665.287535), np.float64(6450117.48343999))","(np.float64(546664.142), np.float64(6450118.5343), np.float64(7.102000000000004))",TP,1.5545279659970617
3,264.0,Aspen,30.35,,,0.0,,POINT (546665.569074 6450127.96726999),"(np.float64(546665.569074), np.float64(6450127.96726999))","(np.float64(546665.834), np.float64(6450128.6793), np.float64(16.377999999999986))",TP,0.7597187117993601
3,250.0,Aspen,35.15,,31.1,0.0,,POINT (546665.586525 6450135.64797999),"(np.float64(546665.586525), np.float64(6450135.64797999))",,FN,
3,236.0,Fir,25.0,71.0,24.9,0.0,,POINT (546665.876687 6450151.27233),"(np.float64(546665.876687), np.float64(6450151.27233))","(np.float64(546666.012), np.float64(6450150.6463), np.float64(25.13300000000001))",TP,0.6404866655623009
3,212.0,Fir,28.0,,,0.0,,POINT (546665.895299999 6450159.83413999),"(np.float64(546665.895299999), np.float64(6450159.83413999))",,FN,
3,276.0,Aspen,12.9,,,0.0,,POINT (546665.896251 6450118.26975),"(np.float64(546665.896251), np.float64(6450118.26975))",,FN,
3,136.0,Aspen,15.45,,19.9,0.0,,POINT (546665.909859 6450151.2828),"(np.float64(546665.909859), np.float64(6450151.2828))",,FN,
3,277.0,Aspen,17.05,,,0.0,,POINT (546666.042037999 6450120.37067999),"(np.float64(546666.042037999), np.float64(6450120.37067999))",,FN,
3,256.0,Aspen,29.7,,,0.0,,POINT (546666.11384 6450132.73912999),"(np.float64(546666.11384), np.float64(6450132.73912999))",,FN,
3,213.0,Aspen,34.95,,,0.0,,POINT (546666.388395 6450161.95148999),"(np.float64(546666.388395), np.float64(6450161.95148999))",,FN,
3,219.0,Fir,5.6,,,0.0,,POINT (546666.862290999 6450164.80324),"(np.float64(546666.862290999), np.float64(6450164.80324))",,FN,
3,258.0,Birch,16.25,,,80.0,,POINT (546666.895873 6450131.73943),"(np.float64(546666.895873), np.float64(6450131.73943))","(np.float64(546666.871), np.float64(6450131.4763), np.float64(30.820999999999998))",TP,0.2643029756837691
3,214.0,Spruce,17.6,,,0.0,,POINT (546667.174730999 6450163.086),"(np.float64(546667.174730999), np.float64(6450163.086))","(np.float64(546667.152), np.float64(6450162.9443), np.float64(25.955000000000013))",TP,0.14351163179289528
3,257.0,Aspen,16.75,,,0.0,,POINT (546667.745032 6450132.42686999),"(np.float64(546667.745032), np.float64(6450132.42686999))",,FN,
3,279.0,Aspen,25.85,,,0.0,,POINT (546667.914108 6450124.09307),"(np.float64(546667.914108), np.float64(6450124.09307))","(np.float64(546667.8), np.float64(6450124.0113), np.float64(6.637999999999977))",TP,0.14038151075046837
3,231.0,Fir,15.45,,,0.0,,POINT (546667.923686 6450156.48209999),"(np.float64(546667.923686), np.float64(6450156.48209999))","(np.float64(546667.989), np.float64(6450157.3523), np.float64(12.376000000000005))",TP,0.8726476814926507
3,281.0,Aspen,23.55,,,0.0,,POINT (546668.143537 6450127.22879),"(np.float64(546668.143537), np.float64(6450127.22879))","(np.float64(546668.991), np.float64(6450127.5333), np.float64(9.75800000000001))",TP,0.9005108975131353
3,220.0,Fir,13.85,,,0.0,,POINT (546668.316143 6450164.34681),"(np.float64(546668.316143), np.float64(6450164.34681))",,FN,
3,221.0,Birch,16.55,44.0,23.6,0.0,,POINT (546668.426908 6450167.81548),"(np.float64(546668.426908), np.float64(6450167.81548))",,FN,
3,235.0,Fir,12.05,,,0.0,,POINT (546668.446082 6450151.21403),"(np.float64(546668.446082), np.float64(6450151.21403))","(np.float64(546668.432), np.float64(6450152.3793), np.float64(6.7949999999999875))",TP,1.1653550854036907
3,245.0,Aspen,22.85,,,0.0,,POINT (546669.045755999 6450138.24770999),"(np.float64(546669.045755999), np.float64(6450138.24770999))","(np.float64(546669.38), np.float64(6450139.2463), np.float64(11.068999999999988))",TP,1.0530437126180598
3,288.0,Aspen,27.2,,30.0,0.0,,POINT (546669.720188 6450133.72728999),"(np.float64(546669.720188), np.float64(6450133.72728999))",,FN,
3,280.0,Aspen,14.55,,,0.0,,POINT (546669.852358 6450125.83514999),"(np.float64(546669.852358), np.float64(6450125.83514999))","(np.float64(546669.007), np.float64(6450126.0643), np.float64(29.236999999999995))",TP,0.875865215075859
3,239.0,Fir,20.15,,,0.0,,POINT (546670.085479 6450146.80810999),"(np.float64(546670.085479), np.float64(6450146.80810999))","(np.float64(546670.054), np.float64(6450146.5113), np.float64(11.810999999999979))",TP,0.2984746179833463
3,230.0,Aspen,29.3,,,0.0,,POINT (546670.157901 6450156.97525999),"(np.float64(546670.157901), np.float64(6450156.97525999))","(np.float64(546670.814), np.float64(6450156.5753), np.float64(7.9739999999999895))",TP,0.7683969625293738
3,286.0,Aspen,16.15,,,0.0,,POINT (546670.542894999 6450130.03158999),"(np.float64(546670.542894999), np.float64(6450130.03158999))","(np.float64(546672.444), np.float64(6450130.1783), np.float64(6.008999999999986))",TP,1.9067574706508759
3,238.0,Aspen,18.85,,,0.0,,POINT (546670.59406 6450147.64903999),"(np.float64(546670.59406), np.float64(6450147.64903999))",,FN,
3,244.0,Aspen,32.1,,,0.0,,POINT (546670.668013 6450137.06849),"(np.float64(546670.668013), np.float64(6450137.06849))","(np.float64(546671.65), np.float64(6450135.9163), np.float64(9.061000000000007))",TP,1.5138825139201346
3,287.0,Aspen,24.05,,,0.0,,POINT (546671.315729 6450133.31259),"(np.float64(546671.315729), np.float64(6450133.31259))","(np.float64(546670.49), np.float64(6450132.8573), np.float64(30.120000000000005))",TP,0.9429302018462336
3,278.0,Aspen,34.05,,30.8,0.0,,POINT (546671.356839 6450121.99547),"(np.float64(546671.356839), np.float64(6450121.99547))","(np.float64(546671.614), np.float64(6450119.8783), np.float64(30.21799999999999))",TP,2.1327307825144612
3,237.0,Fir,14.1,,,0.0,,POINT (546671.714094 6450155.046),"(np.float64(546671.714094), np.float64(6450155.046))",,FN,
3,229.0,Fir,15.0,57.0,16.0,0.0,,POINT (546671.75289 6450156.0285),"(np.float64(546671.75289), np.float64(6450156.0285))",,FN,
3,225.0,Fir,21.55,,,0.0,,POINT (546671.918429999 6450162.90472999),"(np.float64(546671.918429999), np.float64(6450162.90472999))",,FN,
3,234.0,Aspen,22.9,,,0.0,,POINT (546671.991332 6450150.57895999),"(np.float64(546671.991332), np.float64(6450150.57895999))","(np.float64(546671.319), np.float64(6450151.1893), np.float64(10.34899999999999))",TP,0.9080447375181763
3,282.0,Aspen,25.9,,,0.0,,POINT (546672.048913 6450124.91872),"(np.float64(546672.048913), np.float64(6450124.91872))",,FN,
3,222.0,Fir,15.85,,,0.0,,POINT (546672.053842999 6450167.1601),"(np.float64(546672.053842999), np.float64(6450167.1601))",,FN,
3,290.0,Aspen,31.25,,31.3,0.0,,POINT (546672.114126999 6450136.25514),"(np.float64(546672.114126999), np.float64(6450136.25514))","(np.float64(546672.851), np.float64(6450135.8523), np.float64(30.195999999999998))",TP,0.8397987168858093
3,283.0,Aspen,21.7,,,0.0,,POINT (546672.956812 6450124.59408999),"(np.float64(546672.956812), np.float64(6450124.59408999))","(np.float64(546673.929), np.float64(6450126.0913), np.float64(30.018))",TP,1.785157506780009
3,228.0,Birch,18.35,,,0.0,,POINT (546673.014471999 6450156.24125),"(np.float64(546673.014471999), np.float64(6450156.24125))","(np.float64(546673.884), np.float64(6450155.4623), np.float64(8.697999999999979))",TP,1.1674082607231022
3,289.0,Aspen,26.15,,,0.0,,POINT (546673.202565 6450134.78046),"(np.float64(546673.202565), np.float64(6450134.78046))",,FN,
3,227.0,Aspen,33.65,,,0.0,,POINT (546673.312054999 6450161.1281),"(np.float64(546673.312054999), np.float64(6450161.1281))","(np.float64(546673.343), np.float64(6450161.2403), np.float64(17.909999999999997))",TP,0.11638914445332071
3,332.0,Aspen,20.65,,,0.0,,POINT (546673.405279 6450116.40682),"(np.float64(546673.405279), np.float64(6450116.40682))",,FN,
3,240.0,Fir,16.9,,,0.0,,POINT (546673.508901 6450146.86909),"(np.float64(546673.508901), np.float64(6450146.86909))","(np.float64(546672.597), np.float64(6450146.9793), np.float64(14.653999999999996))",TP,0.9185367047352675
3,243.0,Spruce,25.1,,,0.0,,POINT (546673.578432 6450143.16849999),"(np.float64(546673.578432), np.float64(6450143.16849999))",,FN,
3,226.0,Fir,18.55,,,0.0,,POINT (546673.592131 6450161.44163999),"(np.float64(546673.592131), np.float64(6450161.44163999))",,FN,
3,224.0,Fir,21.75,,,0.0,,POINT (546673.679952 6450163.04743),"(np.float64(546673.679952), np.float64(6450163.04743))","(np.float64(546672.804), np.float64(6450164.0183), np.float64(17.784999999999997))",TP,1.3076239757869104
3,242.0,Fir,15.95,,,0.0,,POINT (546673.944781 6450143.8717),"(np.float64(546673.944781), np.float64(6450143.8717))","(np.float64(546674.176), np.float64(6450144.6203), np.float64(28.77800000000002))",TP,0.7834948534071734
3,241.0,Birch,46.9,80.0,29.8,0.0,,POINT (546674.063012999 6450145.56501999),"(np.float64(546674.063012999), np.float64(6450145.56501999))",,FN,
3,233.0,Spruce,26.5,70.0,25.4,0.0,,POINT (546674.094851 6450149.66103999),"(np.float64(546674.094851), np.float64(6450149.66103999))","(np.float64(546676.657), np.float64(6450148.7793), np.float64(28.16500000000002))",TP,2.7096259722656795
3,284.0,Aspen,29.2,,,0.0,,POINT (546674.101330999 6450128.03914),"(np.float64(546674.101330999), np.float64(6450128.03914))","(np.float64(546673.234), np.float64(6450128.5063), np.float64(20.14099999999999))",TP,0.9851403590283724
3,330.0,Aspen,23.0,,,80.0,,POINT (546674.205521999 6450119.52637),"(np.float64(546674.205521999), np.float64(6450119.52637))",,FN,
3,232.0,Aspen,17.0,,,0.0,,POINT (546674.394175 6450152.47859),"(np.float64(546674.394175), np.float64(6450152.47859))","(np.float64(546676.545), np.float64(6450153.8973), np.float64(23.574000000000012))",TP,2.5765842203332334
3,223.0,Aspen,34.15,,29.1,0.0,,POINT (546674.844136 6450165.47604),"(np.float64(546674.844136), np.float64(6450165.47604))","(np.float64(546674.068), np.float64(6450165.6283), np.float64(27.130000000000024))",TP,0.790929957804303
3,285.0,Aspen,31.45,,28.1,0.0,,POINT (546675.185885 6450129.4959),"(np.float64(546675.185885), np.float64(6450129.4959))","(np.float64(546675.935), np.float64(6450128.6583), np.float64(29.182999999999993))",TP,1.1237201802870491
3,291.0,Aspen,28.3,,,0.0,,POINT (546675.408555999 6450136.50421999),"(np.float64(546675.408555999), np.float64(6450136.50421999))","(np.float64(546675.285), np.float64(6450135.6893), np.float64(14.308999999999997))",TP,0.8242333867230305
3,331.0,Aspen,33.95,,,0.0,,POINT (546675.842521999 6450118.26888999),"(np.float64(546675.842521999), np.float64(6450118.26888999))",,FN,
3,328.0,Aspen,28.0,60.0,31.0,0.0,,POINT (546676.002474999 6450126.47738),"(np.float64(546676.002474999), np.float64(6450126.47738))",,FN,
3,329.0,Aspen,43.7,,,0.0,,POINT (546676.058089999 6450120.66674),"(np.float64(546676.058089999), np.float64(6450120.66674))","(np.float64(546676.249), np.float64(6450119.9263), np.float64(30.397999999999996))",TP,0.7646554922533634
3,299.0,Fir,20.5,,19.6,0.0,Rotten,POINT (546676.672556999 6450142.65369999),"(np.float64(546676.672556999), np.float64(6450142.65369999))",,FN,
3,295.0,Aspen,18.85,,,0.0,,POINT (546676.71175 6450136.63028999),"(np.float64(546676.71175), np.float64(6450136.63028999))","(np.float64(546677.567), np.float64(6450136.7343), np.float64(10.673000000000002))",TP,0.8615513011733184
3,296.0,Aspen,31.65,,,0.0,,POINT (546676.910384 6450139.34344999),"(np.float64(546676.910384), np.float64(6450139.34344999))","(np.float64(546678.126), np.float64(6450139.2163), np.float64(29.562000000000012))",TP,1.222247675134866
3,292.0,Aspen,33.6,,,0.0,,POINT (546677.2765 6450134.24591),"(np.float64(546677.2765), np.float64(6450134.24591))","(np.float64(546677.805), np.float64(6450134.4333), np.float64(12.486999999999995))",TP,0.5607381402904189
3,294.0,Tilia,15.4,,,0.0,,POINT (546677.416988 6450133.83959999),"(np.float64(546677.416988), np.float64(6450133.83959999))",,FN,
3,300.0,Birch,15.5,,,0.0,,POINT (546677.445863 6450143.78641999),"(np.float64(546677.445863), np.float64(6450143.78641999))",,FN,
3,327.0,Aspen,18.75,,,0.0,,POINT (546677.532155 6450126.63181999),"(np.float64(546677.532155), np.float64(6450126.63181999))","(np.float64(546678.371), np.float64(6450126.4863), np.float64(12.23599999999999))",TP,0.8513735970104345
3,307.0,Birch,24.0,,23.2,0.0,,POINT (546677.679384 6450149.16899999),"(np.float64(546677.679384), np.float64(6450149.16899999))",,FN,
3,293.0,Aspen,17.8,,,0.0,,POINT (546678.138301 6450131.98675999),"(np.float64(546678.138301), np.float64(6450131.98675999))","(np.float64(546678.257), np.float64(6450133.0193), np.float64(28.94799999999998))",TP,1.039340330940868
3,298.0,Birch,16.95,64.0,24.8,0.0,,POINT (546678.627176 6450141.43212999),"(np.float64(546678.627176), np.float64(6450141.43212999))",,FN,
3,313.0,Birch,11.55,,,0.0,,POINT (546679.354745 6450156.82942),"(np.float64(546679.354745), np.float64(6450156.82942))",,FN,
3,308.0,Birch,14.35,,,0.0,,POINT (546679.790318 6450151.75977),"(np.float64(546679.790318), np.float64(6450151.75977))",,FN,
3,312.0,Birch,15.05,,,80.0,,POINT (546679.792743999 6450154.89713),"(np.float64(546679.792743999), np.float64(6450154.89713))","(np.float64(546678.932), np.float64(6450155.5583), np.float64(14.15100000000001))",TP,1.0853690615583091
3,297.0,Aspen,17.3,,,0.0,,POINT (546679.823161 6450139.74168999),"(np.float64(546679.823161), np.float64(6450139.74168999))","(np.float64(546679.432), np.float64(6450138.5983), np.float64(16.625))",TP,1.2084484260504162
3,302.0,Birch,19.5,,,0.0,,POINT (546680.021363 6450143.85902999),"(np.float64(546680.021363), np.float64(6450143.85902999))","(np.float64(546678.841), np.float64(6450143.8803), np.float64(6.919000000000011))",TP,1.180554626085177
3,309.0,Aspen,12.7,,,50.0,,POINT (546680.240853999 6450152.10056999),"(np.float64(546680.240853999), np.float64(6450152.10056999))","(np.float64(546680.05), np.float64(6450152.7913), np.float64(8.22799999999998))",TP,0.7166123042349936
3,306.0,Aspen,33.85,,,0.0,,POINT (546680.513341999 6450147.29227999),"(np.float64(546680.513341999), np.float64(6450147.29227999))",,FN,
3,310.0,Aspen,29.95,,,0.0,,POINT (546680.759963999 6450152.10322999),"(np.float64(546680.759963999), np.float64(6450152.10322999))",,FN,
3,311.0,Aspen,29.4,,,0.0,,POINT (546680.930078 6450153.17187),"(np.float64(546680.930078), np.float64(6450153.17187))","(np.float64(546680.896), np.float64(6450153.8363), np.float64(25.96599999999998))",TP,0.6653033404657492
3,305.0,Aspen,35.05,,28.6,0.0,,POINT (546681.09103 6450144.45191999),"(np.float64(546681.09103), np.float64(6450144.45191999))","(np.float64(546682.357), np.float64(6450144.6233), np.float64(28.025000000000006))",TP,1.2775175727747115
3,303.0,Spruce,42.4,,28.4,0.0,,POINT (546681.217423 6450142.85768),"(np.float64(546681.217423), np.float64(6450142.85768))",,FN,
3,304.0,Birch,21.55,63.0,25.4,0.0,,POINT (546681.248564 6450142.86617999),"(np.float64(546681.248564), np.float64(6450142.86617999))","(np.float64(546681.521), np.float64(6450142.1843), np.float64(28.001000000000005))",TP,0.7342899254091766
3,301.0,Birch,10.15,,,0.0,,POINT (546683.633246 6450149.23567),"(np.float64(546683.633246), np.float64(6450149.23567))","(np.float64(546681.938), np.float64(6450148.7683), np.float64(17.385999999999996))",TP,1.7584918874697684
3,324.0,Birch,24.7,,,0.0,Two trunks,POINT (546685.590902999 6450147.89204),"(np.float64(546685.590902999), np.float64(6450147.89204))",,FN,
3,325.0,Aspen,19.15,,,0.0,,POINT (546685.752897 6450147.01932),"(np.float64(546685.752897), np.float64(6450147.01932))","(np.float64(546687.241), np.float64(6450146.6513), np.float64(22.549999999999983))",TP,1.5329348514881433
3,326.0,Willow,35.6,,15.0,0.0,,POINT (546686.786254 6450143.92231),"(np.float64(546686.786254), np.float64(6450143.92231))","(np.float64(546688.507), np.float64(6450144.4093), np.float64(12.727000000000004))",TP,1.7883305221786043
3,320.0,Spruce,15.6,77.0,13.9,0.0,,POINT (546690.602472999 6450152.42906999),"(np.float64(546690.602472999), np.float64(6450152.42906999))",,FN,
3,314.0,Birch,27.5,,24.8,0.0,,POINT (546690.972125999 6450156.05695),"(np.float64(546690.972125999), np.float64(6450156.05695))",,FN,
3,321.0,Fir,17.0,,,0.0,,POINT (546691.077718 6450151.81835999),"(np.float64(546691.077718), np.float64(6450151.81835999))","(np.float64(546689.405), np.float64(6450151.6283), np.float64(5.725000000000023))",TP,1.6834810088799257
3,319.0,Fir,11.25,,,0.0,,POINT (546691.473799 6450152.94013),"(np.float64(546691.473799), np.float64(6450152.94013))",,FN,
3,322.0,Birch,21.05,57.0,25.5,0.0,,POINT (546691.652429 6450150.42693999),"(np.float64(546691.652429), np.float64(6450150.42693999))","(np.float64(546690.842), np.float64(6450149.3463), np.float64(24.294999999999987))",TP,1.3507693926910174
3,323.0,Birch,20.85,56.0,23.3,0.0,,POINT (546692.298924 6450149.27039999),"(np.float64(546692.298924), np.float64(6450149.27039999))",,FN,
3,315.0,Spruce,14.05,,14.9,0.0,,POINT (546692.420385999 6450154.71114999),"(np.float64(546692.420385999), np.float64(6450154.71114999))",,FN,
3,316.0,Birch,39.45,,29.1,0.0,,POINT (546692.583454999 6450153.65639),"(np.float64(546692.583454999), np.float64(6450153.65639))","(np.float64(546692.371), np.float64(6450154.2013), np.float64(27.868000000000023))",TP,0.5848624063589071
3,318.0,Fir,13.0,,,0.0,,POINT (546693.377755 6450151.86438999),"(np.float64(546693.377755), np.float64(6450151.86438999))",,FN,
3,317.0,Fir,11.4,,,0.0,,POINT (546693.715142 6450155.82503999),"(np.float64(546693.715142), np.float64(6450155.82503999))",,FN,
3,,,,,,,,,,"(np.float64(546619.275), np.float64(6450170.6223), np.float64(13.365000000000009))",FP,
3,,,,,,,,,,"(np.float64(546614.885), np.float64(6450179.1673), np.float64(6.545000000000016))",FP,
3,,,,,,,,,,"(np.float64(546619.466), np.float64(6450170.5693), np.float64(6.616000000000014))",FP,
3,,,,,,,,,,"(np.float64(546664.743), np.float64(6450124.6803), np.float64(29.90100000000001))",FP,
3,,,,,,,,,,"(np.float64(546673.996), np.float64(6450161.0163), np.float64(10.183999999999997))",FP,
3,,,,,,,,,,"(np.float64(546653.908), np.float64(6450132.2573), np.float64(9.226999999999975))",FP,
3,,,,,,,,,,"(np.float64(546612.27), np.float64(6450188.6563), np.float64(8.610000000000014))",FP,
3,,,,,,,,,,"(np.float64(546669.621), np.float64(6450147.4193), np.float64(25.857))",FP,
3,,,,,,,,,,"(np.float64(546643.306), np.float64(6450168.2323), np.float64(23.418000000000006))",FP,
3,,,,,,,,,,"(np.float64(546658.726), np.float64(6450157.5803), np.float64(25.945999999999998))",FP,
3,,,,,,,,,,"(np.float64(546644.459), np.float64(6450139.1763), np.float64(6.306999999999988))",FP,
3,,,,,,,,,,"(np.float64(546596.914), np.float64(6450174.9493), np.float64(10.902999999999992))",FP,
3,,,,,,,,,,"(np.float64(546601.755), np.float64(6450165.4523), np.float64(6.240000000000009))",FP,
3,,,,,,,,,,"(np.float64(546619.365), np.float64(6450169.7183), np.float64(23.563000000000017))",FP,
3,,,,,,,,,,"(np.float64(546596.768), np.float64(6450174.1563), np.float64(24.120000000000005))",FP,
3,,,,,,,,,,"(np.float64(546609.679), np.float64(6450178.2573), np.float64(7.242000000000019))",FP,
3,,,,,,,,,,"(np.float64(546612.395), np.float64(6450190.4723), np.float64(12.826000000000022))",FP,
3,,,,,,,,,,"(np.float64(546669.339), np.float64(6450156.3843), np.float64(25.646000000000015))",FP,
3,,,,,,,,,,"(np.float64(546625.72), np.float64(6450137.1633), np.float64(23.626000000000005))",FP,
3,,,,,,,,,,"(np.float64(546639.968), np.float64(6450157.8103), np.float64(12.762))",FP,
3,,,,,,,,,,"(np.float64(546668.115), np.float64(6450123.0693), np.float64(15.430999999999983))",FP,
3,,,,,,,,,,"(np.float64(546676.717), np.float64(6450135.5813), np.float64(29.967000000000013))",FP,
3,,,,,,,,,,"(np.float64(546666.168), np.float64(6450127.1013), np.float64(30.01399999999998))",FP,
3,,,,,,,,,,"(np.float64(546667.792), np.float64(6450123.0413), np.float64(12.069999999999993))",FP,
3,,,,,,,,,,"(np.float64(546612.586), np.float64(6450188.6083), np.float64(6.032000000000011))",FP,
3,,,,,,,,,,"(np.float64(546660.142), np.float64(6450169.1803), np.float64(26.563999999999993))",FP,
3,,,,,,,,,,"(np.float64(546654.851), np.float64(6450131.8503), np.float64(30.22799999999998))",FP,
3,,,,,,,,,,"(np.float64(546672.244), np.float64(6450160.8673), np.float64(26.326999999999998))",FP,
3,,,,,,,,,,"(np.float64(546672.861), np.float64(6450149.9063), np.float64(10.685000000000002))",FP,
3,,,,,,,,,,"(np.float64(546606.929), np.float64(6450174.5123), np.float64(23.013000000000005))",FP,
3,,,,,,,,,,"(np.float64(546640.559), np.float64(6450156.4873), np.float64(10.825999999999993))",FP,
3,,,,,,,,,,"(np.float64(546600.461), np.float64(6450168.7293), np.float64(23.51000000000002))",FP,
3,,,,,,,,,,"(np.float64(546595.812), np.float64(6450166.0663), np.float64(22.13300000000001))",FP,
3,,,,,,,,,,"(np.float64(546668.063), np.float64(6450122.9443), np.float64(29.355999999999995))",FP,
3,,,,,,,,,,"(np.float64(546664.983), np.float64(6450126.9503), np.float64(13.939999999999998))",FP,
3,,,,,,,,,,"(np.float64(546657.478), np.float64(6450131.9573), np.float64(8.213999999999999))",FP,
3,,,,,,,,,,"(np.float64(546649.54), np.float64(6450160.5373), np.float64(26.275999999999982))",FP,
3,,,,,,,,,,"(np.float64(546668.933), np.float64(6450147.1733), np.float64(6.496999999999986))",FP,
3,,,,,,,,,,"(np.float64(546621.054), np.float64(6450149.5643), np.float64(6.314999999999998))",FP,
3,,,,,,,,,,"(np.float64(546622.182), np.float64(6450167.8463), np.float64(13.395999999999987))",FP,
3,,,,,,,,,,"(np.float64(546670.74), np.float64(6450150.4683), np.float64(25.588000000000022))",FP,
3,,,,,,,,,,"(np.float64(546633.631), np.float64(6450152.6043), np.float64(11.566999999999979))",FP,
3,,,,,,,,,,"(np.float64(546630.243), np.float64(6450158.7733), np.float64(10.712000000000018))",FP,
3,,,,,,,,,,"(np.float64(546637.784), np.float64(6450133.6093), np.float64(5.2479999999999905))",FP,
3,,,,,,,,,,"(np.float64(546666.972), np.float64(6450157.3643), np.float64(10.340000000000003))",FP,
3,,,,,,,,,,"(np.float64(546667.594), np.float64(6450126.0463), np.float64(7.905000000000001))",FP,
3,,,,,,,,,,"(np.float64(546658.849), np.float64(6450162.0383), np.float64(26.387))",FP,
3,,,,,,,,,,"(np.float64(546681.139), np.float64(6450150.8413), np.float64(26.115999999999985))",FP,
3,,,,,,,,,,"(np.float64(546632.431), np.float64(6450163.4563), np.float64(8.893))",FP,
3,,,,,,,,,,"(np.float64(546612.796), np.float64(6450169.9173), np.float64(21.467000000000013))",FP,
3,,,,,,,,,,"(np.float64(546642.856), np.float64(6450158.4963), np.float64(14.764999999999986))",FP,
3,,,,,,,,,,"(np.float64(546620.219), np.float64(6450150.5063), np.float64(25.644999999999982))",FP,
3,,,,,,,,,,"(np.float64(546610.154), np.float64(6450188.3453), np.float64(22.554000000000002))",FP,
3,,,,,,,,,,"(np.float64(546653.383), np.float64(6450131.8383), np.float64(5.919000000000011))",FP,
3,,,,,,,,,,"(np.float64(546607.017), np.float64(6450170.2023), np.float64(24.658000000000015))",FP,
3,,,,,,,,,,"(np.float64(546617.535), np.float64(6450170.1373), np.float64(10.26400000000001))",FP,
3,,,,,,,,,,"(np.float64(546611.307), np.float64(6450172.9773), np.float64(7.313000000000017))",FP,
3,,,,,,,,,,"(np.float64(546642.263), np.float64(6450153.9683), np.float64(12.786000000000001))",FP,
3,,,,,,,,,,"(np.float64(546595.318), np.float64(6450172.0833), np.float64(10.716000000000008))",FP,
3,,,,,,,,,,"(np.float64(546666.577), np.float64(6450155.8783), np.float64(12.164000000000016))",FP,
3,,,,,,,,,,"(np.float64(546681.436), np.float64(6450144.2853), np.float64(21.58699999999999))",FP,
3,,,,,,,,,,"(np.float64(546663.466), np.float64(6450119.5763), np.float64(29.746999999999986))",FP,
3,,,,,,,,,,"(np.float64(546654.904), np.float64(6450134.8373), np.float64(11.740999999999985))",FP,
3,,,,,,,,,,"(np.float64(546677.375), np.float64(6450125.1133), np.float64(29.311000000000007))",FP,
3,,,,,,,,,,"(np.float64(546668.548), np.float64(6450146.7283), np.float64(8.5))",FP,
3,,,,,,,,,,"(np.float64(546661.493), np.float64(6450167.2353), np.float64(10.060000000000002))",FP,
3,,,,,,,,,,"(np.float64(546632.94), np.float64(6450153.5563), np.float64(8.964999999999975))",FP,
3,,,,,,,,,,"(np.float64(546630.988), np.float64(6450157.6383), np.float64(8.462999999999994))",FP,
3,,,,,,,,,,"(np.float64(546625.809), np.float64(6450143.9523), np.float64(17.882000000000005))",FP,
3,,,,,,,,,,"(np.float64(546626.086), np.float64(6450144.4163), np.float64(8.800000000000011))",FP,
3,,,,,,,,,,"(np.float64(546601.05), np.float64(6450161.1783), np.float64(19.887))",FP,
3,,,,,,,,,,"(np.float64(546640.5), np.float64(6450134.4173), np.float64(6.878999999999991))",FP,
3,,,,,,,,,,"(np.float64(546666.246), np.float64(6450142.9743), np.float64(11.144000000000005))",FP,
3,,,,,,,,,,"(np.float64(546667.708), np.float64(6450137.3413), np.float64(30.650000000000006))",FP,
3,,,,,,,,,,"(np.float64(546620.324), np.float64(6450136.2273), np.float64(13.504999999999995))",FP,
3,,,,,,,,,,"(np.float64(546661.41), np.float64(6450128.0383), np.float64(30.783000000000015))",FP,
3,,,,,,,,,,"(np.float64(546599.468), np.float64(6450175.4853), np.float64(15.357999999999976))",FP,
3,,,,,,,,,,"(np.float64(546605.978), np.float64(6450169.2013), np.float64(16.891999999999996))",FP,
3,,,,,,,,,,"(np.float64(546594.976), np.float64(6450165.7423), np.float64(5.153999999999996))",FP,
3,,,,,,,,,,"(np.float64(546670.454), np.float64(6450145.1963), np.float64(5.253999999999991))",FP,
3,,,,,,,,,,"(np.float64(546626.552), np.float64(6450146.2073), np.float64(14.957000000000022))",FP,
3,,,,,,,,,,"(np.float64(546662.098), np.float64(6450133.4433), np.float64(20.52200000000002))",FP,
3,,,,,,,,,,"(np.float64(546621.045), np.float64(6450156.9773), np.float64(20.319999999999993))",FP,
3,,,,,,,,,,"(np.float64(546667.38), np.float64(6450130.0933), np.float64(10.027000000000015))",FP,
3,,,,,,,,,,"(np.float64(546640.821), np.float64(6450157.9893), np.float64(7.064999999999998))",FP,
3,,,,,,,,,,"(np.float64(546644.71), np.float64(6450137.3853), np.float64(29.086000000000013))",FP,
3,,,,,,,,,,"(np.float64(546655.268), np.float64(6450165.1423), np.float64(15.502999999999986))",FP,
3,,,,,,,,,,"(np.float64(546656.147), np.float64(6450140.7513), np.float64(7.211000000000013))",FP,
3,,,,,,,,,,"(np.float64(546660.716), np.float64(6450122.9983), np.float64(8.450999999999993))",FP,
3,,,,,,,,,,"(np.float64(546610.802), np.float64(6450184.2693), np.float64(7.9809999999999945))",FP,
3,,,,,,,,,,"(np.float64(546633.364), np.float64(6450130.7893), np.float64(10.73399999999998))",FP,
3,,,,,,,,,,"(np.float64(546669.515), np.float64(6450133.5033), np.float64(9.865000000000009))",FP,
3,,,,,,,,,,"(np.float64(546619.679), np.float64(6450145.9613), np.float64(6.585000000000008))",FP,
3,,,,,,,,,,"(np.float64(546646.944), np.float64(6450130.9283), np.float64(6.4129999999999825))",FP,
3,,,,,,,,,,"(np.float64(546676.221), np.float64(6450125.3433), np.float64(8.263999999999982))",FP,
3,,,,,,,,,,"(np.float64(546644.638), np.float64(6450133.2163), np.float64(10.015000000000015))",FP,
3,,,,,,,,,,"(np.float64(546664.649), np.float64(6450133.8723), np.float64(30.351))",FP,
3,,,,,,,,,,"(np.float64(546658.104), np.float64(6450132.2113), np.float64(11.97399999999999))",FP,
3,,,,,,,,,,"(np.float64(546657.221), np.float64(6450121.9393), np.float64(17.364000000000004))",FP,
3,,,,,,,,,,"(np.float64(546621.875), np.float64(6450167.0223), np.float64(7.207000000000022))",FP,
3,,,,,,,,,,"(np.float64(546675.792), np.float64(6450125.9683), np.float64(6.227000000000004))",FP,
3,,,,,,,,,,"(np.float64(546660.768), np.float64(6450164.7283), np.float64(7.734000000000009))",FP,
3,,,,,,,,,,"(np.float64(546618.986), np.float64(6450142.5133), np.float64(9.324000000000012))",FP,
3,,,,,,,,,,"(np.float64(546666.169), np.float64(6450129.9993), np.float64(14.419999999999987))",FP,
3,,,,,,,,,,"(np.float64(546660.905), np.float64(6450164.2053), np.float64(27.165999999999997))",FP,
3,,,,,,,,,,"(np.float64(546669.152), np.float64(6450133.7233), np.float64(13.436000000000007))",FP,
3,,,,,,,,,,"(np.float64(546675.52), np.float64(6450163.5813), np.float64(8.888000000000005))",FP,
3,,,,,,,,,,"(np.float64(546672.139), np.float64(6450131.0933), np.float64(29.252999999999986))",FP,
3,,,,,,,,,,"(np.float64(546619.93), np.float64(6450177.0413), np.float64(14.87899999999999))",FP,
3,,,,,,,,,,"(np.float64(546597.915), np.float64(6450170.8913), np.float64(7.336000000000013))",FP,
3,,,,,,,,,,"(np.float64(546653.524), np.float64(6450163.6173), np.float64(10.775000000000006))",FP,
3,,,,,,,,,,"(np.float64(546657.215), np.float64(6450121.8093), np.float64(30.485000000000014))",FP,
3,,,,,,,,,,"(np.float64(546651.494), np.float64(6450166.1113), np.float64(10.298000000000002))",FP,
3,,,,,,,,,,"(np.float64(546595.709), np.float64(6450172.5223), np.float64(14.621999999999986))",FP,
3,,,,,,,,,,"(np.float64(546602.327), np.float64(6450158.4363), np.float64(5.849000000000018))",FP,
3,,,,,,,,,,"(np.float64(546629.164), np.float64(6450144.0993), np.float64(25.78800000000001))",FP,
3,,,,,,,,,,"(np.float64(546627.798), np.float64(6450141.3993), np.float64(18.013000000000005))",FP,
3,,,,,,,,,,"(np.float64(546658.471), np.float64(6450121.2463), np.float64(8.050000000000011))",FP,
3,,,,,,,,,,"(np.float64(546647.51), np.float64(6450134.2833), np.float64(28.498999999999995))",FP,
3,,,,,,,,,,"(np.float64(546617.829), np.float64(6450168.7783), np.float64(5.965000000000003))",FP,
3,,,,,,,,,,"(np.float64(546604.069), np.float64(6450167.8723), np.float64(14.968999999999994))",FP,
3,,,,,,,,,,"(np.float64(546660.836), np.float64(6450138.7633), np.float64(5.820999999999998))",FP,
3,,,,,,,,,,"(np.float64(546669.854), np.float64(6450162.6363), np.float64(9.658999999999992))",FP,
3,,,,,,,,,,"(np.float64(546615.002), np.float64(6450192.6113), np.float64(12.050000000000011))",FP,
3,,,,,,,,,,"(np.float64(546626.439), np.float64(6450158.3633), np.float64(12.402000000000015))",FP,
3,,,,,,,,,,"(np.float64(546651.307), np.float64(6450160.0143), np.float64(9.324999999999989))",FP,
3,,,,,,,,,,"(np.float64(546611.308), np.float64(6450175.0273), np.float64(22.817000000000007))",FP,
3,,,,,,,,,,"(np.float64(546618.417), np.float64(6450153.5303), np.float64(11.300000000000011))",FP,
3,,,,,,,,,,"(np.float64(546641.006), np.float64(6450133.4873), np.float64(13.97999999999999))",FP,
3,,,,,,,,,,"(np.float64(546597.834), np.float64(6450171.1203), np.float64(13.994))",FP,
3,,,,,,,,,,"(np.float64(546630.177), np.float64(6450159.0123), np.float64(14.984000000000009))",FP,
3,,,,,,,,,,"(np.float64(546665.776), np.float64(6450156.8313), np.float64(15.531000000000006))",FP,
3,,,,,,,,,,"(np.float64(546647.755), np.float64(6450169.1223), np.float64(10.590000000000003))",FP,
3,,,,,,,,,,"(np.float64(546626.981), np.float64(6450136.0943), np.float64(6.538000000000011))",FP,
3,,,,,,,,,,"(np.float64(546597.78), np.float64(6450171.1713), np.float64(10.676999999999992))",FP,
3,,,,,,,,,,"(np.float64(546651.54), np.float64(6450164.8663), np.float64(14.906000000000006))",FP,
3,,,,,,,,,,"(np.float64(546641.716), np.float64(6450161.6263), np.float64(11.863))",FP,
3,,,,,,,,,,"(np.float64(546661.807), np.float64(6450124.6713), np.float64(17.735000000000014))",FP,
3,,,,,,,,,,"(np.float64(546654.311), np.float64(6450152.2873), np.float64(6.876000000000005))",FP,
3,,,,,,,,,,"(np.float64(546605.662), np.float64(6450176.0333), np.float64(10.189999999999998))",FP,
3,,,,,,,,,,"(np.float64(546644.594), np.float64(6450148.7253), np.float64(22.39500000000001))",FP,
3,,,,,,,,,,"(np.float64(546612.773), np.float64(6450175.3883), np.float64(12.393))",FP,
3,,,,,,,,,,"(np.float64(546667.14), np.float64(6450136.9453), np.float64(18.046999999999997))",FP,
3,,,,,,,,,,"(np.float64(546623.138), np.float64(6450148.5583), np.float64(9.837999999999994))",FP,
3,,,,,,,,,,"(np.float64(546658.832), np.float64(6450142.7463), np.float64(7.531000000000006))",FP,
3,,,,,,,,,,"(np.float64(546647.776), np.float64(6450128.6503), np.float64(6.525000000000006))",FP,
3,,,,,,,,,,"(np.float64(546655.012), np.float64(6450122.2763), np.float64(7.65300000000002))",FP,
3,,,,,,,,,,"(np.float64(546666.53), np.float64(6450137.1143), np.float64(7.343999999999994))",FP,
3,,,,,,,,,,"(np.float64(546662.141), np.float64(6450142.9233), np.float64(8.320999999999998))",FP,
3,,,,,,,,,,"(np.float64(546644.981), np.float64(6450133.7123), np.float64(6.253000000000014))",FP,
3,,,,,,,,,,"(np.float64(546654.072), np.float64(6450122.4773), np.float64(15.89700000000002))",FP,
3,,,,,,,,,,"(np.float64(546657.844), np.float64(6450129.2553), np.float64(12.840000000000003))",FP,
3,,,,,,,,,,"(np.float64(546649.158), np.float64(6450153.8313), np.float64(6.869))",FP,
3,,,,,,,,,,"(np.float64(546655.728), np.float64(6450141.6383), np.float64(14.740000000000009))",FP,
3,,,,,,,,,,"(np.float64(546671.826), np.float64(6450119.9453), np.float64(20.645999999999987))",FP,
3,,,,,,,,,,"(np.float64(546657.942), np.float64(6450129.2663), np.float64(10.428000000000026))",FP,
3,,,,,,,,,,"(np.float64(546677.236), np.float64(6450158.0513), np.float64(14.134000000000015))",FP,
3,,,,,,,,,,"(np.float64(546639.5), np.float64(6450131.8883), np.float64(14.647999999999996))",FP,
3,,,,,,,,,,"(np.float64(546612.527), np.float64(6450180.5323), np.float64(6.4809999999999945))",FP,
3,,,,,,,,,,"(np.float64(546646.755), np.float64(6450134.0913), np.float64(19.839999999999975))",FP,
3,,,,,,,,,,"(np.float64(546675.945), np.float64(6450146.3053), np.float64(11.722999999999985))",FP,
3,,,,,,,,,,"(np.float64(546618.421), np.float64(6450156.9013), np.float64(21.290999999999997))",FP,
3,,,,,,,,,,"(np.float64(546609.449), np.float64(6450160.4723), np.float64(12.26600000000002))",FP,
3,,,,,,,,,,"(np.float64(546668.496), np.float64(6450121.6063), np.float64(19.132000000000005))",FP,
3,,,,,,,,,,"(np.float64(546610.856), np.float64(6450194.9493), np.float64(9.818999999999988))",FP,
3,,,,,,,,,,"(np.float64(546667.177), np.float64(6450139.9903), np.float64(7.652000000000015))",FP,
3,,,,,,,,,,"(np.float64(546657.851), np.float64(6450129.0693), np.float64(16.942000000000007))",FP,
3,,,,,,,,,,"(np.float64(546617.665), np.float64(6450156.6773), np.float64(11.225999999999999))",FP,
3,,,,,,,,,,"(np.float64(546609.214), np.float64(6450180.2233), np.float64(6.393000000000001))",FP,
3,,,,,,,,,,"(np.float64(546654.52), np.float64(6450136.4753), np.float64(17.319999999999993))",FP,
3,,,,,,,,,,"(np.float64(546595.553), np.float64(6450176.0213), np.float64(7.530000000000001))",FP,
3,,,,,,,,,,"(np.float64(546671.094), np.float64(6450144.3933), np.float64(19.329000000000008))",FP,
3,,,,,,,,,,"(np.float64(546634.834), np.float64(6450164.5593), np.float64(15.700000000000017))",FP,
3,,,,,,,,,,"(np.float64(546676.104), np.float64(6450147.2473), np.float64(6.22199999999998))",FP,
3,,,,,,,,,,"(np.float64(546657.775), np.float64(6450172.8353), np.float64(7.1510000000000105))",FP,
3,,,,,,,,,,"(np.float64(546672.704), np.float64(6450138.8903), np.float64(30.120000000000005))",FP,
3,,,,,,,,,,"(np.float64(546627.54), np.float64(6450140.6723), np.float64(14.307000000000016))",FP,
3,,,,,,,,,,"(np.float64(546654.836), np.float64(6450147.9053), np.float64(5.927999999999997))",FP,
3,,,,,,,,,,"(np.float64(546681.979), np.float64(6450141.4373), np.float64(8.948999999999984))",FP,
3,,,,,,,,,,"(np.float64(546603.459), np.float64(6450182.4673), np.float64(11.701000000000022))",FP,
3,,,,,,,,,,"(np.float64(546652.461), np.float64(6450123.9213), np.float64(14.050999999999988))",FP,
3,,,,,,,,,,"(np.float64(546615.297), np.float64(6450143.3593), np.float64(5.294000000000011))",FP,
3,,,,,,,,,,"(np.float64(546641.331), np.float64(6450170.8233), np.float64(9.272999999999996))",FP,
3,,,,,,,,,,"(np.float64(546632.897), np.float64(6450144.5113), np.float64(7.876999999999981))",FP,
3,,,,,,,,,,"(np.float64(546644.611), np.float64(6450146.5013), np.float64(11.826000000000022))",FP,
3,,,,,,,,,,"(np.float64(546646.445), np.float64(6450134.2103), np.float64(16.043999999999983))",FP,
3,,,,,,,,,,"(np.float64(546629.265), np.float64(6450141.3263), np.float64(7.3589999999999804))",FP,
3,,,,,,,,,,"(np.float64(546683.672), np.float64(6450145.0913), np.float64(16.241000000000014))",FP,
3,,,,,,,,,,"(np.float64(546658.084), np.float64(6450143.4373), np.float64(5.733000000000004))",FP,
3,,,,,,,,,,"(np.float64(546667.239), np.float64(6450140.6643), np.float64(20.27800000000002))",FP,
3,,,,,,,,,,"(np.float64(546674.846), np.float64(6450132.4233), np.float64(29.775000000000006))",FP,
3,,,,,,,,,,"(np.float64(546641.562), np.float64(6450128.1323), np.float64(29.186000000000007))",FP,
3,,,,,,,,,,"(np.float64(546618.942), np.float64(6450176.9623), np.float64(6.213999999999999))",FP,
3,,,,,,,,,,"(np.float64(546674.767), np.float64(6450149.5883), np.float64(15.814999999999998))",FP,
3,,,,,,,,,,"(np.float64(546633.53), np.float64(6450134.5653), np.float64(5.064999999999998))",FP,
3,,,,,,,,,,"(np.float64(546652.831), np.float64(6450122.8023), np.float64(19.959000000000003))",FP,
3,,,,,,,,,,"(np.float64(546682.437), np.float64(6450138.3783), np.float64(24.545999999999992))",FP,
3,,,,,,,,,,"(np.float64(546660.297), np.float64(6450151.3083), np.float64(11.973000000000013))",FP,
3,,,,,,,,,,"(np.float64(546667.957), np.float64(6450167.5523), np.float64(13.317999999999984))",FP,
3,,,,,,,,,,"(np.float64(546605.454), np.float64(6450187.3003), np.float64(21.708))",FP,
3,,,,,,,,,,"(np.float64(546617.536), np.float64(6450157.4623), np.float64(8.92100000000002))",FP,
3,,,,,,,,,,"(np.float64(546617.234), np.float64(6450177.0593), np.float64(13.822000000000003))",FP,
3,,,,,,,,,,"(np.float64(546626.474), np.float64(6450146.3413), np.float64(8.329000000000008))",FP,
3,,,,,,,,,,"(np.float64(546678.334), np.float64(6450159.7573), np.float64(24.351000000000028))",FP,
3,,,,,,,,,,"(np.float64(546603.906), np.float64(6450147.9853), np.float64(11.408999999999992))",FP,
3,,,,,,,,,,"(np.float64(546629.415), np.float64(6450153.0593), np.float64(6.382000000000005))",FP,
3,,,,,,,,,,"(np.float64(546616.644), np.float64(6450177.0353), np.float64(5.347999999999985))",FP,
3,,,,,,,,,,"(np.float64(546640.667), np.float64(6450167.4333), np.float64(7.611999999999995))",FP,
3,,,,,,,,,,"(np.float64(546622.371), np.float64(6450156.0693), np.float64(6.7050000000000125))",FP,
3,,,,,,,,,,"(np.float64(546604.922), np.float64(6450187.5233), np.float64(10.332999999999998))",FP,
3,,,,,,,,,,"(np.float64(546634.838), np.float64(6450149.9793), np.float64(5.727000000000004))",FP,
3,,,,,,,,,,"(np.float64(546606.039), np.float64(6450183.7673), np.float64(7.8729999999999905))",FP,
3,,,,,,,,,,"(np.float64(546626.564), np.float64(6450168.9653), np.float64(11.308999999999997))",FP,
3,,,,,,,,,,"(np.float64(546650.006), np.float64(6450167.1903), np.float64(13.132000000000005))",FP,
3,,,,,,,,,,"(np.float64(546648.287), np.float64(6450140.4953), np.float64(7.149000000000001))",FP,
3,,,,,,,,,,"(np.float64(546623.41), np.float64(6450142.9013), np.float64(8.030000000000001))",FP,
3,,,,,,,,,,"(np.float64(546663.731), np.float64(6450171.1553), np.float64(17.700999999999993))",FP,
3,,,,,,,,,,"(np.float64(546616.638), np.float64(6450174.6583), np.float64(9.379999999999995))",FP,
3,,,,,,,,,,"(np.float64(546631.263), np.float64(6450155.3103), np.float64(5.1059999999999945))",FP,
3,,,,,,,,,,"(np.float64(546675.961), np.float64(6450149.2583), np.float64(11.855999999999995))",FP,
3,,,,,,,,,,"(np.float64(546619.749), np.float64(6450167.1823), np.float64(10.533999999999992))",FP,
3,,,,,,,,,,"(np.float64(546640.221), np.float64(6450152.6253), np.float64(9.114000000000004))",FP,
3,,,,,,,,,,"(np.float64(546675.993), np.float64(6450149.2853), np.float64(18.179000000000002))",FP,
3,,,,,,,,,,"(np.float64(546624.907), np.float64(6450149.3673), np.float64(9.080999999999989))",FP,
3,,,,,,,,,,"(np.float64(546663.112), np.float64(6450171.8363), np.float64(8.171999999999997))",FP,
3,,,,,,,,,,"(np.float64(546623.228), np.float64(6450134.8203), np.float64(5.444000000000017))",FP,
3,,,,,,,,,,"(np.float64(546663.659), np.float64(6450171.4643), np.float64(26.741000000000014))",FP,
3,,,,,,,,,,"(np.float64(546655.834), np.float64(6450151.7223), np.float64(13.972000000000008))",FP,
3,,,,,,,,,,"(np.float64(546650.476), np.float64(6450168.5363), np.float64(9.996999999999986))",FP,
3,,,,,,,,,,"(np.float64(546617.089), np.float64(6450189.1673), np.float64(6.234999999999985))",FP,
3,,,,,,,,,,"(np.float64(546643.079), np.float64(6450179.2063), np.float64(6.569000000000017))",FP,
3,,,,,,,,,,"(np.float64(546657.179), np.float64(6450144.1953), np.float64(12.832999999999998))",FP,
3,,,,,,,,,,"(np.float64(546623.13), np.float64(6450134.5333), np.float64(13.543000000000006))",FP,
3,,,,,,,,,,"(np.float64(546618.618), np.float64(6450175.6063), np.float64(13.775000000000006))",FP,
3,,,,,,,,,,"(np.float64(546670.746), np.float64(6450120.8843), np.float64(11.35299999999998))",FP,
3,,,,,,,,,,"(np.float64(546684.564), np.float64(6450143.4753), np.float64(9.016999999999996))",FP,
3,,,,,,,,,,"(np.float64(546650.243), np.float64(6450139.4903), np.float64(6.068000000000012))",FP,
3,,,,,,,,,,"(np.float64(546622.361), np.float64(6450141.3303), np.float64(6.7760000000000105))",FP,
3,,,,,,,,,,"(np.float64(546615.391), np.float64(6450168.4623), np.float64(6.925999999999988))",FP,
3,,,,,,,,,,"(np.float64(546618.388), np.float64(6450186.9883), np.float64(6.544000000000011))",FP,
3,,,,,,,,,,"(np.float64(546651.376), np.float64(6450124.0243), np.float64(7.516999999999996))",FP,
3,,,,,,,,,,"(np.float64(546668.348), np.float64(6450168.3553), np.float64(10.036999999999978))",FP,
3,,,,,,,,,,"(np.float64(546637.733), np.float64(6450177.1013), np.float64(21.074000000000012))",FP,
3,,,,,,,,,,"(np.float64(546640.04), np.float64(6450140.5083), np.float64(5.819999999999993))",FP,
3,,,,,,,,,,"(np.float64(546622.432), np.float64(6450188.6663), np.float64(8.77800000000002))",FP,
3,,,,,,,,,,"(np.float64(546649.48), np.float64(6450157.2913), np.float64(10.014999999999986))",FP,
3,,,,,,,,,,"(np.float64(546640.223), np.float64(6450139.5693), np.float64(13.096000000000004))",FP,
3,,,,,,,,,,"(np.float64(546606.152), np.float64(6450159.2693), np.float64(12.704999999999984))",FP,
3,,,,,,,,,,"(np.float64(546620.098), np.float64(6450165.9373), np.float64(14.240000000000009))",FP,
3,,,,,,,,,,"(np.float64(546650.171), np.float64(6450177.7163), np.float64(6.421999999999997))",FP,
3,,,,,,,,,,"(np.float64(546638.163), np.float64(6450151.6563), np.float64(8.593999999999994))",FP,
3,,,,,,,,,,"(np.float64(546663.891), np.float64(6450146.7913), np.float64(9.349999999999994))",FP,
3,,,,,,,,,,"(np.float64(546630.76), np.float64(6450132.3083), np.float64(13.502999999999986))",FP,
3,,,,,,,,,,"(np.float64(546609.24), np.float64(6450168.4683), np.float64(6.295999999999992))",FP,
3,,,,,,,,,,"(np.float64(546624.393), np.float64(6450158.1713), np.float64(7.209000000000003))",FP,
3,,,,,,,,,,"(np.float64(546615.282), np.float64(6450166.9113), np.float64(8.488999999999976))",FP,
3,,,,,,,,,,"(np.float64(546657.363), np.float64(6450153.5143), np.float64(8.290999999999997))",FP,
3,,,,,,,,,,"(np.float64(546686.778), np.float64(6450142.8533), np.float64(20.09899999999999))",FP,
3,,,,,,,,,,"(np.float64(546650.395), np.float64(6450140.2513), np.float64(16.722999999999985))",FP,
3,,,,,,,,,,"(np.float64(546678.238), np.float64(6450162.8023), np.float64(6.603000000000009))",FP,
3,,,,,,,,,,"(np.float64(546639.932), np.float64(6450172.1673), np.float64(9.890999999999991))",FP,
3,,,,,,,,,,"(np.float64(546625.459), np.float64(6450154.0293), np.float64(6.956999999999994))",FP,
3,,,,,,,,,,"(np.float64(546602.589), np.float64(6450185.4583), np.float64(8.082999999999998))",FP,
3,,,,,,,,,,"(np.float64(546637.494), np.float64(6450148.9533), np.float64(10.192000000000007))",FP,
3,,,,,,,,,,"(np.float64(546650.263), np.float64(6450125.7633), np.float64(10.34299999999999))",FP,
3,,,,,,,,,,"(np.float64(546649.999), np.float64(6450125.7053), np.float64(12.948000000000008))",FP,
3,,,,,,,,,,"(np.float64(546685.247), np.float64(6450139.2203), np.float64(5.804000000000002))",FP,
3,,,,,,,,,,"(np.float64(546652.588), np.float64(6450144.3393), np.float64(16.387))",FP,
3,,,,,,,,,,"(np.float64(546632.564), np.float64(6450179.0793), np.float64(10.263999999999982))",FP,
3,,,,,,,,,,"(np.float64(546629.12), np.float64(6450179.6333), np.float64(10.611999999999995))",FP,
3,,,,,,,,,,"(np.float64(546630.702), np.float64(6450175.1833), np.float64(8.90900000000002))",FP,
3,,,,,,,,,,"(np.float64(546606.197), np.float64(6450156.5903), np.float64(12.593000000000018))",FP,
3,,,,,,,,,,"(np.float64(546634.938), np.float64(6450185.3893), np.float64(21.645999999999987))",FP,
3,,,,,,,,,,"(np.float64(546638.761), np.float64(6450173.2913), np.float64(5.062999999999988))",FP,
3,,,,,,,,,,"(np.float64(546629.428), np.float64(6450182.6823), np.float64(10.847000000000008))",FP,
3,,,,,,,,,,"(np.float64(546593.284), np.float64(6450162.6343), np.float64(12.735000000000014))",FP,
4,22.0,Spruce,31.6,94.0,25.2,0.0,,POINT (545996.449240999 6449523.53251999),"(np.float64(545996.449240999), np.float64(6449523.53251999))",,FN,
4,23.0,Birch,28.65,76.0,25.4,0.0,,POINT (545997.916368999 6449528.28574),"(np.float64(545997.916368999), np.float64(6449528.28574))",,FN,
4,26.0,Birch,34.9,,,80.0,,POINT (545998.696127 6449521.99722999),"(np.float64(545998.696127), np.float64(6449521.99722999))",,FN,
4,27.0,Spruce,12.5,,,0.0,,POINT (545999.235278 6449521.75511999),"(np.float64(545999.235278), np.float64(6449521.75511999))",,FN,
4,25.0,Spruce,31.05,78.0,24.9,0.0,,POINT (545999.319462 6449525.94955),"(np.float64(545999.319462), np.float64(6449525.94955))","(np.float64(545997.8845), np.float64(6449526.2696), np.float64(23.801999999999992))",TP,1.4702203726239675
4,88.0,Spruce,16.6,,,0.0,,POINT (545999.709437999 6449543.64400999),"(np.float64(545999.709437999), np.float64(6449543.64400999))",,FN,
4,24.0,Birch,16.5,,,0.0,,POINT (545999.802099999 6449527.14984),"(np.float64(545999.802099999), np.float64(6449527.14984))","(np.float64(546001.3735), np.float64(6449526.9896), np.float64(5.330999999999989))",TP,1.5795489294768454
4,28.0,Spruce,13.05,,,0.0,,POINT (546000.26954 6449521.74139),"(np.float64(546000.26954), np.float64(6449521.74139))",,FN,
4,86.0,Fir,24.75,,,0.0,,POINT (546000.337627999 6449537.71057999),"(np.float64(546000.337627999), np.float64(6449537.71057999))","(np.float64(546000.1895), np.float64(6449537.9756), np.float64(6.927999999999997))",TP,0.30360749223145794
4,89.0,Spruce,23.05,,,0.0,,POINT (546000.840582999 6449545.12064999),"(np.float64(546000.840582999), np.float64(6449545.12064999))","(np.float64(546000.8585), np.float64(6449545.4566), np.float64(23.627999999999986))",TP,0.33642744901018823
4,90.0,Spruce,30.35,,,0.0,,POINT (546001.166381999 6449545.76188),"(np.float64(546001.166381999), np.float64(6449545.76188))",,FN,
4,21.0,Birch,46.4,,26.2,0.0,,POINT (546001.529946999 6449508.70349),"(np.float64(546001.529946999), np.float64(6449508.70349))",,FN,
4,91.0,Spruce,16.3,,16.3,0.0,,POINT (546002.431846 6449546.43517),"(np.float64(546002.431846), np.float64(6449546.43517))",,FN,
4,87.0,Spruce,20.5,,,0.0,,POINT (546003.126399999 6449538.60343999),"(np.float64(546003.126399999), np.float64(6449538.60343999))","(np.float64(546001.8675), np.float64(6449539.2646), np.float64(18.774))",TP,1.4219570197825298
4,151.0,Birch,27.0,,,0.0,,POINT (546003.170555999 6449565.71124),"(np.float64(546003.170555999), np.float64(6449565.71124))","(np.float64(546003.1005), np.float64(6449564.0986), np.float64(6.674999999999983))",TP,1.6141609623711188
4,92.0,Spruce,25.95,,,0.0,,POINT (546003.186214999 6449548.90505999),"(np.float64(546003.186214999), np.float64(6449548.90505999))","(np.float64(546002.4975), np.float64(6449548.8296), np.float64(22.37300000000002))",TP,0.6928366039300665
4,29.0,Spruce,13.6,,,0.0,,POINT (546003.386376 6449523.56654),"(np.float64(546003.386376), np.float64(6449523.56654))","(np.float64(546003.5155), np.float64(6449523.0476), np.float64(20.284999999999997))",TP,0.5347632474531101
4,93.0,Spruce,17.25,,,0.0,,POINT (546003.404829 6449548.54683),"(np.float64(546003.404829), np.float64(6449548.54683))",,FN,
4,85.0,Spruce,13.0,,,0.0,,POINT (546003.502701999 6449531.56869),"(np.float64(546003.502701999), np.float64(6449531.56869))",,FN,
4,84.0,Birch,14.6,,,0.0,,POINT (546003.703942 6449531.55126999),"(np.float64(546003.703942), np.float64(6449531.55126999))",,FN,
4,20.0,Fir,29.45,,,0.0,,POINT (546003.712745 6449514.49997999),"(np.float64(546003.712745), np.float64(6449514.49997999))","(np.float64(546002.9745), np.float64(6449514.2356), np.float64(22.512))",TP,0.7841571646162143
4,83.0,Birch,24.45,,,0.0,,POINT (546004.025688 6449531.26138),"(np.float64(546004.025688), np.float64(6449531.26138))","(np.float64(546004.2335), np.float64(6449531.3586), np.float64(11.559999999999974))",TP,0.22942875953038835
4,19.0,Spruce,25.05,82.0,20.3,0.0,,POINT (546004.413147 6449515.72006999),"(np.float64(546004.413147), np.float64(6449515.72006999))",,FN,
4,152.0,Aspen,27.1,78.0,25.5,0.0,,POINT (546004.572593 6449570.86065999),"(np.float64(546004.572593), np.float64(6449570.86065999))",,FN,
4,153.0,Spruce,17.25,,,0.0,,POINT (546005.620451999 6449569.16395999),"(np.float64(546005.620451999), np.float64(6449569.16395999))",,FN,
4,30.0,Birch,26.15,,,0.0,,POINT (546005.745206 6449523.75081999),"(np.float64(546005.745206), np.float64(6449523.75081999))","(np.float64(546007.7305), np.float64(6449523.3896), np.float64(4.663999999999987))",TP,2.017888041306733
4,212.0,Fir,11.45,,,0.0,,POINT (546005.853561999 6449573.13128),"(np.float64(546005.853561999), np.float64(6449573.13128))",,FN,
4,78.0,Spruce,25.15,,,0.0,,POINT (546005.861227 6449529.43878),"(np.float64(546005.861227), np.float64(6449529.43878))","(np.float64(546005.1005), np.float64(6449530.0486), np.float64(24.906000000000006))",TP,0.974980000263604
4,95.0,Spruce,23.4,,,0.0,,POINT (546005.904035 6449541.37731),"(np.float64(546005.904035), np.float64(6449541.37731))","(np.float64(546005.4535), np.float64(6449540.9016), np.float64(19.78200000000001))",TP,0.655195993808739
4,154.0,Aspen,23.3,,24.9,0.0,,POINT (546006.038402999 6449569.32634),"(np.float64(546006.038402999), np.float64(6449569.32634))","(np.float64(546006.4205), np.float64(6449568.6066), np.float64(24.14699999999999))",TP,0.8148765468064505
4,94.0,Spruce,31.1,,,0.0,,POINT (546006.15887 6449544.66485),"(np.float64(546006.15887), np.float64(6449544.66485))","(np.float64(546006.1025), np.float64(6449544.3976), np.float64(21.85299999999998))",TP,0.2731302613542832
4,79.0,Birch,15.6,,,0.0,,POINT (546006.409574 6449530.89594),"(np.float64(546006.409574), np.float64(6449530.89594))",,FN,
4,31.0,Fir,27.0,,,0.0,,POINT (546006.469390999 6449519.53277),"(np.float64(546006.469390999), np.float64(6449519.53277))",,FN,
4,80.0,Spruce,16.0,,12.2,0.0,,POINT (546006.527539 6449531.83452999),"(np.float64(546006.527539), np.float64(6449531.83452999))",,FN,
4,213.0,Birch,29.15,,,0.0,,POINT (546006.96762 6449575.54977),"(np.float64(546006.96762), np.float64(6449575.54977))",,FN,
4,214.0,Birch,31.75,,,0.0,,POINT (546007.354473 6449575.48572999),"(np.float64(546007.354473), np.float64(6449575.48572999))","(np.float64(546007.8675), np.float64(6449576.1446), np.float64(4.747000000000014))",TP,0.8350487372925188
4,18.0,Birch,36.95,,,0.0,,POINT (546008.607253 6449509.42636999),"(np.float64(546008.607253), np.float64(6449509.42636999))","(np.float64(546008.6185), np.float64(6449508.8556), np.float64(24.245000000000005))",TP,0.5708807899520878
4,77.0,Spruce,18.8,,,0.0,,POINT (546008.690152999 6449528.05996999),"(np.float64(546008.690152999), np.float64(6449528.05996999))","(np.float64(546007.9315), np.float64(6449526.8256), np.float64(28.146000000000015))",TP,1.4488697815648037
4,82.0,Fir,12.1,,,0.0,,POINT (546008.956712999 6449535.81103),"(np.float64(546008.956712999), np.float64(6449535.81103))","(np.float64(546007.5365), np.float64(6449535.1536), np.float64(10.051000000000016))",TP,1.5649981367984511
4,81.0,Birch,22.65,,,0.0,,POINT (546009.04058 6449533.56192),"(np.float64(546009.04058), np.float64(6449533.56192))","(np.float64(546007.6145), np.float64(6449534.0316), np.float64(13.225999999999999))",TP,1.5014338043697424
4,211.0,Spruce,32.55,,,0.0,,POINT (546009.197217999 6449572.55614),"(np.float64(546009.197217999), np.float64(6449572.55614))","(np.float64(546009.3625), np.float64(6449571.7036), np.float64(24.45399999999998))",TP,0.8684138368566885
4,17.0,Spruce,26.15,76.0,15.6,0.0,,POINT (546009.537314999 6449509.66132),"(np.float64(546009.537314999), np.float64(6449509.66132))",,FN,
4,33.0,Birch,53.8,,28.8,0.0,,POINT (546009.653652 6449525.92315999),"(np.float64(546009.653652), np.float64(6449525.92315999))",,FN,
4,215.0,Aspen,22.85,65.0,23.6,0.0,Rotten,POINT (546009.72501 6449579.51147999),"(np.float64(546009.72501), np.float64(6449579.51147999))","(np.float64(546010.3745), np.float64(6449578.5306), np.float64(23.164999999999992))",TP,1.176419488866427
4,76.0,Spruce,30.2,,,0.0,,POINT (546009.846014 6449530.49399999),"(np.float64(546009.846014), np.float64(6449530.49399999))",,FN,
4,217.0,Spruce,24.35,,,0.0,,POINT (546009.960129 6449585.81601999),"(np.float64(546009.960129), np.float64(6449585.81601999))","(np.float64(546010.1335), np.float64(6449585.3746), np.float64(22.99799999999999))",TP,0.47424583396347053
4,32.0,Fir,21.35,,,0.0,,POINT (546009.969325999 6449521.19682),"(np.float64(546009.969325999), np.float64(6449521.19682))",,FN,
4,210.0,Spruce,17.6,,,0.0,,POINT (546010.10371 6449575.40701),"(np.float64(546010.10371), np.float64(6449575.40701))","(np.float64(546008.7985), np.float64(6449575.1486), np.float64(15.001000000000005))",TP,1.3305445773737195
4,15.0,Birch,19.2,,,0.0,,POINT (546010.121923999 6449512.42305),"(np.float64(546010.121923999), np.float64(6449512.42305))",,FN,
4,16.0,Birch,15.25,,,0.0,,POINT (546010.215985 6449512.10723),"(np.float64(546010.215985), np.float64(6449512.10723))","(np.float64(546011.1255), np.float64(6449512.0866), np.float64(5.692000000000007))",TP,0.9097489390143748
4,34.0,Spruce,19.4,,,0.0,Bended,POINT (546010.31198 6449526.13561999),"(np.float64(546010.31198), np.float64(6449526.13561999))","(np.float64(546010.4025), np.float64(6449526.9736), np.float64(17.908999999999992))",TP,0.8428548917045424
4,158.0,Fir,12.95,,,0.0,,POINT (546010.944631 6449562.94976999),"(np.float64(546010.944631), np.float64(6449562.94976999))","(np.float64(546009.4985), np.float64(6449560.5916), np.float64(24.87300000000002))",TP,2.76627196231254
4,159.0,Pine,38.25,,15.0,0.0,,POINT (546011.335840999 6449562.00071),"(np.float64(546011.335840999), np.float64(6449562.00071))",,FN,
4,75.0,Spruce,25.5,,21.3,0.0,,POINT (546012.421257999 6449528.93291999),"(np.float64(546012.421257999), np.float64(6449528.93291999))",,FN,
4,216.0,Spruce,33.75,,,0.0,,POINT (546012.479526999 6449581.51499),"(np.float64(546012.479526999), np.float64(6449581.51499))","(np.float64(546012.7315), np.float64(6449580.9186), np.float64(24.875))",TP,0.647434494632361
4,160.0,Spruce,28.95,,,0.0,,POINT (546012.684709 6449561.70799999),"(np.float64(546012.684709), np.float64(6449561.70799999))",,FN,
4,74.0,Birch,44.05,,29.3,0.0,,POINT (546012.724671 6449532.87714),"(np.float64(546012.724671), np.float64(6449532.87714))","(np.float64(546011.5875), np.float64(6449533.7956), np.float64(29.889999999999986))",TP,1.4617546489457092
4,155.0,Birch,35.05,,,80.0,,POINT (546012.906872999 6449569.64549999),"(np.float64(546012.906872999), np.float64(6449569.64549999))",,FN,
4,156.0,Spruce,25.5,,,0.0,,POINT (546013.429450999 6449569.13616999),"(np.float64(546013.429450999), np.float64(6449569.13616999))","(np.float64(546013.8275), np.float64(6449569.9526), np.float64(26.979000000000013))",TP,0.9082956400784559
4,73.0,Birch,47.45,,,60.0,,POINT (546015.154426999 6449536.41861),"(np.float64(546015.154426999), np.float64(6449536.41861))","(np.float64(546013.5685), np.float64(6449536.0426), np.float64(10.319999999999993))",TP,1.629892010549081
4,157.0,Spruce,33.5,,,0.0,,POINT (546015.195873999 6449564.75047),"(np.float64(546015.195873999), np.float64(6449564.75047))","(np.float64(546015.3895), np.float64(6449564.5836), np.float64(17.98400000000001))",TP,0.2556102999204907
4,261.0,Birch,15.85,,,0.0,,POINT (546015.212495999 6449605.92707),"(np.float64(546015.212495999), np.float64(6449605.92707))","(np.float64(546017.0125), np.float64(6449604.8756), np.float64(12.313999999999993))",TP,2.084611130443823
4,96.0,Birch,14.05,,,70.0,,POINT (546015.882053 6449549.15498999),"(np.float64(546015.882053), np.float64(6449549.15498999))",,FN,
4,97.0,Spruce,27.2,,,0.0,,POINT (546016.203629 6449547.08595),"(np.float64(546016.203629), np.float64(6449547.08595))","(np.float64(546014.8325), np.float64(6449546.2646), np.float64(9.49799999999999))",TP,1.5983149116682527
4,98.0,Birch,42.8,,27.5,0.0,,POINT (546016.243892999 6449545.19531),"(np.float64(546016.243892999), np.float64(6449545.19531))","(np.float64(546014.1685), np.float64(6449543.7046), np.float64(26.795000000000016))",TP,2.5552832339802922
4,14.0,Spruce,18.65,,18.9,0.0,,POINT (546016.301898999 6449514.80255),"(np.float64(546016.301898999), np.float64(6449514.80255))","(np.float64(546014.9895), np.float64(6449515.4166), np.float64(18.578000000000003))",TP,1.4489473886377375
4,13.0,Tilia,14.05,,,0.0,,POINT (546016.40855 6449507.19328999),"(np.float64(546016.40855), np.float64(6449507.19328999))",,FN,
4,150.0,Spruce,25.0,,,0.0,,POINT (546017.003127999 6449553.13069999),"(np.float64(546017.003127999), np.float64(6449553.13069999))","(np.float64(546017.0195), np.float64(6449553.5146), np.float64(27.958))",TP,0.3842489559081413
4,148.0,Birch,47.5,,28.2,0.0,,POINT (546017.435262999 6449552.88922999),"(np.float64(546017.435262999), np.float64(6449552.88922999))",,FN,
4,149.0,Spruce,11.9,,,0.0,,POINT (546017.468663 6449553.48171),"(np.float64(546017.468663), np.float64(6449553.48171))",,FN,
4,72.0,Spruce,11.55,,,70.0,,POINT (546017.599885 6449534.99586999),"(np.float64(546017.599885), np.float64(6449534.99586999))","(np.float64(546017.3165), np.float64(6449536.2666), np.float64(6.643000000000001))",TP,1.3019453962473053
4,12.0,Spruce,30.7,78.0,20.5,0.0,,POINT (546017.621318 6449505.50471999),"(np.float64(546017.621318), np.float64(6449505.50471999))","(np.float64(546016.6215), np.float64(6449505.3406), np.float64(23.405))",TP,1.0131986006908855
4,11.0,Birch,29.35,74.0,22.3,0.0,,POINT (546017.696331999 6449504.95863),"(np.float64(546017.696331999), np.float64(6449504.95863))",,FN,
4,10.0,Birch,20.75,,21.9,0.0,,POINT (546017.983027999 6449504.8283),"(np.float64(546017.983027999), np.float64(6449504.8283))",,FN,
4,101.0,Spruce,22.1,,,0.0,,POINT (546018.020127999 6449543.47396),"(np.float64(546018.020127999), np.float64(6449543.47396))",,FN,
4,147.0,Spruce,19.55,,,0.0,,POINT (546018.04466 6449549.90079999),"(np.float64(546018.04466), np.float64(6449549.90079999))",,FN,
4,99.0,Spruce,12.55,,,0.0,,POINT (546018.246709999 6449546.70313),"(np.float64(546018.246709999), np.float64(6449546.70313))",,FN,
4,257.0,Birch,25.3,,,0.0,,POINT (546018.347428999 6449598.86072),"(np.float64(546018.347428999), np.float64(6449598.86072))","(np.float64(546017.1365), np.float64(6449598.1946), np.float64(20.310000000000002))",TP,1.3820509741949802
4,209.0,Birch,14.95,,,0.0,,POINT (546018.396821 6449576.62052),"(np.float64(546018.396821), np.float64(6449576.62052))",,FN,
4,102.0,Spruce,13.55,,,0.0,,POINT (546018.410231 6449542.92291999),"(np.float64(546018.410231), np.float64(6449542.92291999))",,FN,
4,208.0,Spruce,16.0,,,0.0,,POINT (546018.418479999 6449573.99758),"(np.float64(546018.418479999), np.float64(6449573.99758))","(np.float64(546018.2935), np.float64(6449572.8936), np.float64(26.00399999999999))",TP,1.1110318810988336
4,70.0,Spruce,20.05,,,0.0,,POINT (546018.673686999 6449533.53753),"(np.float64(546018.673686999), np.float64(6449533.53753))","(np.float64(546016.9855), np.float64(6449531.7816), np.float64(6.086000000000013))",TP,2.435829531934798
4,71.0,Spruce,23.9,82.0,20.6,0.0,Rotten,POINT (546018.744810999 6449530.33318),"(np.float64(546018.744810999), np.float64(6449530.33318))","(np.float64(546017.9365), np.float64(6449530.0516), np.float64(20.728999999999985))",TP,0.8559520826076664
4,146.0,Birch,10.4,,,0.0,,POINT (546018.83846 6449552.4932),"(np.float64(546018.83846), np.float64(6449552.4932))",,FN,
4,145.0,Spruce,20.85,,,0.0,,POINT (546019.121511999 6449551.63375999),"(np.float64(546019.121511999), np.float64(6449551.63375999))",,FN,
4,100.0,Fir,13.75,,,0.0,,POINT (546019.206607999 6449545.47035),"(np.float64(546019.206607999), np.float64(6449545.47035))","(np.float64(546020.8495), np.float64(6449545.5336), np.float64(4.163000000000011))",TP,1.644109086796813
4,207.0,Birch,34.2,84.0,27.9,0.0,,POINT (546019.439897999 6449573.89367999),"(np.float64(546019.439897999), np.float64(6449573.89367999))",,FN,
4,260.0,Birch,23.65,,,0.0,,POINT (546019.458974999 6449604.28043),"(np.float64(546019.458974999), np.float64(6449604.28043))","(np.float64(546019.2635), np.float64(6449604.3356), np.float64(22.191000000000003))",TP,0.20311130963048127
4,104.0,Spruce,39.05,,27.2,0.0,,POINT (546019.637146 6449540.67748),"(np.float64(546019.637146), np.float64(6449540.67748))","(np.float64(546019.3715), np.float64(6449540.2216), np.float64(27.84899999999999))",TP,0.5276309050581833
4,103.0,Spruce,24.2,,,0.0,,POINT (546019.643476999 6449542.83373999),"(np.float64(546019.643476999), np.float64(6449542.83373999))",,FN,
4,144.0,Birch,15.9,,,0.0,,POINT (546019.654517999 6449549.68843999),"(np.float64(546019.654517999), np.float64(6449549.68843999))",,FN,
4,256.0,Spruce,18.7,,,0.0,,POINT (546019.861222999 6449598.2631),"(np.float64(546019.861222999), np.float64(6449598.2631))","(np.float64(546020.4475), np.float64(6449596.8366), np.float64(13.765000000000015))",TP,1.5422785001481412
4,105.0,Spruce,13.95,,,0.0,,POINT (546019.93503 6449540.76630999),"(np.float64(546019.93503), np.float64(6449540.76630999))","(np.float64(546019.3525), np.float64(6449540.4136), np.float64(6.4909999999999854))",TP,0.6809886474521335
4,143.0,Birch,17.4,,,0.0,,POINT (546020.494022 6449548.95316),"(np.float64(546020.494022), np.float64(6449548.95316))",,FN,
4,69.0,Spruce,19.85,,,0.0,,POINT (546020.61999 6449535.39666),"(np.float64(546020.61999), np.float64(6449535.39666))","(np.float64(546020.9945), np.float64(6449535.7306), np.float64(3.915999999999997))",TP,0.5017705291048591
4,142.0,Birch,15.3,,,0.0,,POINT (546020.738969 6449547.55618),"(np.float64(546020.738969), np.float64(6449547.55618))","(np.float64(546020.4435), np.float64(6449547.8356), np.float64(22.476))",TP,0.4066662834843903
4,9.0,Spruce,30.0,78.0,23.1,0.0,,POINT (546020.965937 6449505.78966),"(np.float64(546020.965937), np.float64(6449505.78966))","(np.float64(546020.0515), np.float64(6449505.4925999995), np.float64(22.373999999999995))",TP,0.9614778578294929
4,258.0,Fir,21.65,,,0.0,,POINT (546020.975623999 6449600.88860999),"(np.float64(546020.975623999), np.float64(6449600.88860999))","(np.float64(546021.7395), np.float64(6449599.9116), np.float64(21.89500000000001))",TP,1.2401834800299776
4,206.0,Spruce,31.05,,,0.0,,POINT (546021.005644 6449573.61175),"(np.float64(546021.005644), np.float64(6449573.61175))","(np.float64(546020.8965), np.float64(6449572.9136), np.float64(26.583))",TP,0.7066299144390766
4,161.0,Birch,27.2,,,0.0,,POINT (546021.009962999 6449564.54705999),"(np.float64(546021.009962999), np.float64(6449564.54705999))","(np.float64(546020.2505), np.float64(6449563.3466), np.float64(24.121999999999986))",TP,1.420523930139506
4,8.0,Spruce,11.05,,16.2,0.0,,POINT (546021.159470999 6449505.90515),"(np.float64(546021.159470999), np.float64(6449505.90515))",,FN,
4,205.0,Spruce,16.45,,,0.0,,POINT (546021.196405 6449574.02123),"(np.float64(546021.196405), np.float64(6449574.02123))",,FN,
4,204.0,Fir,19.4,,,0.0,,POINT (546021.274215999 6449577.38750999),"(np.float64(546021.274215999), np.float64(6449577.38750999))",,FN,
4,218.0,Spruce,28.55,,,0.0,,POINT (546021.374391 6449582.12818),"(np.float64(546021.374391), np.float64(6449582.12818))","(np.float64(546021.0245), np.float64(6449581.9976), np.float64(4.545999999999992))",TP,0.3734633156847405
4,35.0,Spruce,29.2,75.0,25.1,0.0,,POINT (546021.571471999 6449523.51989),"(np.float64(546021.571471999), np.float64(6449523.51989))","(np.float64(546020.4155), np.float64(6449523.8056), np.float64(25.158000000000015))",TP,1.1907566780819374
4,108.0,Spruce,15.15,,,0.0,,POINT (546021.93108 6449539.06077999),"(np.float64(546021.93108), np.float64(6449539.06077999))","(np.float64(546021.2835), np.float64(6449538.8746), np.float64(9.758999999999986))",TP,0.6738121734164417
4,109.0,Birch,44.1,,,60.0,,POINT (546022.247219 6449538.19476999),"(np.float64(546022.247219), np.float64(6449538.19476999))",,FN,
4,141.0,Birch,14.6,,,0.0,,POINT (546022.428135999 6449554.80145999),"(np.float64(546022.428135999), np.float64(6449554.80145999))",,FN,
4,259.0,Fir,38.15,,,0.0,,POINT (546022.5259 6449605.47487999),"(np.float64(546022.5259), np.float64(6449605.47487999))","(np.float64(546022.3655), np.float64(6449604.3776), np.float64(25.043999999999983))",TP,1.1089416290647023
4,140.0,Birch,21.2,,,0.0,,POINT (546022.771552999 6449555.08289),"(np.float64(546022.771552999), np.float64(6449555.08289))","(np.float64(546022.8655), np.float64(6449555.1326), np.float64(26.40299999999999))",TP,0.10628792534857817
4,36.0,Birch,33.3,,,0.0,,POINT (546023.036577 6449521.88454999),"(np.float64(546023.036577), np.float64(6449521.88454999))","(np.float64(546020.7015), np.float64(6449522.9676), np.float64(4.604000000000013))",TP,2.5740205749050333
4,137.0,Birch,25.55,,,0.0,,POINT (546023.069048 6449553.56558),"(np.float64(546023.069048), np.float64(6449553.56558))",,FN,
4,138.0,Birch,19.6,,,80.0,,POINT (546023.214477999 6449554.07849),"(np.float64(546023.214477999), np.float64(6449554.07849))",,FN,
4,106.0,Birch,15.4,,,0.0,,POINT (546023.282216 6449542.87743),"(np.float64(546023.282216), np.float64(6449542.87743))","(np.float64(546022.9905), np.float64(6449543.5476), np.float64(8.134000000000015))",TP,0.7309076914062195
4,255.0,Birch,19.0,,,0.0,,POINT (546023.360026999 6449599.15806999),"(np.float64(546023.360026999), np.float64(6449599.15806999))",,FN,
4,139.0,Birch,21.7,,24.9,0.0,,POINT (546023.378898 6449554.28060999),"(np.float64(546023.378898), np.float64(6449554.28060999))",,FN,
4,68.0,Fir,23.2,,,0.0,,POINT (546023.709886 6449531.684),"(np.float64(546023.709886), np.float64(6449531.684))","(np.float64(546024.0555), np.float64(6449532.4056), np.float64(9.030000000000001))",TP,0.8000972420418265
4,203.0,Fir,13.25,,,0.0,,POINT (546023.751811 6449577.04526999),"(np.float64(546023.751811), np.float64(6449577.04526999))","(np.float64(546024.5895), np.float64(6449577.7756), np.float64(3.475999999999999))",TP,1.1113526821227697
4,107.0,Spruce,41.15,,,0.0,,POINT (546023.922634999 6449541.05649999),"(np.float64(546023.922634999), np.float64(6449541.05649999))","(np.float64(546023.9395), np.float64(6449540.8976), np.float64(27.351))",TP,0.15979247494911078
4,202.0,Birch,33.5,,29.3,0.0,,POINT (546024.057678999 6449574.32997),"(np.float64(546024.057678999), np.float64(6449574.32997))","(np.float64(546023.6215), np.float64(6449574.8356), np.float64(27.465000000000003))",TP,0.6677677857202355
4,39.0,Spruce,28.4,,,0.0,,POINT (546024.203394999 6449521.59449999),"(np.float64(546024.203394999), np.float64(6449521.59449999))",,FN,
4,254.0,Birch,50.2,,,80.0,,POINT (546024.300466999 6449597.72702),"(np.float64(546024.300466999), np.float64(6449597.72702))","(np.float64(546024.5965), np.float64(6449597.1396), np.float64(3.8999999999999773))",TP,0.6577976845704602
4,162.0,Spruce,14.05,,,0.0,,POINT (546024.361858 6449568.31737999),"(np.float64(546024.361858), np.float64(6449568.31737999))","(np.float64(546024.2205), np.float64(6449567.9316), np.float64(11.236999999999995))",TP,0.4108628539507081
4,37.0,Spruce,20.1,,19.2,0.0,,POINT (546024.460399999 6449518.55654999),"(np.float64(546024.460399999), np.float64(6449518.55654999))",,FN,
4,67.0,Birch,26.15,,25.1,0.0,,POINT (546024.552315999 6449524.56422),"(np.float64(546024.552315999), np.float64(6449524.56422))","(np.float64(546023.6445), np.float64(6449525.1346), np.float64(24.595))",TP,1.072130231314218
4,66.0,Birch,18.9,,,80.0,,POINT (546024.737742 6449524.14257),"(np.float64(546024.737742), np.float64(6449524.14257))",,FN,
4,65.0,Birch,26.45,85.0,24.7,0.0,,POINT (546024.943644999 6449524.38523),"(np.float64(546024.943644999), np.float64(6449524.38523))",,FN,
4,163.0,Birch,38.45,,,0.0,,POINT (546025.040995 6449564.18075999),"(np.float64(546025.040995), np.float64(6449564.18075999))","(np.float64(546024.5315), np.float64(6449564.1516), np.float64(8.765999999999991))",TP,0.5103287763799114
4,38.0,Spruce,32.65,,21.0,0.0,,POINT (546025.828682 6449515.73787999),"(np.float64(546025.828682), np.float64(6449515.73787999))","(np.float64(546024.5615), np.float64(6449515.9146), np.float64(22.170999999999992))",TP,1.279445263912276
4,136.0,Spruce,14.95,,,0.0,,POINT (546025.888764 6449551.57959999),"(np.float64(546025.888764), np.float64(6449551.57959999))",,FN,
4,64.0,Fir,14.65,,,0.0,,POINT (546025.994513 6449524.01269),"(np.float64(546025.994513), np.float64(6449524.01269))",,FN,
4,7.0,Aspen,40.75,,26.1,0.0,,POINT (546026.053068 6449510.02027999),"(np.float64(546026.053068), np.float64(6449510.02027999))",,FN,
4,219.0,Birch,20.0,,,0.0,,POINT (546026.087873999 6449582.27668),"(np.float64(546026.087873999), np.float64(6449582.27668))",,FN,
4,134.0,Birch,32.05,,,70.0,,POINT (546026.155027 6449554.36624),"(np.float64(546026.155027), np.float64(6449554.36624))","(np.float64(546025.2055), np.float64(6449555.2596), np.float64(6.104000000000013))",TP,1.3037229818637022
4,221.0,Spruce,31.0,,,0.0,,POINT (546026.926288999 6449580.45729),"(np.float64(546026.926288999), np.float64(6449580.45729))","(np.float64(546026.2625), np.float64(6449580.6736), np.float64(8.439999999999998))",TP,0.698144577735951
4,135.0,Spruce,28.65,,,0.0,,POINT (546027.067341999 6449552.94483),"(np.float64(546027.067341999), np.float64(6449552.94483))",,FN,
4,133.0,Spruce,14.85,,,0.0,,POINT (546027.077255 6449554.74411),"(np.float64(546027.077255), np.float64(6449554.74411))",,FN,
4,253.0,Spruce,27.4,,,0.0,,POINT (546027.200273999 6449598.22826999),"(np.float64(546027.200273999), np.float64(6449598.22826999))","(np.float64(546026.2065), np.float64(6449597.0586), np.float64(26.79000000000002))",TP,1.5348337517465391
4,220.0,Spruce,27.9,,,0.0,,POINT (546027.233278 6449582.40839),"(np.float64(546027.233278), np.float64(6449582.40839))","(np.float64(546027.3835), np.float64(6449582.3106), np.float64(24.736999999999995))",TP,0.17924712934906561
4,164.0,Spruce,27.65,,,0.0,,POINT (546027.331066 6449559.90378999),"(np.float64(546027.331066), np.float64(6449559.90378999))","(np.float64(546027.0635), np.float64(6449559.3846), np.float64(13.019000000000005))",TP,0.5840803106019471
4,200.0,Spruce,22.2,,,0.0,,POINT (546027.357339999 6449571.57208999),"(np.float64(546027.357339999), np.float64(6449571.57208999))","(np.float64(546027.3625), np.float64(6449571.4196), np.float64(4.4839999999999804))",TP,0.1525772678323517
4,130.0,Spruce,12.45,,,0.0,,POINT (546027.466022999 6449551.25781),"(np.float64(546027.466022999), np.float64(6449551.25781))",,FN,
4,6.0,Spruce,27.6,82.0,20.8,0.0,Rotten,POINT (546027.604052999 6449504.18671),"(np.float64(546027.604052999), np.float64(6449504.18671))",,FN,
4,201.0,Fir,13.0,,,70.0,,POINT (546027.716056999 6449574.40192),"(np.float64(546027.716056999), np.float64(6449574.40192))","(np.float64(546028.7475), np.float64(6449574.6576), np.float64(11.144000000000005))",TP,1.0626603062376792
4,63.0,Birch,29.25,,,0.0,,POINT (546028.081965 6449526.40667),"(np.float64(546028.081965), np.float64(6449526.40667))","(np.float64(546026.4265), np.float64(6449526.9466), np.float64(23.727000000000004))",TP,1.741289399078985
4,199.0,Birch,31.8,,,0.0,,POINT (546028.271796999 6449571.07478),"(np.float64(546028.271796999), np.float64(6449571.07478))","(np.float64(546028.9825), np.float64(6449570.9925999995), np.float64(7.9879999999999995))",TP,0.7154385425601769
4,132.0,Birch,27.2,,,0.0,,POINT (546028.35248 6449553.95540999),"(np.float64(546028.35248), np.float64(6449553.95540999))","(np.float64(546028.2745), np.float64(6449553.9016), np.float64(3.210000000000008))",TP,0.09474384061046695
4,62.0,Birch,26.55,,,0.0,,POINT (546028.408117 6449526.47486),"(np.float64(546028.408117), np.float64(6449526.47486))",,FN,
4,198.0,Spruce,25.65,,,0.0,,POINT (546028.467947 6449572.15539),"(np.float64(546028.467947), np.float64(6449572.15539))","(np.float64(546029.5005), np.float64(6449571.8206), np.float64(26.445999999999998))",TP,1.0854722666023455
4,5.0,Tilia,12.95,,,0.0,,POINT (546028.517567 6449508.28277),"(np.float64(546028.517567), np.float64(6449508.28277))","(np.float64(546029.0875), np.float64(6449506.5326), np.float64(3.6910000000000025))",TP,1.8406299618102675
4,222.0,Spruce,22.75,,,0.0,,POINT (546028.538974 6449579.71291999),"(np.float64(546028.538974), np.float64(6449579.71291999))",,FN,
4,129.0,Spruce,12.9,,,0.0,,POINT (546028.720729 6449549.10673),"(np.float64(546028.720729), np.float64(6449549.10673))","(np.float64(546027.6935), np.float64(6449547.2916), np.float64(8.906000000000006))",TP,2.0856405096155486
4,4.0,Tilia,15.05,,,0.0,,POINT (546029.127333999 6449508.61662),"(np.float64(546029.127333999), np.float64(6449508.61662))",,FN,
4,60.0,Birch,25.15,,,0.0,,POINT (546029.433756 6449525.0289),"(np.float64(546029.433756), np.float64(6449525.0289))","(np.float64(546029.5495), np.float64(6449525.0526), np.float64(23.956000000000017))",TP,0.11814551838591653
4,223.0,Fir,20.65,,,0.0,,POINT (546029.903749 6449578.49232999),"(np.float64(546029.903749), np.float64(6449578.49232999))",,FN,
4,110.0,Spruce,30.85,,,0.0,,POINT (546029.911257999 6449540.03325999),"(np.float64(546029.911257999), np.float64(6449540.03325999))","(np.float64(546029.4575), np.float64(6449539.3566), np.float64(22.962000000000018))",TP,0.8147177817260867
4,224.0,Fir,20.5,,,0.0,,POINT (546030.042084999 6449582.44142999),"(np.float64(546030.042084999), np.float64(6449582.44142999))",,FN,
4,61.0,Spruce,23.05,,,0.0,,POINT (546030.044192999 6449527.02489999),"(np.float64(546030.044192999), np.float64(6449527.02489999))",,FN,
4,165.0,Spruce,14.05,,,0.0,,POINT (546030.200316 6449567.15020999),"(np.float64(546030.200316), np.float64(6449567.15020999))","(np.float64(546030.3705), np.float64(6449566.5006), np.float64(12.044999999999987))",TP,0.6715323770920125
4,131.0,Birch,15.5,,,0.0,,POINT (546030.297687 6449554.3414),"(np.float64(546030.297687), np.float64(6449554.3414))","(np.float64(546030.6275), np.float64(6449554.1216), np.float64(6.645999999999987))",TP,0.3963441117997238
4,225.0,Birch,27.55,,,0.0,,POINT (546030.374906999 6449585.26293999),"(np.float64(546030.374906999), np.float64(6449585.26293999))",,FN,
4,128.0,Spruce,35.75,,25.2,0.0,,POINT (546030.382633 6449547.95596999),"(np.float64(546030.382633), np.float64(6449547.95596999))","(np.float64(546029.9175), np.float64(6449547.3486), np.float64(24.143))",TP,0.765014387181024
4,197.0,Birch,50.1,,28.7,0.0,,POINT (546030.526696 6449576.63016999),"(np.float64(546030.526696), np.float64(6449576.63016999))","(np.float64(546030.3235), np.float64(6449575.7256), np.float64(28.966999999999985))",TP,0.9271113639745145
4,59.0,Spruce,18.5,,,0.0,,POINT (546030.578528 6449523.41746),"(np.float64(546030.578528), np.float64(6449523.41746))",,FN,
4,167.0,Spruce,23.5,,,0.0,,POINT (546030.613185 6449564.6693),"(np.float64(546030.613185), np.float64(6449564.6693))",,FN,
4,226.0,Birch,28.6,,,0.0,,POINT (546030.736236999 6449585.23957),"(np.float64(546030.736236999), np.float64(6449585.23957))","(np.float64(546030.8795), np.float64(6449585.4016), np.float64(7.469999999999999))",TP,0.21628224252517564
4,111.0,Spruce,12.05,,,0.0,,POINT (546031.009673999 6449545.69682999),"(np.float64(546031.009673999), np.float64(6449545.69682999))",,FN,
4,112.0,Spruce,17.1,,,0.0,,POINT (546031.254634 6449545.23393),"(np.float64(546031.254634), np.float64(6449545.23393))","(np.float64(546032.2445), np.float64(6449544.8896), np.float64(6.646000000000015))",TP,1.0480447732451024
4,166.0,Birch,28.9,,,0.0,,POINT (546031.529467 6449566.83523999),"(np.float64(546031.529467), np.float64(6449566.83523999))","(np.float64(546031.2795), np.float64(6449565.6866), np.float64(24.08699999999999))",TP,1.1755242778453423
4,168.0,Spruce,16.1,,,0.0,,POINT (546032.360878 6449564.39269999),"(np.float64(546032.360878), np.float64(6449564.39269999))",,FN,
4,58.0,Spruce,23.8,76.0,19.6,0.0,Rotten,POINT (546032.812481999 6449523.66915),"(np.float64(546032.812481999), np.float64(6449523.66915))",,FN,
4,196.0,Fir,14.45,,,0.0,,POINT (546033.007349999 6449578.69918),"(np.float64(546033.007349999), np.float64(6449578.69918))",,FN,
4,57.0,Spruce,16.9,,,0.0,,POINT (546033.008818999 6449524.1117),"(np.float64(546033.008818999), np.float64(6449524.1117))",,FN,
4,170.0,Birch,44.4,,,80.0,,POINT (546033.213182999 6449560.08829),"(np.float64(546033.213182999), np.float64(6449560.08829))","(np.float64(546034.7905), np.float64(6449559.9686), np.float64(26.24599999999998))",TP,1.5818516420958195
4,55.0,Birch,27.6,,,0.0,Bended,POINT (546033.687546 6449529.20282999),"(np.float64(546033.687546), np.float64(6449529.20282999))","(np.float64(546033.6225), np.float64(6449528.9346), np.float64(10.900000000000006))",TP,0.27600418346011685
4,169.0,Birch,15.9,,,80.0,,POINT (546033.997084 6449561.81548999),"(np.float64(546033.997084), np.float64(6449561.81548999))","(np.float64(546035.2525), np.float64(6449561.2916), np.float64(9.830999999999989))",TP,1.3603418886557685
4,56.0,Birch,25.05,82.0,23.9,0.0,,POINT (546034.045443 6449528.90139999),"(np.float64(546034.045443), np.float64(6449528.90139999))",,FN,
4,54.0,Birch,21.65,,,80.0,,POINT (546034.183309999 6449529.38021),"(np.float64(546034.183309999), np.float64(6449529.38021))","(np.float64(546034.3165), np.float64(6449529.2496), np.float64(5.7409999999999854))",TP,0.1865436907507236
4,227.0,Spruce,12.45,,,0.0,,POINT (546034.249763 6449584.67561),"(np.float64(546034.249763), np.float64(6449584.67561))","(np.float64(546034.2155), np.float64(6449583.5176), np.float64(8.013000000000005))",TP,1.1585167733400712
4,40.0,Spruce,26.65,,,0.0,,POINT (546034.275496999 6449522.11878999),"(np.float64(546034.275496999), np.float64(6449522.11878999))",,FN,
4,115.0,Birch,28.05,,,80.0,,POINT (546034.553599999 6449546.73838999),"(np.float64(546034.553599999), np.float64(6449546.73838999))",,FN,
4,116.0,Birch,13.55,,,60.0,,POINT (546034.564709 6449547.19756999),"(np.float64(546034.564709), np.float64(6449547.19756999))","(np.float64(546034.5585), np.float64(6449547.9536), np.float64(15.019000000000005))",TP,0.7560555057611196
4,195.0,Birch,44.4,,28.7,0.0,,POINT (546034.642580999 6449582.27644999),"(np.float64(546034.642580999), np.float64(6449582.27644999))","(np.float64(546033.1865), np.float64(6449582.0566), np.float64(26.965000000000003))",TP,1.4725847663307836
4,117.0,Birch,35.55,97.0,26.8,0.0,,POINT (546034.803068 6449547.63865999),"(np.float64(546034.803068), np.float64(6449547.63865999))",,FN,
4,41.0,Spruce,21.55,,,0.0,,POINT (546034.844501 6449522.12208999),"(np.float64(546034.844501), np.float64(6449522.12208999))","(np.float64(546034.9815), np.float64(6449522.0716), np.float64(27.12700000000001))",TP,0.1460067296048447
4,118.0,Birch,21.5,,,70.0,,POINT (546035.034365999 6449546.91557),"(np.float64(546035.034365999), np.float64(6449546.91557))",,FN,
4,3.0,Birch,30.55,,,0.0,,POINT (546035.078810999 6449506.20179),"(np.float64(546035.078810999), np.float64(6449506.20179))",,FN,
4,113.0,Birch,24.75,,,0.0,,POINT (546035.22837 6449543.25375999),"(np.float64(546035.22837), np.float64(6449543.25375999))",,FN,
4,2.0,Birch,23.0,,,0.0,,POINT (546035.44253 6449505.75841999),"(np.float64(546035.44253), np.float64(6449505.75841999))","(np.float64(546035.4995), np.float64(6449505.9896), np.float64(23.27000000000001))",TP,0.23809615304650728
4,53.0,Spruce,11.6,,,0.0,,POINT (546035.582642999 6449528.42808),"(np.float64(546035.582642999), np.float64(6449528.42808))",,FN,
4,45.0,Birch,21.4,,,0.0,,POINT (546035.704326999 6449512.01028999),"(np.float64(546035.704326999), np.float64(6449512.01028999))","(np.float64(546035.9855), np.float64(6449512.7086), np.float64(6.847000000000008))",TP,0.7527915550832277
4,46.0,Birch,23.75,,21.3,0.0,,POINT (546035.789609999 6449511.36534),"(np.float64(546035.789609999), np.float64(6449511.36534))","(np.float64(546033.7385), np.float64(6449511.3196), np.float64(21.534999999999997))",TP,2.051619939432825
4,1.0,Birch,28.05,,,0.0,,POINT (546035.942644999 6449505.59681999),"(np.float64(546035.942644999), np.float64(6449505.59681999))",,FN,
4,192.0,Spruce,16.25,,,0.0,,POINT (546035.964339999 6449576.53694),"(np.float64(546035.964339999), np.float64(6449576.53694))",,FN,
4,187.0,Aspen,35.65,80.0,26.1,0.0,,POINT (546036.121385999 6449573.88473999),"(np.float64(546036.121385999), np.float64(6449573.88473999))",,FN,
4,193.0,Spruce,17.15,,,0.0,,POINT (546036.195355999 6449579.81018),"(np.float64(546036.195355999), np.float64(6449579.81018))",,FN,
4,42.0,Birch,33.45,70.0,26.0,0.0,,POINT (546036.204372999 6449523.46564999),"(np.float64(546036.204372999), np.float64(6449523.46564999))",,FN,
4,114.0,Fir,23.0,,,0.0,,POINT (546036.321457999 6449539.35745999),"(np.float64(546036.321457999), np.float64(6449539.35745999))","(np.float64(546035.6695), np.float64(6449541.2026), np.float64(21.171999999999997))",TP,1.956934053405656
4,186.0,Spruce,11.9,,,0.0,,POINT (546036.428498 6449572.16354),"(np.float64(546036.428498), np.float64(6449572.16354))","(np.float64(546036.1855), np.float64(6449572.4546), np.float64(10.158999999999992))",TP,0.3791621703778739
4,191.0,Spruce,26.45,,,0.0,,POINT (546036.455247999 6449577.56032999),"(np.float64(546036.455247999), np.float64(6449577.56032999))","(np.float64(546035.6315), np.float64(6449578.3036), np.float64(3.0279999999999916))",TP,1.1095093840597692
4,194.0,Spruce,22.5,,,0.0,,POINT (546037.096179999 6449581.85589999),"(np.float64(546037.096179999), np.float64(6449581.85589999))","(np.float64(546038.0995), np.float64(6449582.7126), np.float64(12.314999999999998))",TP,1.3193126743485215
4,252.0,Spruce,19.45,,,0.0,,POINT (546037.255455999 6449601.62958),"(np.float64(546037.255455999), np.float64(6449601.62958))",,FN,
4,185.0,Spruce,19.9,,,0.0,,POINT (546037.344595 6449569.66808999),"(np.float64(546037.344595), np.float64(6449569.66808999))","(np.float64(546037.1885), np.float64(6449569.2246), np.float64(4.296999999999997))",TP,0.47015850476084636
4,52.0,Spruce,30.65,,,0.0,,POINT (546037.588345999 6449529.78892999),"(np.float64(546037.588345999), np.float64(6449529.78892999))","(np.float64(546037.5275), np.float64(6449529.5686), np.float64(8.257000000000005))",TP,0.22857720785779315
4,251.0,Spruce,29.6,,,0.0,,POINT (546037.592794 6449602.15094999),"(np.float64(546037.592794), np.float64(6449602.15094999))","(np.float64(546037.8655), np.float64(6449601.6946), np.float64(24.119))",TP,0.5316238106566136
4,188.0,Spruce,13.8,,,0.0,,POINT (546037.997709 6449575.66395999),"(np.float64(546037.997709), np.float64(6449575.66395999))","(np.float64(546038.0245), np.float64(6449574.6626), np.float64(13.945999999999998))",TP,1.0017183171874329
4,119.0,Spruce,19.25,,,0.0,,POINT (546038.922955999 6449551.02481),"(np.float64(546038.922955999), np.float64(6449551.02481))","(np.float64(546038.7965), np.float64(6449550.1066), np.float64(15.655000000000001))",TP,0.9268768662127792
4,43.0,Birch,16.05,,16.1,0.0,,POINT (546039.06168 6449519.09595999),"(np.float64(546039.06168), np.float64(6449519.09595999))",,FN,
4,190.0,Aspen,27.75,74.0,26.8,0.0,,POINT (546039.162433 6449578.81017),"(np.float64(546039.162433), np.float64(6449578.81017))",,FN,
4,44.0,Birch,20.25,,,0.0,,POINT (546039.209133 6449518.82782999),"(np.float64(546039.209133), np.float64(6449518.82782999))","(np.float64(546037.1115), np.float64(6449518.5116), np.float64(22.024))",TP,2.1213358077158673
4,51.0,Spruce,28.5,,,0.0,,POINT (546039.257315 6449527.46416),"(np.float64(546039.257315), np.float64(6449527.46416))","(np.float64(546038.9165), np.float64(6449526.6386), np.float64(25.078000000000003))",TP,0.8931428651042732
4,189.0,Aspen,30.65,78.0,28.3,0.0,,POINT (546039.776899 6449578.46602),"(np.float64(546039.776899), np.float64(6449578.46602))","(np.float64(546040.4975), np.float64(6449578.1866), np.float64(25.557999999999993))",TP,0.7728786048874333
4,250.0,Birch,26.5,,,0.0,,POINT (546039.901096999 6449598.63528),"(np.float64(546039.901096999), np.float64(6449598.63528))","(np.float64(546040.0645), np.float64(6449598.9766), np.float64(13.996999999999986))",TP,0.37841760386173295
4,171.0,Spruce,33.1,,,0.0,,POINT (546040.401128 6449562.32070999),"(np.float64(546040.401128), np.float64(6449562.32070999))","(np.float64(546039.8335), np.float64(6449561.5996), np.float64(26.191000000000003))",TP,0.9177151868419237
4,47.0,Spruce,18.75,,,0.0,,POINT (546040.481136 6449517.43303999),"(np.float64(546040.481136), np.float64(6449517.43303999))",,FN,
4,228.0,Spruce,15.3,,,0.0,,POINT (546040.945477999 6449579.90914),"(np.float64(546040.945477999), np.float64(6449579.90914))","(np.float64(546040.9975), np.float64(6449578.9366), np.float64(14.607))",TP,0.9739303574029836
4,50.0,Birch,39.85,,26.1,0.0,,POINT (546041.400605999 6449523.94837),"(np.float64(546041.400605999), np.float64(6449523.94837))",,FN,
4,49.0,Birch,40.75,,,0.0,,POINT (546041.825597999 6449523.87382),"(np.float64(546041.825597999), np.float64(6449523.87382))",,FN,
4,174.0,Spruce,16.85,,,0.0,,POINT (546041.938945999 6449568.81297),"(np.float64(546041.938945999), np.float64(6449568.81297))","(np.float64(546041.7105), np.float64(6449568.2096), np.float64(12.984000000000009))",TP,0.6451689174795532
4,173.0,Birch,25.05,,22.8,0.0,,POINT (546042.229031999 6449568.26264999),"(np.float64(546042.229031999), np.float64(6449568.26264999))",,FN,
4,184.0,Aspen,34.45,72.0,28.3,0.0,,POINT (546042.614361 6449575.25317),"(np.float64(546042.614361), np.float64(6449575.25317))",,FN,
4,48.0,Spruce,30.35,76.0,19.6,0.0,,POINT (546042.808892 6449524.6365),"(np.float64(546042.808892), np.float64(6449524.6365))",,FN,
4,231.0,Aspen,37.9,,29.0,0.0,,POINT (546042.91029 6449588.11902999),"(np.float64(546042.91029), np.float64(6449588.11902999))",,FN,
4,183.0,Aspen,20.55,,,80.0,,POINT (546042.964202999 6449575.26766),"(np.float64(546042.964202999), np.float64(6449575.26766))","(np.float64(546042.6145), np.float64(6449574.3086), np.float64(12.519000000000005))",TP,1.0208272486552825
4,127.0,Birch,36.1,92.0,26.9,0.0,,POINT (546043.144995999 6449558.99763999),"(np.float64(546043.144995999), np.float64(6449558.99763999))","(np.float64(546042.4205), np.float64(6449557.6726), np.float64(26.209000000000003))",TP,1.5101739728887151
4,230.0,Fir,14.45,,,0.0,,POINT (546043.223179999 6449582.59659),"(np.float64(546043.223179999), np.float64(6449582.59659))","(np.float64(546042.1555), np.float64(6449585.0146), np.float64(6.955999999999989))",TP,2.6432391002592666
4,125.0,Birch,35.9,,,0.0,,POINT (546043.432567 6449554.51296),"(np.float64(546043.432567), np.float64(6449554.51296))",,FN,
4,172.0,Spruce,17.1,,,0.0,,POINT (546043.480996 6449567.02661),"(np.float64(546043.480996), np.float64(6449567.02661))","(np.float64(546041.9905), np.float64(6449565.9986), np.float64(6.421999999999997))",TP,1.810630522005484
4,126.0,Spruce,26.75,,,0.0,,POINT (546043.501748 6449552.94072),"(np.float64(546043.501748), np.float64(6449552.94072))","(np.float64(546042.7605), np.float64(6449552.7626), np.float64(25.082000000000022))",TP,0.7623485633890439
4,229.0,Birch,28.85,,,0.0,,POINT (546043.516553999 6449580.46518),"(np.float64(546043.516553999), np.float64(6449580.46518))","(np.float64(546043.0855), np.float64(6449578.6576), np.float64(15.189999999999998))",TP,1.8582661297718128
4,249.0,Birch,32.1,81.0,25.2,0.0,Rotten,POINT (546043.607628999 6449597.37074),"(np.float64(546043.607628999), np.float64(6449597.37074))","(np.float64(546043.1845), np.float64(6449597.8756), np.float64(23.122000000000014))",TP,0.6587273861060667
4,120.0,Spruce,28.25,,,0.0,,POINT (546043.902387 6449544.39915999),"(np.float64(546043.902387), np.float64(6449544.39915999))","(np.float64(546043.4215), np.float64(6449543.2886), np.float64(23.162000000000006))",TP,1.2102048585012752
4,182.0,Birch,30.3,,,0.0,,POINT (546043.961154 6449573.71932999),"(np.float64(546043.961154), np.float64(6449573.71932999))","(np.float64(546044.4115), np.float64(6449572.9056), np.float64(7.598000000000013))",TP,0.9300365674590961
4,181.0,Spruce,11.55,,,0.0,,POINT (546045.210953 6449576.39257999),"(np.float64(546045.210953), np.float64(6449576.39257999))",,FN,
4,232.0,Spruce,29.0,,,0.0,,POINT (546045.383044 6449585.34853),"(np.float64(546045.383044), np.float64(6449585.34853))",,FN,
4,121.0,Birch,24.5,,,0.0,,POINT (546045.605014999 6449543.50392999),"(np.float64(546045.605014999), np.float64(6449543.50392999))",,FN,
4,122.0,Birch,29.4,,,0.0,,POINT (546045.87904 6449542.72439),"(np.float64(546045.87904), np.float64(6449542.72439))","(np.float64(546045.2685), np.float64(6449541.0416), np.float64(6.864000000000004))",TP,1.79012325712516
4,233.0,Birch,41.6,,27.2,0.0,,POINT (546046.035039999 6449582.46965999),"(np.float64(546046.035039999), np.float64(6449582.46965999))","(np.float64(546047.5275), np.float64(6449581.7156), np.float64(28.420000000000016))",TP,1.6721373516376918
4,236.0,Birch,13.65,,,0.0,,POINT (546046.539391999 6449587.90058),"(np.float64(546046.539391999), np.float64(6449587.90058))","(np.float64(546045.4755), np.float64(6449587.7246), np.float64(9.067000000000007))",TP,1.0783483416933297
4,180.0,Birch,12.6,,,0.0,,POINT (546047.777614 6449574.40935999),"(np.float64(546047.777614), np.float64(6449574.40935999))","(np.float64(546047.8915), np.float64(6449573.2706), np.float64(11.23399999999998))",TP,1.1444406206564357
4,248.0,Birch,30.9,,,0.0,,POINT (546047.795593 6449597.32247),"(np.float64(546047.795593), np.float64(6449597.32247))","(np.float64(546047.1885), np.float64(6449596.6196), np.float64(12.129999999999995))",TP,0.9287562369794748
4,247.0,Spruce,16.15,,,0.0,,POINT (546048.230168999 6449597.59207),"(np.float64(546048.230168999), np.float64(6449597.59207))",,FN,
4,124.0,Birch,19.2,,,0.0,,POINT (546048.374153999 6449554.03132999),"(np.float64(546048.374153999), np.float64(6449554.03132999))","(np.float64(546048.0855), np.float64(6449553.8336), np.float64(5.331999999999994))",TP,0.34988323823632544
4,234.0,Aspen,34.2,72.0,28.6,0.0,,POINT (546048.700589 6449583.61295999),"(np.float64(546048.700589), np.float64(6449583.61295999))",,FN,
4,235.0,Spruce,11.65,,,0.0,,POINT (546048.739849 6449584.06049999),"(np.float64(546048.739849), np.float64(6449584.06049999))","(np.float64(546048.1735), np.float64(6449583.5266), np.float64(10.813000000000017))",TP,0.7783317987819178
4,123.0,Spruce,28.8,,,0.0,,POINT (546049.637498999 6449549.96021),"(np.float64(546049.637498999), np.float64(6449549.96021))","(np.float64(546048.0615), np.float64(6449549.7416), np.float64(9.557999999999993))",TP,1.5910886766882326
4,179.0,Birch,23.5,,,0.0,,POINT (546049.902057999 6449578.20693),"(np.float64(546049.902057999), np.float64(6449578.20693))","(np.float64(546048.6665), np.float64(6449577.5566), np.float64(7.227000000000004))",TP,1.3962566664148959
4,245.0,Spruce,30.15,,,0.0,,POINT (546049.932813 6449598.48799),"(np.float64(546049.932813), np.float64(6449598.48799))","(np.float64(546050.2935), np.float64(6449597.9996), np.float64(4.730000000000018))",TP,0.6071407617497417
4,246.0,Spruce,15.6,,,0.0,,POINT (546049.978297999 6449597.35948999),"(np.float64(546049.978297999), np.float64(6449597.35948999))",,FN,
4,238.0,Birch,17.95,,,0.0,,POINT (546050.177080999 6449582.72683),"(np.float64(546050.177080999), np.float64(6449582.72683))","(np.float64(546049.4875), np.float64(6449582.0556), np.float64(4.939000000000021))",TP,0.9623261752805211
4,178.0,Birch,17.85,,,0.0,,POINT (546050.184482999 6449578.25356),"(np.float64(546050.184482999), np.float64(6449578.25356))",,FN,
4,237.0,Spruce,29.6,,,0.0,,POINT (546052.242192 6449590.99201),"(np.float64(546052.242192), np.float64(6449590.99201))","(np.float64(546052.4765), np.float64(6449590.0296), np.float64(20.551999999999992))",TP,0.9905217045766438
4,239.0,Aspen,31.45,74.0,27.7,0.0,,POINT (546052.276072 6449585.00095),"(np.float64(546052.276072), np.float64(6449585.00095))",,FN,
4,177.0,Spruce,15.65,,,0.0,,POINT (546052.290562 6449579.58569),"(np.float64(546052.290562), np.float64(6449579.58569))","(np.float64(546052.9025), np.float64(6449581.5736), np.float64(5.457999999999998))",TP,2.0799649714850577
4,240.0,Birch,20.0,,,0.0,,POINT (546054.685591 6449584.04079),"(np.float64(546054.685591), np.float64(6449584.04079))","(np.float64(546054.8345), np.float64(6449583.3686), np.float64(5.140000000000015))",TP,0.6884862284627892
4,176.0,Spruce,33.15,,,0.0,,POINT (546056.252151999 6449575.12316),"(np.float64(546056.252151999), np.float64(6449575.12316))","(np.float64(546056.4655), np.float64(6449574.9896), np.float64(6.929000000000002))",TP,0.25170546901315066
4,241.0,Spruce,18.1,,,0.0,,POINT (546056.368832999 6449590.50091999),"(np.float64(546056.368832999), np.float64(6449590.50091999))","(np.float64(546057.4135), np.float64(6449590.1476), np.float64(6.524000000000001))",TP,1.1027983308957012
4,175.0,Spruce,30.15,,,0.0,,POINT (546056.617768 6449575.70089999),"(np.float64(546056.617768), np.float64(6449575.70089999))",,FN,
4,244.0,Spruce,18.15,,,0.0,,POINT (546057.052578 6449597.14924999),"(np.float64(546057.052578), np.float64(6449597.14924999))","(np.float64(546054.0935), np.float64(6449595.3156), np.float64(8.421999999999997))",TP,3.481151374660252
4,242.0,Spruce,32.4,,,0.0,,POINT (546059.100606999 6449590.61399),"(np.float64(546059.100606999), np.float64(6449590.61399))",,FN,
4,243.0,Birch,12.65,,,0.0,,POINT (546059.568434 6449586.03261),"(np.float64(546059.568434), np.float64(6449586.03261))","(np.float64(546058.2555), np.float64(6449583.8286), np.float64(15.527999999999992))",TP,2.565434811210082
4,,,,,,,,,,"(np.float64(546028.2125), np.float64(6449553.8776), np.float64(7.507000000000005))",FP,
4,,,,,,,,,,"(np.float64(546027.3495), np.float64(6449571.3156), np.float64(12.759999999999991))",FP,
4,,,,,,,,,,"(np.float64(546027.2125), np.float64(6449571.3226), np.float64(7.054999999999978))",FP,
4,,,,,,,,,,"(np.float64(546000.6235), np.float64(6449545.4246), np.float64(4.554000000000002))",FP,
4,,,,,,,,,,"(np.float64(546020.4485), np.float64(6449547.8956), np.float64(9.417000000000002))",FP,
4,,,,,,,,,,"(np.float64(546048.4655), np.float64(6449553.5666), np.float64(12.287000000000006))",FP,
4,,,,,,,,,,"(np.float64(546037.8795), np.float64(6449529.4066), np.float64(24.607))",FP,
4,,,,,,,,,,"(np.float64(546036.2395), np.float64(6449571.6616), np.float64(25.373999999999995))",FP,
4,,,,,,,,,,"(np.float64(546039.7955), np.float64(6449598.0366), np.float64(22.62300000000002))",FP,
4,,,,,,,,,,"(np.float64(546048.0665), np.float64(6449553.5006), np.float64(7.939999999999998))",FP,
4,,,,,,,,,,"(np.float64(546021.8305), np.float64(6449555.0086), np.float64(12.055000000000007))",FP,
4,,,,,,,,,,"(np.float64(546004.6495), np.float64(6449531.0536), np.float64(3.4320000000000164))",FP,
4,,,,,,,,,,"(np.float64(546019.9185), np.float64(6449603.7856), np.float64(11.418000000000006))",FP,
4,,,,,,,,,,"(np.float64(546047.9035), np.float64(6449553.4806), np.float64(10.054000000000002))",FP,
4,,,,,,,,,,"(np.float64(546027.0655), np.float64(6449559.0326), np.float64(8.396999999999991))",FP,
4,,,,,,,,,,"(np.float64(546033.8235), np.float64(6449547.7776), np.float64(10.994))",FP,
4,,,,,,,,,,"(np.float64(546036.6345), np.float64(6449570.2936), np.float64(13.406000000000006))",FP,
4,,,,,,,,,,"(np.float64(546009.3865), np.float64(6449571.5886), np.float64(5.171999999999997))",FP,
4,,,,,,,,,,"(np.float64(546050.9135), np.float64(6449598.6166), np.float64(9.586999999999989))",FP,
4,,,,,,,,,,"(np.float64(546020.8555), np.float64(6449581.2816), np.float64(18.569000000000017))",FP,
4,,,,,,,,,,"(np.float64(546021.0685), np.float64(6449581.1646), np.float64(11.917000000000002))",FP,
4,,,,,,,,,,"(np.float64(546050.9225), np.float64(6449598.1246), np.float64(23.366000000000014))",FP,
4,,,,,,,,,,"(np.float64(546010.0135), np.float64(6449513.4996), np.float64(20.50200000000001))",FP,
4,,,,,,,,,,"(np.float64(546055.3855), np.float64(6449574.4656), np.float64(24.38300000000001))",FP,
4,,,,,,,,,,"(np.float64(546019.2025), np.float64(6449603.1566), np.float64(7.2879999999999825))",FP,
4,,,,,,,,,,"(np.float64(546039.9255), np.float64(6449550.4096), np.float64(4.353000000000009))",FP,
4,,,,,,,,,,"(np.float64(546035.2865), np.float64(6449507.3626), np.float64(12.456999999999994))",FP,
4,,,,,,,,,,"(np.float64(546047.9605), np.float64(6449575.5856), np.float64(8.550999999999988))",FP,
4,,,,,,,,,,"(np.float64(546028.7555), np.float64(6449552.7616), np.float64(25.494999999999976))",FP,
4,,,,,,,,,,"(np.float64(546017.7565), np.float64(6449554.7416), np.float64(3.5960000000000036))",FP,
4,,,,,,,,,,"(np.float64(546029.0705), np.float64(6449585.1276), np.float64(24.97800000000001))",FP,
4,,,,,,,,,,"(np.float64(546005.9755), np.float64(6449574.6026), np.float64(25.002999999999986))",FP,
4,,,,,,,,,,"(np.float64(546027.0855), np.float64(6449570.2146), np.float64(25.79600000000002))",FP,
4,,,,,,,,,,"(np.float64(546035.0805), np.float64(6449560.9506), np.float64(13.649999999999977))",FP,
4,,,,,,,,,,"(np.float64(546011.3985), np.float64(6449525.2436), np.float64(17.60899999999998))",FP,
4,,,,,,,,,,"(np.float64(546002.6415), np.float64(6449530.4446), np.float64(10.413999999999987))",FP,
4,,,,,,,,,,"(np.float64(546048.9235), np.float64(6449575.2425999995), np.float64(11.623999999999995))",FP,
4,,,,,,,,,,"(np.float64(546044.7205), np.float64(6449553.6856), np.float64(7.859000000000009))",FP,
4,,,,,,,,,,"(np.float64(546034.0075), np.float64(6449520.7096), np.float64(3.4269999999999925))",FP,
4,,,,,,,,,,"(np.float64(546020.4165), np.float64(6449575.2556), np.float64(8.27600000000001))",FP,
4,,,,,,,,,,"(np.float64(546037.5195), np.float64(6449550.4836), np.float64(5.399000000000001))",FP,
4,,,,,,,,,,"(np.float64(546011.5785), np.float64(6449568.9066), np.float64(14.238))",FP,
4,,,,,,,,,,"(np.float64(546029.9485), np.float64(6449546.8336), np.float64(3.981000000000023))",FP,
4,,,,,,,,,,"(np.float64(546032.1765), np.float64(6449529.5856), np.float64(22.864000000000004))",FP,
4,,,,,,,,,,"(np.float64(546032.7615), np.float64(6449545.7296), np.float64(24.141999999999996))",FP,
4,,,,,,,,,,"(np.float64(546048.3845), np.float64(6449552.4356), np.float64(22.736999999999995))",FP,
4,,,,,,,,,,"(np.float64(546021.4335), np.float64(6449597.9426), np.float64(4.464000000000027))",FP,
4,,,,,,,,,,"(np.float64(546039.5945), np.float64(6449575.9776), np.float64(25.42700000000002))",FP,
4,,,,,,,,,,"(np.float64(546035.7345), np.float64(6449569.4026), np.float64(10.468000000000018))",FP,
4,,,,,,,,,,"(np.float64(546017.6245), np.float64(6449600.3276), np.float64(3.0470000000000255))",FP,
4,,,,,,,,,,"(np.float64(546007.8945), np.float64(6449537.0546), np.float64(8.830000000000013))",FP,
4,,,,,,,,,,"(np.float64(546008.0095), np.float64(6449507.8506), np.float64(11.455999999999989))",FP,
4,,,,,,,,,,"(np.float64(546046.8005), np.float64(6449598.7036), np.float64(7.844999999999999))",FP,
4,,,,,,,,,,"(np.float64(546003.4245), np.float64(6449564.0196), np.float64(24.347999999999985))",FP,
4,,,,,,,,,,"(np.float64(546026.6075), np.float64(6449563.4436), np.float64(24.281000000000006))",FP,
4,,,,,,,,,,"(np.float64(546043.6835), np.float64(6449569.0206), np.float64(6.328000000000003))",FP,
4,,,,,,,,,,"(np.float64(546025.2135), np.float64(6449555.8596), np.float64(25.71199999999999))",FP,
4,,,,,,,,,,"(np.float64(546035.9805), np.float64(6449585.1026), np.float64(6.811000000000007))",FP,
4,,,,,,,,,,"(np.float64(546021.7235), np.float64(6449533.9746), np.float64(23.887))",FP,
4,,,,,,,,,,"(np.float64(546034.3875), np.float64(6449526.9256), np.float64(22.65299999999999))",FP,
4,,,,,,,,,,"(np.float64(546010.6565), np.float64(6449582.1706), np.float64(8.862000000000023))",FP,
4,,,,,,,,,,"(np.float64(546027.7085), np.float64(6449596.3496), np.float64(9.63300000000001))",FP,
4,,,,,,,,,,"(np.float64(546050.0905), np.float64(6449551.8566), np.float64(6.6200000000000045))",FP,
4,,,,,,,,,,"(np.float64(546047.1105), np.float64(6449595.4936), np.float64(8.563999999999993))",FP,
4,,,,,,,,,,"(np.float64(546036.1565), np.float64(6449584.2326), np.float64(16.26000000000002))",FP,
4,,,,,,,,,,"(np.float64(546049.5645), np.float64(6449595.4416), np.float64(24.69799999999998))",FP,
4,,,,,,,,,,"(np.float64(546004.5705), np.float64(6449567.4936), np.float64(10.354000000000013))",FP,
4,,,,,,,,,,"(np.float64(546040.7875), np.float64(6449567.1986), np.float64(4.675999999999988))",FP,
4,,,,,,,,,,"(np.float64(546011.1365), np.float64(6449577.1536), np.float64(17.297000000000025))",FP,
4,,,,,,,,,,"(np.float64(546022.9705), np.float64(6449551.5366), np.float64(25.77600000000001))",FP,
4,,,,,,,,,,"(np.float64(546007.4605), np.float64(6449524.8406), np.float64(7.794000000000011))",FP,
4,,,,,,,,,,"(np.float64(546034.6895), np.float64(6449574.9466), np.float64(11.13500000000002))",FP,
4,,,,,,,,,,"(np.float64(546023.9785), np.float64(6449526.0606), np.float64(12.988999999999976))",FP,
4,,,,,,,,,,"(np.float64(546018.4485), np.float64(6449596.7576), np.float64(7.0120000000000005))",FP,
4,,,,,,,,,,"(np.float64(546004.6715), np.float64(6449543.0386), np.float64(8.837999999999994))",FP,
4,,,,,,,,,,"(np.float64(546034.5775), np.float64(6449549.2836), np.float64(3.6999999999999886))",FP,
4,,,,,,,,,,"(np.float64(546023.6205), np.float64(6449574.9546), np.float64(17.168000000000006))",FP,
4,,,,,,,,,,"(np.float64(546016.4895), np.float64(6449573.1756), np.float64(10.727000000000004))",FP,
4,,,,,,,,,,"(np.float64(546002.8065), np.float64(6449529.5236), np.float64(3.061000000000007))",FP,
4,,,,,,,,,,"(np.float64(546010.6445), np.float64(6449524.0136), np.float64(27.998999999999995))",FP,
4,,,,,,,,,,"(np.float64(546021.9135), np.float64(6449571.6576), np.float64(11.314999999999998))",FP,
4,,,,,,,,,,"(np.float64(546033.3985), np.float64(6449544.3966), np.float64(12.524999999999977))",FP,
4,,,,,,,,,,"(np.float64(546052.0755), np.float64(6449596.8326), np.float64(11.386000000000024))",FP,
4,,,,,,,,,,"(np.float64(546041.9505), np.float64(6449572.7836), np.float64(25.11099999999999))",FP,
4,,,,,,,,,,"(np.float64(546043.9485), np.float64(6449556.6726), np.float64(4.592999999999989))",FP,
4,,,,,,,,,,"(np.float64(546030.5925), np.float64(6449547.9076), np.float64(13.175000000000011))",FP,
4,,,,,,,,,,"(np.float64(546009.1765), np.float64(6449538.0446), np.float64(5.338999999999999))",FP,
4,,,,,,,,,,"(np.float64(546039.9895), np.float64(6449577.8666), np.float64(7.8489999999999895))",FP,
4,,,,,,,,,,"(np.float64(546005.3575), np.float64(6449565.0836), np.float64(4.736999999999995))",FP,
4,,,,,,,,,,"(np.float64(546026.5125), np.float64(6449569.4586), np.float64(3.3530000000000086))",FP,
4,,,,,,,,,,"(np.float64(546038.4835), np.float64(6449523.8286), np.float64(26.170999999999992))",FP,
4,,,,,,,,,,"(np.float64(546039.5195), np.float64(6449568.8906), np.float64(8.187000000000012))",FP,
4,,,,,,,,,,"(np.float64(546034.7805), np.float64(6449581.7816), np.float64(6.00800000000001))",FP,
4,,,,,,,,,,"(np.float64(546048.8035), np.float64(6449587.3636), np.float64(8.389999999999986))",FP,
4,,,,,,,,,,"(np.float64(546044.6865), np.float64(6449540.7186), np.float64(23.058999999999997))",FP,
4,,,,,,,,,,"(np.float64(546050.6335), np.float64(6449575.9446), np.float64(23.956999999999994))",FP,
4,,,,,,,,,,"(np.float64(546003.9795), np.float64(6449545.5606), np.float64(5.615000000000009))",FP,
4,,,,,,,,,,"(np.float64(546003.6855), np.float64(6449525.9096), np.float64(23.446000000000026))",FP,
4,,,,,,,,,,"(np.float64(546039.7085), np.float64(6449568.0066), np.float64(12.520999999999987))",FP,
4,,,,,,,,,,"(np.float64(546040.3525), np.float64(6449576.0226), np.float64(11.354000000000013))",FP,
4,,,,,,,,,,"(np.float64(546052.3495), np.float64(6449584.5606), np.float64(7.782000000000011))",FP,
4,,,,,,,,,,"(np.float64(546051.9465), np.float64(6449595.9886), np.float64(8.37700000000001))",FP,
4,,,,,,,,,,"(np.float64(546028.6025), np.float64(6449545.7146), np.float64(7.939999999999998))",FP,
4,,,,,,,,,,"(np.float64(546023.3585), np.float64(6449562.4366), np.float64(24.061000000000007))",FP,
4,,,,,,,,,,"(np.float64(546050.1635), np.float64(6449574.8686), np.float64(4.6839999999999975))",FP,
4,,,,,,,,,,"(np.float64(546018.6535), np.float64(6449565.2436), np.float64(4.967999999999989))",FP,
4,,,,,,,,,,"(np.float64(546014.9385), np.float64(6449581.5546), np.float64(3.2949999999999875))",FP,
4,,,,,,,,,,"(np.float64(546048.0295), np.float64(6449571.9616), np.float64(8.544999999999987))",FP,
4,,,,,,,,,,"(np.float64(546040.9755), np.float64(6449559.8656), np.float64(12.112000000000023))",FP,
4,,,,,,,,,,"(np.float64(546007.8165), np.float64(6449513.4606), np.float64(4.0330000000000155))",FP,
4,,,,,,,,,,"(np.float64(546037.1785), np.float64(6449544.8656), np.float64(10.46599999999998))",FP,
4,,,,,,,,,,"(np.float64(546034.9165), np.float64(6449602.6406), np.float64(5.980000000000018))",FP,
4,,,,,,,,,,"(np.float64(546012.1595), np.float64(6449587.1636), np.float64(4.1510000000000105))",FP,
4,,,,,,,,,,"(np.float64(546053.8505), np.float64(6449576.0866), np.float64(6.329999999999984))",FP,
4,,,,,,,,,,"(np.float64(546028.6005), np.float64(6449562.1686), np.float64(6.280000000000001))",FP,
4,,,,,,,,,,"(np.float64(546034.2475), np.float64(6449581.5616), np.float64(16.703000000000003))",FP,
4,,,,,,,,,,"(np.float64(546017.7665), np.float64(6449602.2636), np.float64(3.6210000000000093))",FP,
4,,,,,,,,,,"(np.float64(546047.2055), np.float64(6449594.7446), np.float64(11.016999999999996))",FP,
4,,,,,,,,,,"(np.float64(546024.0245), np.float64(6449534.3176), np.float64(24.307999999999993))",FP,
4,,,,,,,,,,"(np.float64(546044.4995), np.float64(6449550.4596), np.float64(4.658999999999992))",FP,
4,,,,,,,,,,"(np.float64(546006.3325), np.float64(6449510.8606), np.float64(9.28400000000002))",FP,
4,,,,,,,,,,"(np.float64(546044.7815), np.float64(6449571.1456), np.float64(24.51599999999999))",FP,
4,,,,,,,,,,"(np.float64(546031.8895), np.float64(6449548.3016), np.float64(15.771999999999991))",FP,
4,,,,,,,,,,"(np.float64(546025.4725), np.float64(6449527.3156), np.float64(4.4339999999999975))",FP,
4,,,,,,,,,,"(np.float64(546021.0335), np.float64(6449570.8486), np.float64(8.125))",FP,
4,,,,,,,,,,"(np.float64(546020.7675), np.float64(6449520.2986), np.float64(25.060000000000002))",FP,
4,,,,,,,,,,"(np.float64(546041.4065), np.float64(6449571.5476), np.float64(6.574999999999989))",FP,
4,,,,,,,,,,"(np.float64(546031.6615), np.float64(6449507.4346), np.float64(12.102000000000004))",FP,
4,,,,,,,,,,"(np.float64(546021.3915), np.float64(6449570.8406), np.float64(17.29600000000002))",FP,
4,,,,,,,,,,"(np.float64(546010.5635), np.float64(6449565.7256), np.float64(3.3429999999999893))",FP,
4,,,,,,,,,,"(np.float64(546008.6325), np.float64(6449564.5586), np.float64(21.658000000000015))",FP,
4,,,,,,,,,,"(np.float64(546028.4585), np.float64(6449537.5666), np.float64(4.070999999999998))",FP,
4,,,,,,,,,,"(np.float64(546018.6005), np.float64(6449595.6216), np.float64(3.1040000000000134))",FP,
4,,,,,,,,,,"(np.float64(546058.3575), np.float64(6449583.3666), np.float64(5.5160000000000196))",FP,
4,,,,,,,,,,"(np.float64(546020.9625), np.float64(6449530.6596), np.float64(5.114000000000004))",FP,
4,,,,,,,,,,"(np.float64(546024.9685), np.float64(6449594.8616), np.float64(13.682999999999993))",FP,
4,,,,,,,,,,"(np.float64(546055.2405), np.float64(6449579.4626), np.float64(6.094999999999999))",FP,
4,,,,,,,,,,"(np.float64(546009.8695), np.float64(6449538.6586), np.float64(25.037000000000006))",FP,
4,,,,,,,,,,"(np.float64(546018.3135), np.float64(6449595.6796), np.float64(8.745999999999981))",FP,
4,,,,,,,,,,"(np.float64(546053.3155), np.float64(6449576.7436), np.float64(13.239000000000004))",FP,
4,,,,,,,,,,"(np.float64(546042.4605), np.float64(6449550.0926), np.float64(4.608000000000004))",FP,
4,,,,,,,,,,"(np.float64(546013.5165), np.float64(6449533.8576), np.float64(12.292000000000002))",FP,
4,,,,,,,,,,"(np.float64(546041.7605), np.float64(6449596.1746), np.float64(13.927999999999997))",FP,
4,,,,,,,,,,"(np.float64(546031.6835), np.float64(6449549.9836), np.float64(4.670999999999992))",FP,
4,,,,,,,,,,"(np.float64(546042.1635), np.float64(6449585.5346), np.float64(24.485000000000014))",FP,
4,,,,,,,,,,"(np.float64(546026.7745), np.float64(6449532.3126), np.float64(4.625))",FP,
4,,,,,,,,,,"(np.float64(546050.9485), np.float64(6449594.3836), np.float64(10.90100000000001))",FP,
4,,,,,,,,,,"(np.float64(546024.6195), np.float64(6449558.3176), np.float64(25.781000000000006))",FP,
4,,,,,,,,,,"(np.float64(546020.0755), np.float64(6449561.5446), np.float64(17.12299999999999))",FP,
4,,,,,,,,,,"(np.float64(546040.7865), np.float64(6449556.3016), np.float64(4.168999999999983))",FP,
4,,,,,,,,,,"(np.float64(546021.8615), np.float64(6449558.1536), np.float64(25.472999999999985))",FP,
4,,,,,,,,,,"(np.float64(546021.4285), np.float64(6449558.0036), np.float64(6.140999999999991))",FP,
4,,,,,,,,,,"(np.float64(546005.5425), np.float64(6449508.4526), np.float64(7.662000000000006))",FP,
4,,,,,,,,,,"(np.float64(546015.6565), np.float64(6449572.3456), np.float64(14.949999999999989))",FP,
4,,,,,,,,,,"(np.float64(546049.3165), np.float64(6449594.2066), np.float64(12.905999999999977))",FP,
4,,,,,,,,,,"(np.float64(546000.0465), np.float64(6449534.4886), np.float64(4.260999999999996))",FP,
4,,,,,,,,,,"(np.float64(546012.6345), np.float64(6449523.0776), np.float64(11.623999999999995))",FP,
4,,,,,,,,,,"(np.float64(546011.2725), np.float64(6449566.6786), np.float64(5.306999999999988))",FP,
4,,,,,,,,,,"(np.float64(546036.6075), np.float64(6449553.3675999995), np.float64(3.4170000000000016))",FP,
4,,,,,,,,,,"(np.float64(546023.4575), np.float64(6449561.2726), np.float64(6.715000000000003))",FP,
4,,,,,,,,,,"(np.float64(546032.4665), np.float64(6449511.2926), np.float64(5.4339999999999975))",FP,
4,,,,,,,,,,"(np.float64(546049.6685), np.float64(6449594.0396), np.float64(4.6910000000000025))",FP,
4,,,,,,,,,,"(np.float64(546032.2105), np.float64(6449573.7506), np.float64(28.591000000000008))",FP,
4,,,,,,,,,,"(np.float64(546034.9315), np.float64(6449557.2176), np.float64(4.22999999999999))",FP,
4,,,,,,,,,,"(np.float64(546049.9035), np.float64(6449557.0096), np.float64(21.63499999999999))",FP,
4,,,,,,,,,,"(np.float64(546013.5025), np.float64(6449527.2636), np.float64(6.532999999999987))",FP,
4,,,,,,,,,,"(np.float64(546040.0635), np.float64(6449572.9766), np.float64(17.334000000000003))",FP,
4,,,,,,,,,,"(np.float64(546000.3835), np.float64(6449534.2316), np.float64(13.62100000000001))",FP,
4,,,,,,,,,,"(np.float64(546039.8285), np.float64(6449539.4106), np.float64(6.061000000000007))",FP,
4,,,,,,,,,,"(np.float64(546025.5875), np.float64(6449510.2576), np.float64(22.826999999999998))",FP,
4,,,,,,,,,,"(np.float64(546037.8945), np.float64(6449566.1656), np.float64(13.193999999999988))",FP,
4,,,,,,,,,,"(np.float64(546012.3495), np.float64(6449548.6536), np.float64(5.185000000000002))",FP,
4,,,,,,,,,,"(np.float64(546009.8465), np.float64(6449579.1066), np.float64(13.140000000000015))",FP,
4,,,,,,,,,,"(np.float64(546017.2585), np.float64(6449561.7336), np.float64(10.453000000000003))",FP,
4,,,,,,,,,,"(np.float64(546009.4655), np.float64(6449579.0476), np.float64(3.25))",FP,
4,,,,,,,,,,"(np.float64(546052.6585), np.float64(6449587.1336), np.float64(23.39099999999999))",FP,
4,,,,,,,,,,"(np.float64(546043.3675), np.float64(6449597.2176), np.float64(8.484000000000009))",FP,
4,,,,,,,,,,"(np.float64(546009.6585), np.float64(6449541.4476), np.float64(6.837999999999994))",FP,
4,,,,,,,,,,"(np.float64(546023.6865), np.float64(6449593.9996), np.float64(26.685000000000002))",FP,
4,,,,,,,,,,"(np.float64(546033.9845), np.float64(6449533.1646), np.float64(4.3870000000000005))",FP,
4,,,,,,,,,,"(np.float64(546020.9875), np.float64(6449558.4636), np.float64(15.556999999999988))",FP,
4,,,,,,,,,,"(np.float64(546019.9955), np.float64(6449569.8896), np.float64(12.72999999999999))",FP,
4,,,,,,,,,,"(np.float64(546013.3655), np.float64(6449554.5476), np.float64(9.437999999999988))",FP,
4,,,,,,,,,,"(np.float64(546026.0395), np.float64(6449537.0246), np.float64(22.10300000000001))",FP,
4,,,,,,,,,,"(np.float64(546025.1505), np.float64(6449535.3906), np.float64(5.055000000000007))",FP,
4,,,,,,,,,,"(np.float64(546010.5585), np.float64(6449589.8166), np.float64(4.449000000000012))",FP,
4,,,,,,,,,,"(np.float64(546035.2715), np.float64(6449556.5596), np.float64(17.688999999999993))",FP,
4,,,,,,,,,,"(np.float64(546015.5095), np.float64(6449558.7376), np.float64(4.087999999999994))",FP,
4,,,,,,,,,,"(np.float64(546012.1395), np.float64(6449550.8426), np.float64(17.91500000000002))",FP,
4,,,,,,,,,,"(np.float64(546004.6025), np.float64(6449561.8446), np.float64(14.489000000000004))",FP,
4,,,,,,,,,,"(np.float64(546040.2395), np.float64(6449558.1956), np.float64(4.519999999999982))",FP,
4,,,,,,,,,,"(np.float64(546020.5125), np.float64(6449507.7236), np.float64(6.48599999999999))",FP,
4,,,,,,,,,,"(np.float64(546044.2715), np.float64(6449595.0896), np.float64(10.64500000000001))",FP,
4,,,,,,,,,,"(np.float64(546007.1895), np.float64(6449550.3226), np.float64(7.944999999999993))",FP,
4,,,,,,,,,,"(np.float64(546021.1275), np.float64(6449526.2586), np.float64(17.917999999999978))",FP,
4,,,,,,,,,,"(np.float64(546028.7625), np.float64(6449512.7876), np.float64(9.87100000000001))",FP,
4,,,,,,,,,,"(np.float64(546011.1785), np.float64(6449539.4306), np.float64(7.275000000000006))",FP,
4,,,,,,,,,,"(np.float64(546046.1885), np.float64(6449563.6906), np.float64(9.187000000000012))",FP,
4,,,,,,,,,,"(np.float64(546044.5165), np.float64(6449538.6446), np.float64(16.643))",FP,
4,,,,,,,,,,"(np.float64(546013.0575), np.float64(6449518.1286), np.float64(6.925999999999988))",FP,
4,,,,,,,,,,"(np.float64(546014.4645), np.float64(6449524.6606), np.float64(16.062000000000012))",FP,
4,,,,,,,,,,"(np.float64(546031.3165), np.float64(6449512.5726), np.float64(13.543999999999983))",FP,
4,,,,,,,,,,"(np.float64(546013.5875), np.float64(6449543.5136), np.float64(3.733000000000004))",FP,
4,,,,,,,,,,"(np.float64(546041.0345), np.float64(6449594.3466), np.float64(3.783999999999992))",FP,
4,,,,,,,,,,"(np.float64(546052.2105), np.float64(6449573.2696), np.float64(4.0379999999999825))",FP,
4,,,,,,,,,,"(np.float64(546014.0645), np.float64(6449523.5476), np.float64(25.394000000000005))",FP,
4,,,,,,,,,,"(np.float64(546044.1245), np.float64(6449600.3586), np.float64(5.47999999999999))",FP,
4,,,,,,,,,,"(np.float64(546013.7965), np.float64(6449541.6016), np.float64(16.876000000000005))",FP,
4,,,,,,,,,,"(np.float64(546039.2575), np.float64(6449557.7866), np.float64(12.84699999999998))",FP,
4,,,,,,,,,,"(np.float64(546003.7355), np.float64(6449561.0646), np.float64(3.4240000000000066))",FP,
4,,,,,,,,,,"(np.float64(546020.7295), np.float64(6449517.7316), np.float64(6.810000000000002))",FP,
4,,,,,,,,,,"(np.float64(546051.4655), np.float64(6449571.3126), np.float64(7.966000000000008))",FP,
4,,,,,,,,,,"(np.float64(546026.6915), np.float64(6449512.8056), np.float64(12.857))",FP,
4,,,,,,,,,,"(np.float64(546009.5735), np.float64(6449548.3116), np.float64(14.528999999999996))",FP,
4,,,,,,,,,,"(np.float64(546043.4905), np.float64(6449538.2926), np.float64(5.874000000000024))",FP,
4,,,,,,,,,,"(np.float64(546044.3285), np.float64(6449533.7516), np.float64(5.628999999999991))",FP,
4,,,,,,,,,,"(np.float64(546012.3005), np.float64(6449590.7506), np.float64(8.921999999999997))",FP,
4,,,,,,,,,,"(np.float64(546029.3755), np.float64(6449533.8756), np.float64(3.700000000000017))",FP,
4,,,,,,,,,,"(np.float64(546050.6185), np.float64(6449564.7716), np.float64(8.133999999999986))",FP,
4,,,,,,,,,,"(np.float64(546048.3795), np.float64(6449568.7126), np.float64(8.704999999999984))",FP,
4,,,,,,,,,,"(np.float64(546054.4455), np.float64(6449567.6175999995), np.float64(7.63300000000001))",FP,
4,,,,,,,,,,"(np.float64(546013.3595), np.float64(6449596.3166), np.float64(4.444999999999993))",FP,
4,,,,,,,,,,"(np.float64(546007.9065), np.float64(6449555.5076), np.float64(4.146999999999991))",FP,
4,,,,,,,,,,"(np.float64(546030.4825), np.float64(6449603.2796), np.float64(7.217000000000013))",FP,
4,,,,,,,,,,"(np.float64(546033.5645), np.float64(6449597.8416), np.float64(7.114000000000004))",FP,
4,,,,,,,,,,"(np.float64(546040.8635), np.float64(6449588.1676), np.float64(24.279000000000025))",FP,
4,,,,,,,,,,"(np.float64(546024.3475), np.float64(6449513.5116), np.float64(8.443999999999988))",FP,
4,,,,,,,,,,"(np.float64(546017.6715), np.float64(6449514.9696), np.float64(5.7409999999999854))",FP,
4,,,,,,,,,,"(np.float64(546033.3845), np.float64(6449517.0446), np.float64(9.988999999999976))",FP,
4,,,,,,,,,,"(np.float64(546020.5185), np.float64(6449511.7636), np.float64(6.295999999999992))",FP,
4,,,,,,,,,,"(np.float64(546023.1785), np.float64(6449510.4376), np.float64(22.695999999999998))",FP,
4,,,,,,,,,,"(np.float64(546022.2965), np.float64(6449508.0386), np.float64(12.15100000000001))",FP,
4,,,,,,,,,,"(np.float64(546023.1315), np.float64(6449510.1706), np.float64(6.956999999999994))",FP,
4,,,,,,,,,,"(np.float64(546028.0445), np.float64(6449517.8006), np.float64(6.532000000000011))",FP,
5,208.0,Spruce,24.2,,,0.0,,POINT (545682.800999999 6449895.84999999),"(np.float64(545682.800999999), np.float64(6449895.84999999))",,FN,
5,173.0,Spruce,17.65,,,0.0,,POINT (545686.547 6449893.09999999),"(np.float64(545686.547), np.float64(6449893.09999999))","(np.float64(545689.3945), np.float64(6449893.1936), np.float64(3.341000000000008))",TP,2.8490379449871797
5,207.0,Alder,11.6,,,0.0,,POINT (545688.64 6449910.29399999),"(np.float64(545688.64), np.float64(6449910.29399999))",,FN,
5,174.0,Spruce,31.1,,,0.0,,POINT (545688.908 6449896.65799999),"(np.float64(545688.908), np.float64(6449896.65799999))","(np.float64(545688.9295), np.float64(6449897.0456), np.float64(23.019999999999982))",TP,0.3881958499915168
5,178.0,Alder,14.7,,10.2,0.0,,POINT (545690.231999999 6449902.25499999),"(np.float64(545690.231999999), np.float64(6449902.25499999))",,FN,
5,206.0,Spruce,15.15,,,0.0,,POINT (545690.351 6449911.569),"(np.float64(545690.351), np.float64(6449911.569))","(np.float64(545690.9295), np.float64(6449911.2136), np.float64(8.494999999999976))",TP,0.678948753420458
5,179.0,Spruce,17.0,,,0.0,,POINT (545691.447 6449903.31199999),"(np.float64(545691.447), np.float64(6449903.31199999))","(np.float64(545691.9515), np.float64(6449903.1716), np.float64(19.98599999999999))",TP,0.5236720414743408
5,205.0,Spruce,37.2,,,0.0,,POINT (545691.680999999 6449913.50999999),"(np.float64(545691.680999999), np.float64(6449913.50999999))","(np.float64(545691.8005), np.float64(6449914.3306), np.float64(23.73399999999998))",TP,0.8292554647751208
5,172.0,Spruce,41.2,,,0.0,,POINT (545692.011999999 6449887.92899999),"(np.float64(545692.011999999), np.float64(6449887.92899999))","(np.float64(545692.3305), np.float64(6449887.9596), np.float64(27.13299999999998))",TP,0.3199665782656413
5,175.0,Spruce,25.8,,,0.0,,POINT (545692.474999999 6449898.07799999),"(np.float64(545692.474999999), np.float64(6449898.07799999))","(np.float64(545692.1025), np.float64(6449897.9576), np.float64(19.967000000000013))",TP,0.3914746567553643
5,181.0,Spruce,36.6,,,0.0,,POINT (545692.608 6449906.73599999),"(np.float64(545692.608), np.float64(6449906.73599999))","(np.float64(545692.1745), np.float64(6449907.3456), np.float64(22.411))",TP,0.7480203349465614
5,180.0,Birch,20.1,,21.0,0.0,,POINT (545693.125 6449902.84599999),"(np.float64(545693.125), np.float64(6449902.84599999))",,FN,
5,203.0,Spruce,30.8,,,0.0,,POINT (545693.38 6449919.922),"(np.float64(545693.38), np.float64(6449919.922))",,FN,
5,204.0,Fir,14.7,,,0.0,,POINT (545693.641999999 6449917.228),"(np.float64(545693.641999999), np.float64(6449917.228))",,FN,
5,176.0,Birch,16.8,,18.7,0.0,,POINT (545695.679 6449899.69),"(np.float64(545695.679), np.float64(6449899.69))","(np.float64(545697.4155), np.float64(6449898.1036), np.float64(18.375))",TP,2.3520410734503847
5,202.0,Spruce,48.5,,26.2,0.0,,POINT (545695.721999999 6449922.91799999),"(np.float64(545695.721999999), np.float64(6449922.91799999))","(np.float64(545695.5315), np.float64(6449921.8796), np.float64(27.073000000000008))",TP,1.0557295061655605
5,177.0,Birch,23.65,,,0.0,,POINT (545696.496999999 6449901.72499999),"(np.float64(545696.496999999), np.float64(6449901.72499999))","(np.float64(545695.4305), np.float64(6449902.9146), np.float64(20.518))",TP,1.5976765725439979
5,182.0,Fir,18.2,76.0,17.1,0.0,,POINT (545697.04 6449908.47599999),"(np.float64(545697.04), np.float64(6449908.47599999))",,FN,
5,201.0,Spruce,33.75,,,0.0,,POINT (545698.393999999 6449919.792),"(np.float64(545698.393999999), np.float64(6449919.792))","(np.float64(545697.0345), np.float64(6449920.4696), np.float64(8.088999999999999))",TP,1.5190069149270329
5,184.0,Spruce,42.05,,,0.0,,POINT (545698.557 6449915.16999999),"(np.float64(545698.557), np.float64(6449915.16999999))","(np.float64(545698.4405), np.float64(6449914.5556), np.float64(25.328000000000003))",TP,0.625347581585679
5,170.0,Birch,31.05,,,0.0,,POINT (545698.751999999 6449890.468),"(np.float64(545698.751999999), np.float64(6449890.468))",,FN,
5,183.0,Spruce,26.4,,,0.0,,POINT (545698.758999999 6449908.25),"(np.float64(545698.758999999), np.float64(6449908.25))","(np.float64(545698.2205), np.float64(6449907.2966), np.float64(20.601))",TP,1.0949674921634998
5,200.0,Spruce,28.6,,,0.0,,POINT (545698.783 6449921.775),"(np.float64(545698.783), np.float64(6449921.775))","(np.float64(545698.3645), np.float64(6449921.7826), np.float64(5.056999999999988))",TP,0.41856900268887187
5,169.0,Spruce,17.7,,,0.0,,POINT (545698.949 6449890.063),"(np.float64(545698.949), np.float64(6449890.063))","(np.float64(545697.9055), np.float64(6449889.6336), np.float64(9.266999999999996))",TP,1.1283955910405776
5,171.0,Birch,13.0,,,0.0,,POINT (545699.41 6449882.576),"(np.float64(545699.41), np.float64(6449882.576))","(np.float64(545699.5325), np.float64(6449882.3936), np.float64(6.450999999999993))",TP,0.21971802403969506
5,168.0,Birch,27.7,98.0,23.4,0.0,,POINT (545700.62 6449888.78299999),"(np.float64(545700.62), np.float64(6449888.78299999))","(np.float64(545699.3645), np.float64(6449888.1736), np.float64(23.920999999999992))",TP,1.395581813015562
5,161.0,Birch,28.3,83.0,21.7,0.0,,POINT (545700.792 6449896.546),"(np.float64(545700.792), np.float64(6449896.546))","(np.float64(545699.7985), np.float64(6449896.4286), np.float64(22.479000000000013))",TP,1.000412419922279
5,160.0,Birch,14.95,,,0.0,,POINT (545701.398999999 6449898.54899999),"(np.float64(545701.398999999), np.float64(6449898.54899999))",,FN,
5,198.0,Spruce,12.1,,,0.0,,POINT (545701.599999999 6449925.592),"(np.float64(545701.599999999), np.float64(6449925.592))",,FN,
5,199.0,Spruce,14.05,,,0.0,,POINT (545702.086 6449921.78199999),"(np.float64(545702.086), np.float64(6449921.78199999))","(np.float64(545702.4535), np.float64(6449921.4606), np.float64(10.935000000000002))",TP,0.48821532526713707
5,162.0,Spruce,19.25,,,0.0,,POINT (545702.484999999 6449895.98699999),"(np.float64(545702.484999999), np.float64(6449895.98699999))",,FN,
5,167.0,Spruce,24.45,,,0.0,,POINT (545702.741999999 6449887.381),"(np.float64(545702.741999999), np.float64(6449887.381))",,FN,
5,163.0,Spruce,13.55,,,0.0,,POINT (545702.746999999 6449891.751),"(np.float64(545702.746999999), np.float64(6449891.751))","(np.float64(545701.9845), np.float64(6449892.7256), np.float64(12.927999999999997))",TP,1.2374374357080522
5,157.0,Spruce,28.2,,,0.0,,POINT (545703.589999999 6449899.41999999),"(np.float64(545703.589999999), np.float64(6449899.41999999))","(np.float64(545703.2815), np.float64(6449899.4856), np.float64(10.450999999999993))",TP,0.31539754400802184
5,197.0,Spruce,13.8,,,0.0,,POINT (545703.611 6449926.34399999),"(np.float64(545703.611), np.float64(6449926.34399999))","(np.float64(545703.0625), np.float64(6449925.1196), np.float64(9.811000000000007))",TP,1.3416436138310333
5,156.0,Spruce,37.2,,,0.0,,POINT (545704.766999999 6449902.25299999),"(np.float64(545704.766999999), np.float64(6449902.25299999))","(np.float64(545704.6765), np.float64(6449902.5056), np.float64(5.468999999999994))",TP,0.2683225943627134
5,164.0,Birch,33.9,92.0,24.2,0.0,,POINT (545704.805999999 6449891.52199999),"(np.float64(545704.805999999), np.float64(6449891.52199999))","(np.float64(545704.7345), np.float64(6449890.8786), np.float64(24.395999999999987))",TP,0.6473606382887671
5,165.0,Spruce,19.25,,,0.0,,POINT (545704.868 6449888.802),"(np.float64(545704.868), np.float64(6449888.802))","(np.float64(545703.8215), np.float64(6449888.7126), np.float64(23.039999999999992))",TP,1.0503116728400588
5,158.0,Birch,28.6,,,0.0,,POINT (545706.064999999 6449895.71),"(np.float64(545706.064999999), np.float64(6449895.71))","(np.float64(545706.1945), np.float64(6449896.4976), np.float64(23.543000000000006))",TP,0.7981754261213325
5,166.0,Spruce,19.55,,,0.0,,POINT (545706.233 6449886.45399999),"(np.float64(545706.233), np.float64(6449886.45399999))","(np.float64(545707.9625), np.float64(6449885.2746), np.float64(3.9509999999999934))",TP,2.093359640719751
5,185.0,Spruce,11.15,,,0.0,,POINT (545707.064999999 6449913.587),"(np.float64(545707.064999999), np.float64(6449913.587))","(np.float64(545707.3185), np.float64(6449913.0076), np.float64(17.78))",TP,0.6324291349354241
5,123.0,Birch,43.95,,,0.0,,POINT (545708.378 6449880.967),"(np.float64(545708.378), np.float64(6449880.967))","(np.float64(545708.1955), np.float64(6449881.1166), np.float64(14.507000000000005))",TP,0.23597968140162745
5,122.0,Spruce,38.7,120.0,24.7,0.0,,POINT (545708.859 6449875.13599999),"(np.float64(545708.859), np.float64(6449875.13599999))","(np.float64(545708.4645), np.float64(6449875.1216), np.float64(25.459000000000003))",TP,0.39476272587431244
5,159.0,Spruce,20.95,,,0.0,,POINT (545708.932 6449893.876),"(np.float64(545708.932), np.float64(6449893.876))",,FN,
5,186.0,Spruce,19.05,,,0.0,,POINT (545709.327 6449912.801),"(np.float64(545709.327), np.float64(6449912.801))",,FN,
5,187.0,Spruce,47.95,,,0.0,Two tops,POINT (545709.746 6449914.485),"(np.float64(545709.746), np.float64(6449914.485))","(np.float64(545709.7685), np.float64(6449914.7626), np.float64(27.901999999999987))",TP,0.27851034060027063
5,129.0,Birch,12.35,,,0.0,,POINT (545710.515 6449890.16299999),"(np.float64(545710.515), np.float64(6449890.16299999))",,FN,
5,190.0,Spruce,49.95,,28.3,0.0,,POINT (545710.753 6449920.826),"(np.float64(545710.753), np.float64(6449920.826))",,FN,
5,131.0,Birch,14.95,,18.7,0.0,,POINT (545710.78 6449893.11699999),"(np.float64(545710.78), np.float64(6449893.11699999))","(np.float64(545711.6885), np.float64(6449893.5936), np.float64(19.741000000000014))",TP,1.0259238858307105
5,130.0,Fir,22.9,89.0,21.1,0.0,Rotten,POINT (545710.900999999 6449890.07799999),"(np.float64(545710.900999999), np.float64(6449890.07799999))","(np.float64(545711.0355), np.float64(6449890.6046), np.float64(21.77800000000002))",TP,0.5435051246707582
5,128.0,Spruce,29.55,,,0.0,,POINT (545711.01 6449887.47099999),"(np.float64(545711.01), np.float64(6449887.47099999))","(np.float64(545710.7965), np.float64(6449887.7096), np.float64(22.951999999999998))",TP,0.3201752875808543
5,124.0,Spruce,40.55,,,0.0,,POINT (545711.057999999 6449879.713),"(np.float64(545711.057999999), np.float64(6449879.713))","(np.float64(545711.5925), np.float64(6449879.6046), np.float64(16.048999999999978))",TP,0.5453813446786366
5,189.0,Spruce,27.25,,,0.0,,POINT (545711.158999999 6449917.309),"(np.float64(545711.158999999), np.float64(6449917.309))","(np.float64(545708.6265), np.float64(6449917.7736), np.float64(16.435000000000002))",TP,2.57476395127182
5,151.0,Spruce,18.65,,,0.0,,POINT (545712.479 6449913.38999999),"(np.float64(545712.479), np.float64(6449913.38999999))",,FN,
5,191.0,Spruce,11.5,,,0.0,,POINT (545712.576 6449922.18499999),"(np.float64(545712.576), np.float64(6449922.18499999))","(np.float64(545712.0285), np.float64(6449921.0626), np.float64(28.925999999999988))",TP,1.2488146333783197
5,133.0,Spruce,19.15,,,0.0,,POINT (545712.775 6449895.071),"(np.float64(545712.775), np.float64(6449895.071))","(np.float64(545713.3035), np.float64(6449896.5876), np.float64(10.257000000000005))",TP,1.6060472624519186
5,196.0,Alder,11.23,,,0.0,,POINT (545713.084999999 6449931.32799999),"(np.float64(545713.084999999), np.float64(6449931.32799999))","(np.float64(545712.0605), np.float64(6449930.0276), np.float64(9.353000000000009))",TP,1.6554879594609508
5,188.0,Alder,11.25,,,0.0,,POINT (545713.109999999 6449915.07699999),"(np.float64(545713.109999999), np.float64(6449915.07699999))",,FN,
5,126.0,Spruce,17.6,,,0.0,,POINT (545713.248999999 6449885.40199999),"(np.float64(545713.248999999), np.float64(6449885.40199999))","(np.float64(545714.4505), np.float64(6449884.1066), np.float64(6.134999999999991))",TP,1.766822964749964
5,155.0,Alder,11.25,,,0.0,,POINT (545714.013 6449902.37899999),"(np.float64(545714.013), np.float64(6449902.37899999))","(np.float64(545714.0945), np.float64(6449903.8646), np.float64(10.693000000000012))",TP,1.4878338745981368
5,127.0,Spruce,10.1,,,80.0,,POINT (545714.035 6449886.751),"(np.float64(545714.035), np.float64(6449886.751))",,FN,
5,125.0,Birch,25.5,84.0,22.7,0.0,,POINT (545714.098 6449881.68699999),"(np.float64(545714.098), np.float64(6449881.68699999))","(np.float64(545714.2525), np.float64(6449882.5916), np.float64(24.893))",TP,0.9176989857975879
5,132.0,Alder,20.2,58.0,19.9,0.0,,POINT (545714.128 6449890.92999999),"(np.float64(545714.128), np.float64(6449890.92999999))","(np.float64(545714.8355), np.float64(6449890.0146), np.float64(20.02600000000001))",TP,1.1569413951449268
5,195.0,Alder,17.05,,,80.0,,POINT (545714.866 6449930.33),"(np.float64(545714.866), np.float64(6449930.33))",,FN,
5,150.0,Alder,28.5,,19.9,0.0,,POINT (545715.356999999 6449912.355),"(np.float64(545715.356999999), np.float64(6449912.355))","(np.float64(545713.7865), np.float64(6449912.3306), np.float64(19.366000000000014))",TP,1.5706895322844865
5,152.0,Spruce,12.15,,,0.0,,POINT (545715.408 6449908.983),"(np.float64(545715.408), np.float64(6449908.983))",,FN,
5,153.0,Spruce,13.0,,,0.0,,POINT (545715.515 6449908.40799999),"(np.float64(545715.515), np.float64(6449908.40799999))","(np.float64(545716.2405), np.float64(6449908.6306), np.float64(4.792000000000002))",TP,0.7588814231932429
5,120.0,Spruce,24.25,,,0.0,,POINT (545715.783 6449876.462),"(np.float64(545715.783), np.float64(6449876.462))","(np.float64(545716.4145), np.float64(6449876.6416), np.float64(20.646000000000015))",TP,0.6565427706386
5,192.0,Spruce,34.05,,,0.0,,POINT (545716.273999999 6449922.483),"(np.float64(545716.273999999), np.float64(6449922.483))","(np.float64(545716.3075), np.float64(6449921.7096), np.float64(21.085000000000008))",TP,0.7741251904714034
5,193.0,Spruce,30.5,,,0.0,,POINT (545716.339999999 6449924.977),"(np.float64(545716.339999999), np.float64(6449924.977))","(np.float64(545716.5295), np.float64(6449925.0896), np.float64(20.692000000000007))",TP,0.22042915021532586
5,149.0,Alder,20.85,49.0,14.7,0.0,,POINT (545716.856999999 6449914.887),"(np.float64(545716.856999999), np.float64(6449914.887))","(np.float64(545717.6985), np.float64(6449918.6106), np.float64(12.213999999999999))",TP,3.8175016978117715
5,148.0,Alder,18.45,53.0,17.0,0.0,,POINT (545716.966 6449915.443),"(np.float64(545716.966), np.float64(6449915.443))",,FN,
5,121.0,Spruce,30.35,,,0.0,,POINT (545717.092999999 6449867.90699999),"(np.float64(545717.092999999), np.float64(6449867.90699999))","(np.float64(545718.3405), np.float64(6449869.4476), np.float64(21.679000000000002))",TP,1.9823482643807395
5,154.0,Spruce,18.0,,,0.0,,POINT (545717.457999999 6449907.80999999),"(np.float64(545717.457999999), np.float64(6449907.80999999))","(np.float64(545716.6965), np.float64(6449908.0716), np.float64(14.734000000000009))",TP,0.8051812304682728
5,111.0,Spruce,15.0,,,0.0,,POINT (545717.821 6449881.64099999),"(np.float64(545717.821), np.float64(6449881.64099999))","(np.float64(545718.4845), np.float64(6449880.8456), np.float64(5.676000000000016))",TP,1.0358056738680244
5,134.0,Spruce,15.45,,,0.0,,POINT (545718.023999999 6449897.43699999),"(np.float64(545718.023999999), np.float64(6449897.43699999))","(np.float64(545717.9325), np.float64(6449897.4446), np.float64(13.973000000000013))",TP,0.09181508581738634
5,110.0,Spruce,20.15,,,0.0,,POINT (545718.295999999 6449887.758),"(np.float64(545718.295999999), np.float64(6449887.758))","(np.float64(545717.9535), np.float64(6449887.8836), np.float64(18.884000000000015))",TP,0.3648035215826432
5,119.0,Fir,13.1,,,0.0,,POINT (545718.532 6449875.729),"(np.float64(545718.532), np.float64(6449875.729))","(np.float64(545718.2275), np.float64(6449876.3866), np.float64(6.057999999999993))",TP,0.7246778659617671
5,112.0,Birch,33.5,90.0,23.8,0.0,,POINT (545718.76 6449880.292),"(np.float64(545718.76), np.float64(6449880.292))","(np.float64(545717.9215), np.float64(6449879.5956), np.float64(24.894000000000005))",TP,1.0899794543557246
5,118.0,Spruce,34.85,,,0.0,,POINT (545718.962999999 6449873.069),"(np.float64(545718.962999999), np.float64(6449873.069))","(np.float64(545718.4465), np.float64(6449872.2486), np.float64(24.298000000000002))",TP,0.9694474766422583
5,117.0,Spruce,12.1,,,0.0,,POINT (545720.506999999 6449873.524),"(np.float64(545720.506999999), np.float64(6449873.524))","(np.float64(545721.6985), np.float64(6449874.0776), np.float64(3.8249999999999886))",TP,1.3138284563197544
5,137.0,Spruce,15.1,,,0.0,,POINT (545720.925 6449902.84499999),"(np.float64(545720.925), np.float64(6449902.84499999))","(np.float64(545720.9565), np.float64(6449903.4046), np.float64(23.044999999999987))",TP,0.5604858791445779
5,136.0,Fir,23.25,90.0,17.5,0.0,Rotten,POINT (545721.241999999 6449901.051),"(np.float64(545721.241999999), np.float64(6449901.051))","(np.float64(545723.4355), np.float64(6449900.8446), np.float64(16.562999999999988))",TP,2.203189327800141
5,135.0,Spruce,16.0,,,0.0,,POINT (545721.995 6449896.13599999),"(np.float64(545721.995), np.float64(6449896.13599999))",,FN,
5,147.0,Spruce,10.4,,,0.0,,POINT (545722.212 6449923.81599999),"(np.float64(545722.212), np.float64(6449923.81599999))",,FN,
5,138.0,Birch,60.75,,24.7,0.0,,POINT (545722.314 6449901.097),"(np.float64(545722.314), np.float64(6449901.097))","(np.float64(545720.3075), np.float64(6449899.7156), np.float64(22.991000000000014))",TP,2.436043556858304
5,115.0,Fir,19.1,,17.8,0.0,,POINT (545722.317999999 6449875.001),"(np.float64(545722.317999999), np.float64(6449875.001))","(np.float64(545722.1915), np.float64(6449874.8086), np.float64(17.771000000000015))",TP,0.23026074305021385
5,104.0,Spruce,20.35,,,0.0,,POINT (545722.349 6449890.34599999),"(np.float64(545722.349), np.float64(6449890.34599999))","(np.float64(545721.2915), np.float64(6449890.2366), np.float64(5.447999999999979))",TP,1.0631437379947575
5,105.0,Birch,19.4,,19.2,0.0,,POINT (545722.405 6449890.234),"(np.float64(545722.405), np.float64(6449890.234))",,FN,
5,194.0,Spruce,10.9,,,0.0,,POINT (545722.567999999 6449921.75299999),"(np.float64(545722.567999999), np.float64(6449921.75299999))","(np.float64(545722.8455), np.float64(6449922.2246), np.float64(11.834000000000003))",TP,0.5471862754599959
5,106.0,Spruce,31.9,,,0.0,,POINT (545723.052 6449888.59999999),"(np.float64(545723.052), np.float64(6449888.59999999))","(np.float64(545723.0955), np.float64(6449888.6206), np.float64(24.14099999999999))",TP,0.048131179110294534
5,114.0,Alder,21.5,,,70.0,,POINT (545723.175999999 6449878.15799999),"(np.float64(545723.175999999), np.float64(6449878.15799999))","(np.float64(545723.3375), np.float64(6449879.4986), np.float64(9.689999999999998))",TP,1.3502927968214848
5,113.0,Alder,23.65,,,80.0,,POINT (545724.033999999 6449880.849),"(np.float64(545724.033999999), np.float64(6449880.849))",,FN,
5,116.0,Spruce,16.35,,,0.0,,POINT (545724.050999999 6449873.62799999),"(np.float64(545724.050999999), np.float64(6449873.62799999))",,FN,
5,107.0,Spruce,25.05,,,0.0,,POINT (545725.226 6449885.82699999),"(np.float64(545725.226), np.float64(6449885.82699999))",,FN,
5,109.0,Spruce,37.7,,,0.0,,POINT (545725.359 6449884.53),"(np.float64(545725.359), np.float64(6449884.53))","(np.float64(545724.8055), np.float64(6449884.3146), np.float64(8.89500000000001))",TP,0.5939355268769194
5,108.0,Spruce,28.7,,,0.0,,POINT (545725.940999999 6449885.41899999),"(np.float64(545725.940999999), np.float64(6449885.41899999))","(np.float64(545725.8445), np.float64(6449885.7026), np.float64(5.808000000000021))",TP,0.29956838193362273
5,103.0,Spruce,21.65,,,0.0,,POINT (545726.148999999 6449894.803),"(np.float64(545726.148999999), np.float64(6449894.803))","(np.float64(545725.4775), np.float64(6449895.0906), np.float64(18.492999999999995))",TP,0.7304970967462454
5,139.0,Alder,9.95,,10.4,0.0,,POINT (545726.709 6449899.69699999),"(np.float64(545726.709), np.float64(6449899.69699999))","(np.float64(545726.5095), np.float64(6449900.7406), np.float64(10.107))",TP,1.0624976378111834
5,75.0,Spruce,24.2,,,0.0,,POINT (545727.086 6449860.631),"(np.float64(545727.086), np.float64(6449860.631))","(np.float64(545726.0125), np.float64(6449861.1856), np.float64(20.379999999999995))",TP,1.2082977325746742
5,140.0,Spruce,34.25,,,0.0,,POINT (545728.68 6449909.04),"(np.float64(545728.68), np.float64(6449909.04))","(np.float64(545728.9415), np.float64(6449909.2456), np.float64(22.53200000000001))",TP,0.33264637371432465
5,74.0,Spruce,16.55,,,0.0,,POINT (545729.229999999 6449859.37399999),"(np.float64(545729.229999999), np.float64(6449859.37399999))","(np.float64(545728.8765), np.float64(6449859.8176), np.float64(3.484999999999985))",TP,0.5672241340984098
5,76.0,Birch,24.8,67.0,20.0,0.0,,POINT (545729.944999999 6449872.23),"(np.float64(545729.944999999), np.float64(6449872.23))","(np.float64(545729.7675), np.float64(6449873.4506), np.float64(19.75200000000001))",TP,1.2334385306187168
5,146.0,Spruce,23.2,,,0.0,,POINT (545730.168999999 6449917.648),"(np.float64(545730.168999999), np.float64(6449917.648))","(np.float64(545729.4115), np.float64(6449916.5936), np.float64(7.057000000000016))",TP,1.2982933443147595
5,73.0,Spruce,22.85,,,80.0,,POINT (545730.329 6449858.46899999),"(np.float64(545730.329), np.float64(6449858.46899999))",,FN,
5,144.0,Alder,10.1,,9.9,0.0,,POINT (545731.807 6449902.318),"(np.float64(545731.807), np.float64(6449902.318))","(np.float64(545732.1005), np.float64(6449902.5986), np.float64(12.853000000000009))",TP,0.40605247203485517
5,141.0,Spruce,10.1,,,0.0,,POINT (545731.824 6449908.597),"(np.float64(545731.824), np.float64(6449908.597))","(np.float64(545730.6595), np.float64(6449908.4816), np.float64(9.697000000000003))",TP,1.1702040037005201
5,101.0,Spruce,18.05,,,0.0,,POINT (545732.245 6449893.275),"(np.float64(545732.245), np.float64(6449893.275))","(np.float64(545731.8545), np.float64(6449893.4076), np.float64(14.090000000000003))",TP,0.41239909041000156
5,79.0,Spruce,11.1,,,0.0,,POINT (545732.283999999 6449877.89499999),"(np.float64(545732.283999999), np.float64(6449877.89499999))","(np.float64(545731.1205), np.float64(6449876.9476), np.float64(15.512))",TP,1.500432934236254
5,102.0,Spruce,37.1,,,0.0,,POINT (545732.393999999 6449898.54399999),"(np.float64(545732.393999999), np.float64(6449898.54399999))","(np.float64(545731.8505), np.float64(6449898.4476), np.float64(27.304000000000002))",TP,0.5519829773220583
5,143.0,Spruce,14.1,,,0.0,,POINT (545732.613 6449903.93599999),"(np.float64(545732.613), np.float64(6449903.93599999))",,FN,
5,142.0,Spruce,19.0,,,0.0,,POINT (545732.854999999 6449908.45),"(np.float64(545732.854999999), np.float64(6449908.45))",,FN,
5,81.0,Alder,16.95,57.0,,70.0,,POINT (545733.126 6449883.07899999),"(np.float64(545733.126), np.float64(6449883.07899999))","(np.float64(545732.9455), np.float64(6449883.0106), np.float64(12.748999999999995))",TP,0.19302540929880438
5,69.0,Spruce,14.0,,,0.0,,POINT (545733.361 6449863.06099999),"(np.float64(545733.361), np.float64(6449863.06099999))","(np.float64(545733.1325), np.float64(6449863.6026), np.float64(11.207000000000022))",TP,0.5878289038908245
5,80.0,Alder,21.1,,,80.0,,POINT (545733.582 6449880.04999999),"(np.float64(545733.582), np.float64(6449880.04999999))","(np.float64(545734.3265), np.float64(6449879.4086), np.float64(16.22200000000001))",TP,0.9826872324562627
5,82.0,Spruce,39.5,115.0,24.9,0.0,,POINT (545734.837999999 6449883.803),"(np.float64(545734.837999999), np.float64(6449883.803))","(np.float64(545734.9155), np.float64(6449883.9076), np.float64(26.716999999999985))",TP,0.13018221841912425
5,145.0,Spruce,23.15,,,80.0,,POINT (545734.976999999 6449908.764),"(np.float64(545734.976999999), np.float64(6449908.764))","(np.float64(545736.8775), np.float64(6449911.2386), np.float64(4.5))",TP,3.1201835539607923
5,77.0,Spruce,33.15,,,0.0,,POINT (545735.221999999 6449870.108),"(np.float64(545735.221999999), np.float64(6449870.108))","(np.float64(545735.4015), np.float64(6449870.2096), np.float64(23.254999999999995))",TP,0.20625908538740542
5,100.0,Spruce,13.6,,,40.0,,POINT (545735.251999999 6449889.78899999),"(np.float64(545735.251999999), np.float64(6449889.78899999))","(np.float64(545734.5305), np.float64(6449888.7876), np.float64(6.030000000000001))",TP,1.2342464045255364
5,72.0,Spruce,19.6,,,0.0,,POINT (545735.582999999 6449855.06599999),"(np.float64(545735.582999999), np.float64(6449855.06599999))","(np.float64(545735.2945), np.float64(6449854.7646), np.float64(17.831999999999994))",TP,0.4172220073767852
5,68.0,Spruce,23.5,,,0.0,,POINT (545735.689 6449862.977),"(np.float64(545735.689), np.float64(6449862.977))","(np.float64(545735.8275), np.float64(6449863.2076), np.float64(19.22799999999998))",TP,0.2689955578924737
5,71.0,Spruce,10.5,,,0.0,,POINT (545735.930999999 6449855.49),"(np.float64(545735.930999999), np.float64(6449855.49))",,FN,
5,67.0,Spruce,19.45,,,0.0,,POINT (545736.228 6449863.182),"(np.float64(545736.228), np.float64(6449863.182))",,FN,
5,83.0,Alder,18.65,,,80.0,,POINT (545736.413999999 6449879.69199999),"(np.float64(545736.413999999), np.float64(6449879.69199999))",,FN,
5,99.0,Alder,10.85,,10.7,0.0,,POINT (545737.211 6449894.57799999),"(np.float64(545737.211), np.float64(6449894.57799999))","(np.float64(545736.5745), np.float64(6449895.0166), np.float64(11.558999999999997))",TP,0.7729826765153194
5,98.0,Alder,9.85,,9.9,0.0,,POINT (545738.858 6449895.70899999),"(np.float64(545738.858), np.float64(6449895.70899999))",,FN,
5,97.0,Alder,10.0,,10.0,0.0,,POINT (545739.057 6449897.01999999),"(np.float64(545739.057), np.float64(6449897.01999999))",,FN,
5,70.0,Fir,20.15,,16.7,0.0,,POINT (545739.081 6449854.182),"(np.float64(545739.081), np.float64(6449854.182))","(np.float64(545738.5075), np.float64(6449854.2476), np.float64(16.79000000000002))",TP,0.5772396470335267
5,96.0,Alder,17.15,43.0,12.3,0.0,,POINT (545740.574999999 6449894.915),"(np.float64(545740.574999999), np.float64(6449894.915))",,FN,
5,78.0,Spruce,15.65,,,80.0,,POINT (545741.165999999 6449869.44199999),"(np.float64(545741.165999999), np.float64(6449869.44199999))","(np.float64(545739.5485), np.float64(6449870.6536), np.float64(13.445999999999998))",TP,2.020960373608237
5,95.0,Fir,23.0,88.0,16.5,0.0,,POINT (545741.528999999 6449894.836),"(np.float64(545741.528999999), np.float64(6449894.836))","(np.float64(545741.3935), np.float64(6449894.5106), np.float64(16.05600000000001))",TP,0.35248462381486767
5,84.0,Spruce,37.0,,22.3,0.0,,POINT (545741.724 6449881.615),"(np.float64(545741.724), np.float64(6449881.615))","(np.float64(545742.7405), np.float64(6449882.1076), np.float64(24.389999999999986))",TP,1.1295693911209104
5,62.0,Spruce,28.85,,,50.0,,POINT (545742.594999999 6449872.36899999),"(np.float64(545742.594999999), np.float64(6449872.36899999))","(np.float64(545744.3445), np.float64(6449870.9806), np.float64(4.513000000000005))",TP,2.233473703402435
5,85.0,Spruce,19.45,,,0.0,,POINT (545742.625 6449880.632),"(np.float64(545742.625), np.float64(6449880.632))",,FN,
5,66.0,Spruce,21.25,,,0.0,,POINT (545742.898 6449858.04299999),"(np.float64(545742.898), np.float64(6449858.04299999))",,FN,
5,26.0,Spruce,27.65,,,0.0,,POINT (545743.699 6449854.693),"(np.float64(545743.699), np.float64(6449854.693))","(np.float64(545743.5815), np.float64(6449855.3126), np.float64(21.545999999999992))",TP,0.6306428544259115
5,86.0,Spruce,19.65,,,0.0,,POINT (545744.079999999 6449884.13499999),"(np.float64(545744.079999999), np.float64(6449884.13499999))","(np.float64(545744.9135), np.float64(6449882.7516), np.float64(4.271000000000015))",TP,1.6150906429876364
5,25.0,Fir,14.95,70.0,16.1,0.0,Rotten,POINT (545745.211 6449845.48699999),"(np.float64(545745.211), np.float64(6449845.48699999))",,FN,
5,61.0,Spruce,32.1,,22.1,0.0,,POINT (545745.327999999 6449873.608),"(np.float64(545745.327999999), np.float64(6449873.608))","(np.float64(545744.6365), np.float64(6449873.7956), np.float64(22.348000000000013))",TP,0.7164956445010643
5,65.0,Spruce,24.05,,21.1,0.0,,POINT (545746.596999999 6449866.58399999),"(np.float64(545746.596999999), np.float64(6449866.58399999))",,FN,
5,89.0,Spruce,31.5,,,0.0,,POINT (545746.849999999 6449878.13399999),"(np.float64(545746.849999999), np.float64(6449878.13399999))","(np.float64(545746.1355), np.float64(6449877.3236), np.float64(22.37299999999999))",TP,1.0803973312263022
5,24.0,Spruce,40.5,124.0,23.4,0.0,Rotten,POINT (545747.038999999 6449844.69799999),"(np.float64(545747.038999999), np.float64(6449844.69799999))",,FN,
5,88.0,Spruce,21.5,,,0.0,,POINT (545747.099999999 6449883.216),"(np.float64(545747.099999999), np.float64(6449883.216))","(np.float64(545746.0705), np.float64(6449883.7126), np.float64(19.65700000000001))",TP,1.1430143516849052
5,87.0,Spruce,20.9,,,0.0,,POINT (545747.327 6449882.02799999),"(np.float64(545747.327), np.float64(6449882.02799999))",,FN,
5,59.0,Spruce,13.25,,,0.0,,POINT (545747.714 6449874.61899999),"(np.float64(545747.714), np.float64(6449874.61899999))",,FN,
5,63.0,Spruce,17.7,,,0.0,,POINT (545748.272 6449871.302),"(np.float64(545748.272), np.float64(6449871.302))","(np.float64(545746.5875), np.float64(6449872.6926), np.float64(13.073999999999984))",TP,2.1843325316295505
5,60.0,Spruce,14.7,,,0.0,,POINT (545749.245 6449873.33399999),"(np.float64(545749.245), np.float64(6449873.33399999))",,FN,
5,55.0,Birch,42.0,,22.4,0.0,,POINT (545750.27 6449877.909),"(np.float64(545750.27), np.float64(6449877.909))",,FN,
5,53.0,Spruce,25.95,,,0.0,,POINT (545750.305 6449880.326),"(np.float64(545750.305), np.float64(6449880.326))",,FN,
5,64.0,Birch,45.85,,25.9,0.0,,POINT (545750.542999999 6449868.97599999),"(np.float64(545750.542999999), np.float64(6449868.97599999))","(np.float64(545750.2895), np.float64(6449867.7396), np.float64(24.935000000000002))",TP,1.2621201146265735
5,31.0,Spruce,14.2,,,40.0,,POINT (545751.157 6449862.17999999),"(np.float64(545751.157), np.float64(6449862.17999999))",,FN,
5,27.0,Fir,35.55,,26.6,0.0,,POINT (545751.457999999 6449851.50899999),"(np.float64(545751.457999999), np.float64(6449851.50899999))","(np.float64(545751.7085), np.float64(6449850.6916), np.float64(26.126000000000005))",TP,0.8549228007949449
5,56.0,Spruce,14.9,,,0.0,,POINT (545751.601 6449875.337),"(np.float64(545751.601), np.float64(6449875.337))",,FN,
5,52.0,Spruce,12.2,,,0.0,,POINT (545752.875 6449880.30599999),"(np.float64(545752.875), np.float64(6449880.30599999))",,FN,
5,54.0,Spruce,12.0,,,80.0,,POINT (545752.927999999 6449878.131),"(np.float64(545752.927999999), np.float64(6449878.131))",,FN,
5,90.0,Alder,13.25,,,80.0,,POINT (545752.949999999 6449885.865),"(np.float64(545752.949999999), np.float64(6449885.865))","(np.float64(545752.0715), np.float64(6449886.5936), np.float64(13.119))",TP,1.1413238840901117
5,32.0,Spruce,36.55,91.0,25.0,0.0,Rotten,POINT (545752.962 6449865.99799999),"(np.float64(545752.962), np.float64(6449865.99799999))","(np.float64(545753.2645), np.float64(6449865.6326), np.float64(25.226))",TP,0.4743663171590425
5,51.0,Birch,25.1,74.0,22.7,0.0,,POINT (545753.212999999 6449880.42899999),"(np.float64(545753.212999999), np.float64(6449880.42899999))","(np.float64(545753.6425), np.float64(6449880.2196), np.float64(23.31899999999999))",TP,0.47782696293156923
5,57.0,Spruce,27.2,,21.9,0.0,,POINT (545753.547 6449874.001),"(np.float64(545753.547), np.float64(6449874.001))","(np.float64(545753.2265), np.float64(6449874.2596), np.float64(24.29600000000002))",TP,0.4118181761053719
5,94.0,Alder,13.65,56.0,12.3,0.0,,POINT (545753.663999999 6449896.01999999),"(np.float64(545753.663999999), np.float64(6449896.01999999))","(np.float64(545753.0925), np.float64(6449895.6856), np.float64(12.073000000000008))",TP,0.6621446986430695
5,20.0,Spruce,12.15,,,0.0,,POINT (545753.707 6449846.16899999),"(np.float64(545753.707), np.float64(6449846.16899999))",,FN,
5,29.0,Spruce,13.15,,,0.0,,POINT (545753.910999999 6449858.02799999),"(np.float64(545753.910999999), np.float64(6449858.02799999))","(np.float64(545753.4585), np.float64(6449859.1166), np.float64(12.962000000000018))",TP,1.1789004335703333
5,19.0,Birch,12.0,,15.6,0.0,,POINT (545754.248 6449847.15099999),"(np.float64(545754.248), np.float64(6449847.15099999))",,FN,
5,21.0,Spruce,15.8,,17.7,0.0,,POINT (545754.513 6449844.951),"(np.float64(545754.513), np.float64(6449844.951))",,FN,
5,28.0,Fir,21.75,73.0,18.5,0.0,Rotten,POINT (545755.229999999 6449854.88999999),"(np.float64(545755.229999999), np.float64(6449854.88999999))","(np.float64(545754.2155), np.float64(6449855.1646), np.float64(18.551999999999992))",TP,1.0510068568537094
5,33.0,Spruce,16.6,,14.5,0.0,,POINT (545755.31 6449869.058),"(np.float64(545755.31), np.float64(6449869.058))",,FN,
5,58.0,Spruce,26.95,,,0.0,,POINT (545755.702999999 6449874.041),"(np.float64(545755.702999999), np.float64(6449874.041))",,FN,
5,22.0,Spruce,18.45,,17.2,0.0,,POINT (545755.778999999 6449843.752),"(np.float64(545755.778999999), np.float64(6449843.752))",,FN,
5,30.0,Fir,24.6,,,0.0,,POINT (545756.332999999 6449858.071),"(np.float64(545756.332999999), np.float64(6449858.071))","(np.float64(545756.4575), np.float64(6449857.5256), np.float64(20.78))",TP,0.5594295401870591
5,91.0,Alder,10.75,,10.2,0.0,,POINT (545756.564999999 6449886.90799999),"(np.float64(545756.564999999), np.float64(6449886.90799999))","(np.float64(545757.6405), np.float64(6449890.8286), np.float64(8.629000000000019))",TP,4.06544028256908
5,23.0,Fir,19.5,77.0,20.0,0.0,,POINT (545756.772 6449843.43499999),"(np.float64(545756.772), np.float64(6449843.43499999))","(np.float64(545756.0235), np.float64(6449843.7976), np.float64(20.274))",TP,0.8317036835024579
5,18.0,Spruce,13.95,,,0.0,,POINT (545756.924 6449848.229),"(np.float64(545756.924), np.float64(6449848.229))",,FN,
5,93.0,Alder,11.65,41.0,12.2,0.0,Rotten,POINT (545757.204999999 6449895.917),"(np.float64(545757.204999999), np.float64(6449895.917))","(np.float64(545756.3505), np.float64(6449892.2076), np.float64(9.368000000000023))",TP,3.806549436013053
5,50.0,Alder,13.05,36.0,11.8,0.0,,POINT (545757.336 6449883.58399999),"(np.float64(545757.336), np.float64(6449883.58399999))","(np.float64(545757.9425), np.float64(6449883.8356), np.float64(13.685000000000002))",TP,0.656616185595908
5,17.0,Fir,16.9,59.0,16.5,0.0,Rotten,POINT (545757.479 6449846.943),"(np.float64(545757.479), np.float64(6449846.943))","(np.float64(545757.8105), np.float64(6449846.2526), np.float64(19.20599999999999))",TP,0.765861873713819
5,34.0,Fir,12.05,,,50.0,,POINT (545757.785999999 6449869.32),"(np.float64(545757.785999999), np.float64(6449869.32))",,FN,
5,12.0,Fir,26.75,,23.5,0.0,,POINT (545758.495 6449850.194),"(np.float64(545758.495), np.float64(6449850.194))","(np.float64(545759.3805), np.float64(6449849.6546), np.float64(22.201999999999998))",TP,1.0368522604935093
5,16.0,Birch,17.1,,18.2,0.0,,POINT (545758.653999999 6449847.28699999),"(np.float64(545758.653999999), np.float64(6449847.28699999))",,FN,
5,11.0,Spruce,34.95,107.0,24.7,0.0,Rotten,POINT (545758.812 6449853.46899999),"(np.float64(545758.812), np.float64(6449853.46899999))","(np.float64(545759.3375), np.float64(6449853.8266), np.float64(24.135999999999996))",TP,0.6356319824712845
5,49.0,Alder,34.5,,,0.0,,POINT (545759.069999999 6449883.892),"(np.float64(545759.069999999), np.float64(6449883.892))",,FN,
5,37.0,Spruce,16.1,,,0.0,,POINT (545759.319999999 6449865.08299999),"(np.float64(545759.319999999), np.float64(6449865.08299999))","(np.float64(545759.0435), np.float64(6449864.2376), np.float64(6.257000000000005))",TP,0.88946803971743
5,35.0,Birch,42.1,,23.5,0.0,,POINT (545759.745 6449871.12399999),"(np.float64(545759.745), np.float64(6449871.12399999))","(np.float64(545758.9875), np.float64(6449871.1606), np.float64(22.807999999999993))",TP,0.7583836830317285
5,15.0,Spruce,21.05,,19.3,0.0,,POINT (545759.87 6449846.53699999),"(np.float64(545759.87), np.float64(6449846.53699999))",,FN,
5,92.0,Alder,24.0,81.0,19.1,0.0,,POINT (545760.121999999 6449892.69799999),"(np.float64(545760.121999999), np.float64(6449892.69799999))","(np.float64(545758.8465), np.float64(6449892.0556), np.float64(18.418000000000006))",TP,1.428137946680036
5,36.0,Spruce,20.35,,17.7,0.0,,POINT (545760.363999999 6449868.87299999),"(np.float64(545760.363999999), np.float64(6449868.87299999))",,FN,
5,14.0,Birch,11.55,,15.5,0.0,,POINT (545760.52 6449847.49),"(np.float64(545760.52), np.float64(6449847.49))",,FN,
5,13.0,Spruce,10.3,,,0.0,,POINT (545761.359 6449849.574),"(np.float64(545761.359), np.float64(6449849.574))",,FN,
5,9.0,Fir,19.1,86.0,16.2,0.0,,POINT (545761.805 6449858.001),"(np.float64(545761.805), np.float64(6449858.001))","(np.float64(545761.6885), np.float64(6449858.6006), np.float64(15.575999999999993))",TP,0.6108129085506765
5,38.0,Spruce,33.95,,24.2,0.0,,POINT (545762.043999999 6449865.65699999),"(np.float64(545762.043999999), np.float64(6449865.65699999))","(np.float64(545761.4835), np.float64(6449866.1706), np.float64(26.305000000000007))",TP,0.7602270835751986
5,47.0,Spruce,32.9,,,0.0,,POINT (545762.084 6449887.341),"(np.float64(545762.084), np.float64(6449887.341))","(np.float64(545761.9515), np.float64(6449888.1346), np.float64(22.12899999999999))",TP,0.8045851171363718
5,40.0,Spruce,10.25,,,0.0,,POINT (545762.261 6449873.62),"(np.float64(545762.261), np.float64(6449873.62))","(np.float64(545761.8945), np.float64(6449874.9356), np.float64(4.423000000000002))",TP,1.3656960169999846
5,39.0,Spruce,31.3,116.0,25.1,0.0,,POINT (545762.702 6449870.917),"(np.float64(545762.702), np.float64(6449870.917))","(np.float64(545762.6865), np.float64(6449870.8136), np.float64(24.48600000000002))",TP,0.10455529675585336
5,48.0,Spruce,35.4,,25.6,0.0,,POINT (545763.226999999 6449885.45399999),"(np.float64(545763.226999999), np.float64(6449885.45399999))","(np.float64(545762.9085), np.float64(6449885.0826), np.float64(24.518))",TP,0.4892649603805735
5,46.0,Fir,15.0,,11.0,0.0,,POINT (545763.564 6449891.302),"(np.float64(545763.564), np.float64(6449891.302))",,FN,
5,10.0,Spruce,32.45,128.0,23.4,0.0,,POINT (545765.64 6449853.159),"(np.float64(545765.64), np.float64(6449853.159))",,FN,
5,7.0,Spruce,35.9,114.0,23.6,0.0,,POINT (545766.165 6449863.66999999),"(np.float64(545766.165), np.float64(6449863.66999999))","(np.float64(545766.1635), np.float64(6449863.5766), np.float64(23.479000000000013))",TP,0.09341203361157312
5,45.0,Spruce,24.25,,,0.0,,POINT (545767.930999999 6449886.66),"(np.float64(545767.930999999), np.float64(6449886.66))",,FN,
5,8.0,Spruce,12.2,,,0.0,,POINT (545768.189 6449856.52699999),"(np.float64(545768.189), np.float64(6449856.52699999))","(np.float64(545764.8255), np.float64(6449855.2386), np.float64(11.165999999999997))",TP,3.601819926891333
5,44.0,Alder,15.55,,,0.0,,POINT (545769.261 6449882.97599999),"(np.float64(545769.261), np.float64(6449882.97599999))","(np.float64(545769.6445), np.float64(6449881.7676), np.float64(14.254000000000019))",TP,1.2677944569071198
5,41.0,Spruce,13.2,,,0.0,,POINT (545769.603 6449873.915),"(np.float64(545769.603), np.float64(6449873.915))","(np.float64(545769.3415), np.float64(6449874.7436), np.float64(9.34899999999999))",TP,0.868884462656683
5,42.0,Spruce,12.25,,,0.0,,POINT (545772.616999999 6449873.741),"(np.float64(545772.616999999), np.float64(6449873.741))","(np.float64(545774.8985), np.float64(6449873.6576), np.float64(10.706000000000017))",TP,2.283023831363366
5,43.0,Alder,13.5,38.0,10.7,0.0,,POINT (545773.273 6449881.923),"(np.float64(545773.273), np.float64(6449881.923))",,FN,
5,6.0,Spruce,22.25,,19.6,0.0,,POINT (545774.954999999 6449866.75899999),"(np.float64(545774.954999999), np.float64(6449866.75899999))",,FN,
5,5.0,Spruce,33.5,97.0,24.3,0.0,Rotten,POINT (545776.65 6449868.95299999),"(np.float64(545776.65), np.float64(6449868.95299999))","(np.float64(545776.9825), np.float64(6449869.1046), np.float64(25.286))",TP,0.3654296279342296
5,3.0,Spruce,14.0,,,0.0,,POINT (545779.756999999 6449876.83999999),"(np.float64(545779.756999999), np.float64(6449876.83999999))","(np.float64(545779.4405), np.float64(6449877.4386), np.float64(12.983000000000004))",TP,0.6771220139822577
5,4.0,Spruce,12.65,,11.2,0.0,,POINT (545780.795999999 6449870.25499999),"(np.float64(545780.795999999), np.float64(6449870.25499999))",,FN,
5,1.0,Birch,26.6,73.0,22.8,0.0,,POINT (545782.292999999 6449875.411),"(np.float64(545782.292999999), np.float64(6449875.411))",,FN,
5,2.0,Spruce,27.45,,17.7,0.0,,POINT (545782.432 6449873.927),"(np.float64(545782.432), np.float64(6449873.927))",,FN,
5,,,,,,,,,,"(np.float64(545723.3385), np.float64(6449888.8396), np.float64(4.268000000000001))",FP,
5,,,,,,,,,,"(np.float64(545708.5045), np.float64(6449881.3726), np.float64(8.544000000000011))",FP,
5,,,,,,,,,,"(np.float64(545703.1615), np.float64(6449899.1786), np.float64(5.518000000000001))",FP,
5,,,,,,,,,,"(np.float64(545703.0225), np.float64(6449899.5896), np.float64(24.441000000000003))",FP,
5,,,,,,,,,,"(np.float64(545729.1295), np.float64(6449858.7536), np.float64(17.679000000000002))",FP,
5,,,,,,,,,,"(np.float64(545756.6025), np.float64(6449858.6966), np.float64(6.8629999999999995))",FP,
5,,,,,,,,,,"(np.float64(545711.8375), np.float64(6449887.2316), np.float64(4.623000000000019))",FP,
5,,,,,,,,,,"(np.float64(545718.9365), np.float64(6449874.8446), np.float64(7.758999999999986))",FP,
5,,,,,,,,,,"(np.float64(545688.5835), np.float64(6449895.5156), np.float64(3.647999999999996))",FP,
5,,,,,,,,,,"(np.float64(545708.6295), np.float64(6449914.9206), np.float64(13.189999999999998))",FP,
5,,,,,,,,,,"(np.float64(545707.0955), np.float64(6449896.3286), np.float64(3.4750000000000227))",FP,
5,,,,,,,,,,"(np.float64(545699.9635), np.float64(6449921.4676), np.float64(14.096000000000004))",FP,
5,,,,,,,,,,"(np.float64(545702.3205), np.float64(6449892.9356), np.float64(9.641999999999996))",FP,
5,,,,,,,,,,"(np.float64(545724.0945), np.float64(6449884.6596), np.float64(24.460000000000008))",FP,
5,,,,,,,,,,"(np.float64(545721.3235), np.float64(6449891.1196), np.float64(3.15300000000002))",FP,
5,,,,,,,,,,"(np.float64(545712.3055), np.float64(6449879.3686), np.float64(25.430000000000007))",FP,
5,,,,,,,,,,"(np.float64(545711.3505), np.float64(6449921.6756), np.float64(20.533999999999992))",FP,
5,,,,,,,,,,"(np.float64(545714.0875), np.float64(6449909.1366), np.float64(6.1370000000000005))",FP,
5,,,,,,,,,,"(np.float64(545723.9845), np.float64(6449886.3426), np.float64(4.36099999999999))",FP,
5,,,,,,,,,,"(np.float64(545699.8455), np.float64(6449883.9566), np.float64(15.055000000000007))",FP,
5,,,,,,,,,,"(np.float64(545717.4465), np.float64(6449921.6256), np.float64(11.620000000000005))",FP,
5,,,,,,,,,,"(np.float64(545705.0035), np.float64(6449900.8086), np.float64(27.661999999999978))",FP,
5,,,,,,,,,,"(np.float64(545748.3055), np.float64(6449878.4906), np.float64(22.373999999999995))",FP,
5,,,,,,,,,,"(np.float64(545717.2595), np.float64(6449926.2206), np.float64(18.158999999999992))",FP,
5,,,,,,,,,,"(np.float64(545721.8065), np.float64(6449891.7956), np.float64(19.67500000000001))",FP,
5,,,,,,,,,,"(np.float64(545717.3085), np.float64(6449923.6496), np.float64(15.525000000000006))",FP,
5,,,,,,,,,,"(np.float64(545711.0045), np.float64(6449921.9286), np.float64(16.806999999999988))",FP,
5,,,,,,,,,,"(np.float64(545697.9565), np.float64(6449902.4006), np.float64(12.008999999999986))",FP,
5,,,,,,,,,,"(np.float64(545722.5395), np.float64(6449903.2296), np.float64(5.042000000000002))",FP,
5,,,,,,,,,,"(np.float64(545717.1515), np.float64(6449874.7196), np.float64(5.179000000000002))",FP,
5,,,,,,,,,,"(np.float64(545691.2835), np.float64(6449901.6046), np.float64(13.229000000000013))",FP,
5,,,,,,,,,,"(np.float64(545687.1955), np.float64(6449896.8286), np.float64(15.543999999999983))",FP,
5,,,,,,,,,,"(np.float64(545712.7255), np.float64(6449920.4646), np.float64(7.638999999999982))",FP,
5,,,,,,,,,,"(np.float64(545716.7575), np.float64(6449910.1566), np.float64(3.5009999999999764))",FP,
5,,,,,,,,,,"(np.float64(545740.8445), np.float64(6449880.9496), np.float64(8.212999999999994))",FP,
5,,,,,,,,,,"(np.float64(545698.4285), np.float64(6449917.0146), np.float64(9.376000000000005))",FP,
5,,,,,,,,,,"(np.float64(545718.1165), np.float64(6449922.9546), np.float64(6.340000000000003))",FP,
5,,,,,,,,,,"(np.float64(545692.3735), np.float64(6449911.7196), np.float64(10.621999999999986))",FP,
5,,,,,,,,,,"(np.float64(545718.1055), np.float64(6449925.7516), np.float64(3.3689999999999998))",FP,
5,,,,,,,,,,"(np.float64(545713.8425), np.float64(6449876.3486), np.float64(3.8079999999999927))",FP,
5,,,,,,,,,,"(np.float64(545721.7185), np.float64(6449904.6646), np.float64(16.85900000000001))",FP,
5,,,,,,,,,,"(np.float64(545698.8205), np.float64(6449888.0726), np.float64(17.671999999999997))",FP,
5,,,,,,,,,,"(np.float64(545692.0975), np.float64(6449915.4806), np.float64(16.093999999999994))",FP,
5,,,,,,,,,,"(np.float64(545696.1345), np.float64(6449903.7106), np.float64(8.091000000000008))",FP,
5,,,,,,,,,,"(np.float64(545701.8885), np.float64(6449900.5416), np.float64(8.324000000000012))",FP,
5,,,,,,,,,,"(np.float64(545701.6765), np.float64(6449900.5946), np.float64(21.01000000000002))",FP,
5,,,,,,,,,,"(np.float64(545734.8405), np.float64(6449884.2396), np.float64(6.055000000000007))",FP,
5,,,,,,,,,,"(np.float64(545717.8425), np.float64(6449921.0676), np.float64(5.096000000000004))",FP,
5,,,,,,,,,,"(np.float64(545716.6225), np.float64(6449870.0086), np.float64(8.923000000000002))",FP,
5,,,,,,,,,,"(np.float64(545700.7075), np.float64(6449915.4986), np.float64(9.706999999999994))",FP,
5,,,,,,,,,,"(np.float64(545716.6455), np.float64(6449927.1856), np.float64(14.932999999999993))",FP,
5,,,,,,,,,,"(np.float64(545762.0645), np.float64(6449871.3886), np.float64(3.717000000000013))",FP,
5,,,,,,,,,,"(np.float64(545691.4825), np.float64(6449890.1286), np.float64(16.998999999999995))",FP,
5,,,,,,,,,,"(np.float64(545699.6415), np.float64(6449906.1456), np.float64(6.909999999999997))",FP,
5,,,,,,,,,,"(np.float64(545721.2275), np.float64(6449875.7046), np.float64(6.049000000000007))",FP,
5,,,,,,,,,,"(np.float64(545737.4925), np.float64(6449881.7216), np.float64(8.698000000000008))",FP,
5,,,,,,,,,,"(np.float64(545750.3105), np.float64(6449870.2396), np.float64(6.472000000000008))",FP,
5,,,,,,,,,,"(np.float64(545698.3555), np.float64(6449910.5306), np.float64(17.333))",FP,
5,,,,,,,,,,"(np.float64(545716.5585), np.float64(6449927.2956), np.float64(4.568999999999988))",FP,
5,,,,,,,,,,"(np.float64(545700.3025), np.float64(6449910.0596), np.float64(5.174000000000007))",FP,
5,,,,,,,,,,"(np.float64(545694.3945), np.float64(6449905.1466), np.float64(6.465000000000003))",FP,
5,,,,,,,,,,"(np.float64(545764.4925), np.float64(6449887.6126), np.float64(7.367000000000019))",FP,
5,,,,,,,,,,"(np.float64(545697.4015), np.float64(6449910.2596), np.float64(11.199000000000012))",FP,
5,,,,,,,,,,"(np.float64(545698.9895), np.float64(6449892.8846), np.float64(12.474000000000018))",FP,
5,,,,,,,,,,"(np.float64(545747.6295), np.float64(6449868.9566), np.float64(3.5900000000000034))",FP,
5,,,,,,,,,,"(np.float64(545755.3685), np.float64(6449877.9856), np.float64(6.090000000000003))",FP,
5,,,,,,,,,,"(np.float64(545756.9725), np.float64(6449864.1116), np.float64(9.631999999999977))",FP,
5,,,,,,,,,,"(np.float64(545744.7895), np.float64(6449871.0606), np.float64(9.715000000000003))",FP,
5,,,,,,,,,,"(np.float64(545723.7835), np.float64(6449871.0796), np.float64(4.158999999999992))",FP,
5,,,,,,,,,,"(np.float64(545730.2765), np.float64(6449911.0536), np.float64(9.47999999999999))",FP,
5,,,,,,,,,,"(np.float64(545735.1385), np.float64(6449903.3796), np.float64(6.307000000000016))",FP,
5,,,,,,,,,,"(np.float64(545690.0225), np.float64(6449906.5556), np.float64(13.495000000000005))",FP,
5,,,,,,,,,,"(np.float64(545716.2925), np.float64(6449927.5686), np.float64(17.037999999999982))",FP,
5,,,,,,,,,,"(np.float64(545691.0245), np.float64(6449908.7896), np.float64(16.887))",FP,
5,,,,,,,,,,"(np.float64(545718.9545), np.float64(6449925.3206), np.float64(12.093999999999994))",FP,
5,,,,,,,,,,"(np.float64(545696.9745), np.float64(6449906.3006), np.float64(10.285000000000025))",FP,
5,,,,,,,,,,"(np.float64(545709.9285), np.float64(6449922.1196), np.float64(23.15700000000001))",FP,
5,,,,,,,,,,"(np.float64(545704.2445), np.float64(6449920.2036), np.float64(3.4869999999999948))",FP,
5,,,,,,,,,,"(np.float64(545688.1285), np.float64(6449899.2296), np.float64(17.427999999999997))",FP,
5,,,,,,,,,,"(np.float64(545693.6385), np.float64(6449909.2196), np.float64(11.34899999999999))",FP,
5,,,,,,,,,,"(np.float64(545782.0195), np.float64(6449875.3776), np.float64(6.093999999999994))",FP,
5,,,,,,,,,,"(np.float64(545730.7425), np.float64(6449884.3546), np.float64(6.3419999999999845))",FP,
5,,,,,,,,,,"(np.float64(545758.6275), np.float64(6449850.3396), np.float64(3.1189999999999998))",FP,
5,,,,,,,,,,"(np.float64(545706.9755), np.float64(6449903.8356), np.float64(15.117999999999995))",FP,
5,,,,,,,,,,"(np.float64(545726.5275), np.float64(6449910.7016), np.float64(15.113))",FP,
5,,,,,,,,,,"(np.float64(545714.7895), np.float64(6449905.0036), np.float64(6.734000000000009))",FP,
5,,,,,,,,,,"(np.float64(545720.2445), np.float64(6449892.1006), np.float64(10.513000000000005))",FP,
5,,,,,,,,,,"(np.float64(545693.5615), np.float64(6449911.4486), np.float64(3.1399999999999864))",FP,
5,,,,,,,,,,"(np.float64(545706.6665), np.float64(6449883.6846), np.float64(3.2409999999999854))",FP,
5,,,,,,,,,,"(np.float64(545696.4135), np.float64(6449917.7886), np.float64(12.293000000000006))",FP,
5,,,,,,,,,,"(np.float64(545757.6295), np.float64(6449855.5426), np.float64(6.97799999999998))",FP,
5,,,,,,,,,,"(np.float64(545701.2495), np.float64(6449906.8456), np.float64(4.537000000000006))",FP,
5,,,,,,,,,,"(np.float64(545761.9115), np.float64(6449863.8176), np.float64(4.47999999999999))",FP,
5,,,,,,,,,,"(np.float64(545766.7125), np.float64(6449874.0226), np.float64(5.494))",FP,
5,,,,,,,,,,"(np.float64(545698.7825), np.float64(6449899.9446), np.float64(17.819999999999993))",FP,
5,,,,,,,,,,"(np.float64(545696.3905), np.float64(6449888.6566), np.float64(3.156000000000006))",FP,
5,,,,,,,,,,"(np.float64(545717.9635), np.float64(6449902.7416), np.float64(18.073000000000008))",FP,
5,,,,,,,,,,"(np.float64(545745.3205), np.float64(6449870.7206), np.float64(6.950999999999993))",FP,
5,,,,,,,,,,"(np.float64(545707.7745), np.float64(6449902.6596), np.float64(3.1049999999999898))",FP,
5,,,,,,,,,,"(np.float64(545695.7205), np.float64(6449904.6756), np.float64(12.232))",FP,
5,,,,,,,,,,"(np.float64(545727.0935), np.float64(6449880.7996), np.float64(16.985000000000014))",FP,
5,,,,,,,,,,"(np.float64(545720.6085), np.float64(6449892.8966), np.float64(6.674000000000007))",FP,
5,,,,,,,,,,"(np.float64(545736.7915), np.float64(6449911.3386), np.float64(8.656000000000006))",FP,
5,,,,,,,,,,"(np.float64(545727.1665), np.float64(6449916.6156), np.float64(4.281000000000006))",FP,
5,,,,,,,,,,"(np.float64(545709.4415), np.float64(6449922.7796), np.float64(20.573000000000008))",FP,
5,,,,,,,,,,"(np.float64(545737.9395), np.float64(6449860.4696), np.float64(5.155000000000001))",FP,
5,,,,,,,,,,"(np.float64(545715.3895), np.float64(6449919.3726), np.float64(4.74199999999999))",FP,
5,,,,,,,,,,"(np.float64(545779.5595), np.float64(6449873.5636), np.float64(9.552999999999997))",FP,
5,,,,,,,,,,"(np.float64(545729.1635), np.float64(6449892.1116), np.float64(3.555000000000007))",FP,
5,,,,,,,,,,"(np.float64(545727.6515), np.float64(6449919.7806), np.float64(12.578000000000003))",FP,
5,,,,,,,,,,"(np.float64(545699.6855), np.float64(6449905.0156), np.float64(4.036000000000001))",FP,
5,,,,,,,,,,"(np.float64(545724.2985), np.float64(6449902.9776), np.float64(16.974999999999994))",FP,
5,,,,,,,,,,"(np.float64(545729.1145), np.float64(6449905.6596), np.float64(5.448999999999984))",FP,
5,,,,,,,,,,"(np.float64(545754.6955), np.float64(6449850.8376), np.float64(3.5749999999999886))",FP,
5,,,,,,,,,,"(np.float64(545760.0905), np.float64(6449861.7386), np.float64(3.212999999999994))",FP,
5,,,,,,,,,,"(np.float64(545761.1785), np.float64(6449868.5966), np.float64(8.646999999999991))",FP,
5,,,,,,,,,,"(np.float64(545697.9365), np.float64(6449898.2946), np.float64(15.449999999999989))",FP,
5,,,,,,,,,,"(np.float64(545716.0605), np.float64(6449913.1936), np.float64(3.129000000000019))",FP,
5,,,,,,,,,,"(np.float64(545696.9235), np.float64(6449905.2126), np.float64(3.5989999999999895))",FP,
5,,,,,,,,,,"(np.float64(545712.9855), np.float64(6449905.7416), np.float64(4.895999999999987))",FP,
5,,,,,,,,,,"(np.float64(545711.4435), np.float64(6449898.3396), np.float64(3.1599999999999966))",FP,
5,,,,,,,,,,"(np.float64(545714.2455), np.float64(6449881.9976), np.float64(7.632000000000005))",FP,
5,,,,,,,,,,"(np.float64(545737.1815), np.float64(6449905.9056), np.float64(19.868000000000023))",FP,
5,,,,,,,,,,"(np.float64(545729.5885), np.float64(6449900.8376), np.float64(4.344999999999999))",FP,
5,,,,,,,,,,"(np.float64(545721.0655), np.float64(6449907.4426), np.float64(4.74199999999999))",FP,
5,,,,,,,,,,"(np.float64(545765.8625), np.float64(6449859.4826), np.float64(4.119))",FP,
5,,,,,,,,,,"(np.float64(545704.8625), np.float64(6449882.3346), np.float64(8.588999999999999))",FP,
5,,,,,,,,,,"(np.float64(545755.8915), np.float64(6449854.3166), np.float64(7.253000000000014))",FP,
5,,,,,,,,,,"(np.float64(545708.5295), np.float64(6449920.0716), np.float64(14.146000000000015))",FP,
5,,,,,,,,,,"(np.float64(545725.4395), np.float64(6449864.0896), np.float64(7.280000000000001))",FP,
5,,,,,,,,,,"(np.float64(545777.4775), np.float64(6449868.1686), np.float64(13.871999999999986))",FP,
5,,,,,,,,,,"(np.float64(545763.6445), np.float64(6449852.8056), np.float64(3.8689999999999998))",FP,
5,,,,,,,,,,"(np.float64(545727.9635), np.float64(6449874.3626), np.float64(8.513000000000005))",FP,
5,,,,,,,,,,"(np.float64(545718.3975), np.float64(6449891.7916), np.float64(3.7299999999999898))",FP,
5,,,,,,,,,,"(np.float64(545764.8155), np.float64(6449884.0136), np.float64(7.5989999999999895))",FP,
5,,,,,,,,,,"(np.float64(545696.1535), np.float64(6449911.4706), np.float64(8.225999999999999))",FP,
5,,,,,,,,,,"(np.float64(545695.5495), np.float64(6449893.1686), np.float64(3.217000000000013))",FP,
5,,,,,,,,,,"(np.float64(545739.4385), np.float64(6449889.9436), np.float64(6.014999999999986))",FP,
5,,,,,,,,,,"(np.float64(545774.3795), np.float64(6449869.9306), np.float64(11.544000000000011))",FP,
5,,,,,,,,,,"(np.float64(545707.4705), np.float64(6449876.8566), np.float64(14.850999999999999))",FP,
5,,,,,,,,,,"(np.float64(545769.3115), np.float64(6449878.7446), np.float64(8.713999999999999))",FP,
5,,,,,,,,,,"(np.float64(545735.8035), np.float64(6449895.6186), np.float64(6.50800000000001))",FP,
5,,,,,,,,,,"(np.float64(545744.7495), np.float64(6449850.4486), np.float64(8.198000000000008))",FP,
5,,,,,,,,,,"(np.float64(545687.2765), np.float64(6449904.7896), np.float64(4.428000000000026))",FP,
5,,,,,,,,,,"(np.float64(545710.7415), np.float64(6449905.4906), np.float64(5.4909999999999854))",FP,
5,,,,,,,,,,"(np.float64(545724.3705), np.float64(6449910.7836), np.float64(11.341000000000008))",FP,
5,,,,,,,,,,"(np.float64(545764.1245), np.float64(6449877.9086), np.float64(3.7490000000000236))",FP,
5,,,,,,,,,,"(np.float64(545744.5345), np.float64(6449866.0586), np.float64(6.813999999999993))",FP,
5,,,,,,,,,,"(np.float64(545696.7355), np.float64(6449895.9176), np.float64(7.086000000000013))",FP,
5,,,,,,,,,,"(np.float64(545703.5835), np.float64(6449880.1276), np.float64(5.2760000000000105))",FP,
5,,,,,,,,,,"(np.float64(545734.0795), np.float64(6449914.7856), np.float64(3.804000000000002))",FP,
5,,,,,,,,,,"(np.float64(545748.6095), np.float64(6449853.8516), np.float64(7.9950000000000045))",FP,
5,,,,,,,,,,"(np.float64(545773.0115), np.float64(6449865.7456), np.float64(5.317999999999984))",FP,
5,,,,,,,,,,"(np.float64(545755.8425), np.float64(6449894.3426), np.float64(5.149000000000001))",FP,
5,,,,,,,,,,"(np.float64(545773.1005), np.float64(6449867.4296), np.float64(10.949999999999989))",FP,
5,,,,,,,,,,"(np.float64(545775.2175), np.float64(6449867.2036), np.float64(6.947000000000003))",FP,
5,,,,,,,,,,"(np.float64(545728.7215), np.float64(6449865.6146), np.float64(5.5120000000000005))",FP,
5,,,,,,,,,,"(np.float64(545749.3085), np.float64(6449893.1946), np.float64(3.6740000000000066))",FP,
5,,,,,,,,,,"(np.float64(545748.2025), np.float64(6449845.5566), np.float64(10.009000000000015))",FP,
5,,,,,,,,,,"(np.float64(545779.0845), np.float64(6449870.1386), np.float64(16.045999999999992))",FP,
5,,,,,,,,,,"(np.float64(545768.1155), np.float64(6449864.1406), np.float64(6.930999999999983))",FP,
5,,,,,,,,,,"(np.float64(545746.7885), np.float64(6449889.0006), np.float64(6.169000000000011))",FP,
5,,,,,,,,,,"(np.float64(545744.6115), np.float64(6449845.9896), np.float64(7.947000000000003))",FP,
5,,,,,,,,,,"(np.float64(545766.0335), np.float64(6449865.1166), np.float64(4.206999999999994))",FP,
5,,,,,,,,,,"(np.float64(545767.9985), np.float64(6449869.0656), np.float64(5.811000000000007))",FP,
5,,,,,,,,,,"(np.float64(545770.1345), np.float64(6449861.6096), np.float64(4.145999999999987))",FP,
5,,,,,,,,,,"(np.float64(545728.6045), np.float64(6449871.2726), np.float64(3.9140000000000157))",FP,
5,,,,,,,,,,"(np.float64(545706.9925), np.float64(6449920.3056), np.float64(6.817999999999984))",FP,
6,237.0,Fir,23.0,,,0.0,,POINT (545536.27 6449396.534),"(np.float64(545536.27), np.float64(6449396.534))",,FN,
6,279.0,Spruce,38.5,,,0.0,,POINT (545536.511999999 6449400.053),"(np.float64(545536.511999999), np.float64(6449400.053))","(np.float64(545537.0021), np.float64(6449399.544), np.float64(28.879999999999995))",TP,0.7065967814242766
6,232.0,Spruce,46.8,,,0.0,,POINT (545537.38 6449389.984),"(np.float64(545537.38), np.float64(6449389.984))","(np.float64(545538.0451), np.float64(6449389.822), np.float64(32.664000000000016))",TP,0.6845451118318934
6,280.0,Spruce,38.7,,,0.0,,POINT (545537.973 6449404.52699999),"(np.float64(545537.973), np.float64(6449404.52699999))","(np.float64(545539.1641), np.float64(6449404.031), np.float64(13.288000000000011))",TP,1.2902461781539536
6,278.0,Spruce,23.05,,,0.0,,POINT (545538.506 6449400.60699999),"(np.float64(545538.506), np.float64(6449400.60699999))","(np.float64(545538.5871), np.float64(6449401.07), np.float64(5.8770000000000095))",TP,0.470049167534143
6,230.0,Spruce,17.5,,,0.0,,POINT (545539.207999999 6449384.70899999),"(np.float64(545539.207999999), np.float64(6449384.70899999))",,FN,
6,233.0,Spruce,44.55,,,0.0,,POINT (545539.628 6449394.07899999),"(np.float64(545539.628), np.float64(6449394.07899999))","(np.float64(545539.5681), np.float64(6449394.2), np.float64(32.744))",TP,0.13501486046004474
6,231.0,Spruce,47.55,,,0.0,,POINT (545539.667999999 6449387.264),"(np.float64(545539.667999999), np.float64(6449387.264))","(np.float64(545540.0631), np.float64(6449386.724), np.float64(6.59699999999998))",TP,0.6691068754994465
6,236.0,Spruce,20.1,,,0.0,,POINT (545539.738 6449396.273),"(np.float64(545539.738), np.float64(6449396.273))","(np.float64(545540.4111), np.float64(6449395.7), np.float64(8.465000000000003))",TP,0.8839641451197722
6,277.0,Spruce,29.1,,,0.0,,POINT (545540.716 6449401.565),"(np.float64(545540.716), np.float64(6449401.565))","(np.float64(545540.7101), np.float64(6449401.417), np.float64(8.516999999999996))",TP,0.1481175547094427
6,234.0,Spruce,42.0,,,0.0,,POINT (545541.439999999 6449392.30599999),"(np.float64(545541.439999999), np.float64(6449392.30599999))","(np.float64(545542.1191), np.float64(6449392.042), np.float64(31.30600000000001))",TP,0.7286101877429368
6,238.0,Spruce,23.65,,,0.0,,POINT (545542.748 6449398.383),"(np.float64(545542.748), np.float64(6449398.383))","(np.float64(545542.8791), np.float64(6449397.755), np.float64(25.728999999999985))",TP,0.6415381599073289
6,227.0,Spruce,32.35,,,0.0,,POINT (545543.400999999 6449384.46499999),"(np.float64(545543.400999999), np.float64(6449384.46499999))","(np.float64(545542.1221), np.float64(6449384.614), np.float64(15.501999999999981))",TP,1.287550469116395
6,235.0,Spruce,39.9,,,0.0,,POINT (545543.721 6449394.286),"(np.float64(545543.721), np.float64(6449394.286))","(np.float64(545544.4431), np.float64(6449393.721), np.float64(29.715000000000003))",TP,0.9168715343398391
6,228.0,Spruce,30.45,,,0.0,,POINT (545543.724999999 6449382.382),"(np.float64(545543.724999999), np.float64(6449382.382))","(np.float64(545544.2051), np.float64(6449383.104), np.float64(14.734999999999985))",TP,0.8670524845899757
6,226.0,Spruce,31.0,,,0.0,,POINT (545544.011 6449388.457),"(np.float64(545544.011), np.float64(6449388.457))","(np.float64(545544.6181), np.float64(6449387.911), np.float64(29.929000000000002))",TP,0.8165086711015989
6,276.0,Tilia,11.5,,,0.0,,POINT (545545.16 6449404.03899999),"(np.float64(545545.16), np.float64(6449404.03899999))","(np.float64(545544.7951), np.float64(6449403.885), np.float64(12.330999999999989))",TP,0.39606565984281966
6,225.0,Fir,16.05,,,0.0,,POINT (545545.807 6449388.90099999),"(np.float64(545545.807), np.float64(6449388.90099999))","(np.float64(545546.9421), np.float64(6449388.762), np.float64(14.35499999999999))",TP,1.1435790340732606
6,229.0,Spruce,14.9,,,0.0,,POINT (545546.248 6449378.43599999),"(np.float64(545546.248), np.float64(6449378.43599999))","(np.float64(545547.2731), np.float64(6449378.445), np.float64(11.705000000000013))",TP,1.0251395076356993
6,281.0,Spruce,50.5,,,0.0,,POINT (545547.307 6449408.252),"(np.float64(545547.307), np.float64(6449408.252))","(np.float64(545547.3151), np.float64(6449407.984), np.float64(32.35299999999998))",TP,0.26812237893077034
6,224.0,Spruce,51.0,,,0.0,,POINT (545547.532 6449386.428),"(np.float64(545547.532), np.float64(6449386.428))","(np.float64(545547.7781), np.float64(6449386.256), np.float64(34.16899999999998))",TP,0.3002485804827664
6,275.0,Spruce,41.65,,,0.0,,POINT (545547.564999999 6449401.298),"(np.float64(545547.564999999), np.float64(6449401.298))","(np.float64(545547.8741), np.float64(6449400.753), np.float64(10.501000000000005))",TP,0.6265523214814354
6,168.0,Fir,23.1,,,0.0,,POINT (545547.807999999 6449373.605),"(np.float64(545547.807999999), np.float64(6449373.605))",,FN,
6,223.0,Spruce,19.0,,,0.0,,POINT (545547.947 6449387.551),"(np.float64(545547.947), np.float64(6449387.551))",,FN,
6,274.0,Spruce,20.8,,,0.0,,POINT (545548.734 6449402.36799999),"(np.float64(545548.734), np.float64(6449402.36799999))",,FN,
6,239.0,Spruce,22.0,,,0.0,,POINT (545548.736 6449399.88499999),"(np.float64(545548.736), np.float64(6449399.88499999))",,FN,
6,169.0,Spruce,52.05,,30.8,0.0,,POINT (545549.033999999 6449375.961),"(np.float64(545549.033999999), np.float64(6449375.961))","(np.float64(545549.6161), np.float64(6449375.413), np.float64(31.62300000000002))",TP,0.7994650783749713
6,240.0,Spruce,32.2,,,0.0,,POINT (545549.967999999 6449398.55399999),"(np.float64(545549.967999999), np.float64(6449398.55399999))","(np.float64(545550.4821), np.float64(6449398.499), np.float64(5.469999999999999))",TP,0.517033664329806
6,282.0,Spruce,35.7,,,0.0,,POINT (545550.045 6449408.983),"(np.float64(545550.045), np.float64(6449408.983))","(np.float64(545549.9921), np.float64(6449407.833), np.float64(8.25399999999999))",TP,1.1512160574183465
6,273.0,Spruce,27.05,,,80.0,,POINT (545550.908999999 6449406.962),"(np.float64(545550.908999999), np.float64(6449406.962))",,FN,
6,283.0,Spruce,25.45,,,0.0,,POINT (545551.368 6449409.991),"(np.float64(545551.368), np.float64(6449409.991))","(np.float64(545551.4871), np.float64(6449409.991), np.float64(9.048000000000002))",TP,0.11910000001080334
6,242.0,Spruce,42.0,,,0.0,,POINT (545551.43 6449393.337),"(np.float64(545551.43), np.float64(6449393.337))","(np.float64(545551.5141), np.float64(6449393.752), np.float64(8.383999999999986))",TP,0.42343572124615836
6,241.0,Spruce,31.0,,,0.0,,POINT (545552.694999999 6449398.71),"(np.float64(545552.694999999), np.float64(6449398.71))","(np.float64(545552.2711), np.float64(6449399.741), np.float64(7.036000000000001))",TP,1.1147431139199544
6,284.0,Spruce,32.55,,,0.0,,POINT (545554.319 6449416.585),"(np.float64(545554.319), np.float64(6449416.585))",,FN,
6,243.0,Spruce,41.5,,,0.0,,POINT (545555.177999999 6449391.059),"(np.float64(545555.177999999), np.float64(6449391.059))","(np.float64(545555.3301), np.float64(6449391.131), np.float64(5.885999999999996))",TP,0.16828074833158532
6,222.0,Spruce,22.45,,,0.0,,POINT (545556.346999999 6449382.94),"(np.float64(545556.346999999), np.float64(6449382.94))","(np.float64(545554.1951), np.float64(6449382.963), np.float64(5.2450000000000045))",TP,2.1520229101315094
6,246.0,Spruce,49.35,,,0.0,,POINT (545556.782 6449400.98099999),"(np.float64(545556.782), np.float64(6449400.98099999))","(np.float64(545556.7981), np.float64(6449400.549), np.float64(31.300999999999988))",TP,0.43229989819496856
6,221.0,Spruce,18.4,,,0.0,,POINT (545557.069 6449384.97599999),"(np.float64(545557.069), np.float64(6449384.97599999))","(np.float64(545556.7841), np.float64(6449385.137), np.float64(18.444999999999993))",TP,0.32724457731520407
6,285.0,Spruce,20.65,,,0.0,,POINT (545557.209 6449416.51499999),"(np.float64(545557.209), np.float64(6449416.51499999))","(np.float64(545557.4001), np.float64(6449416.405), np.float64(18.637))",TP,0.22049763671369593
6,287.0,Spruce,43.8,,,0.0,,POINT (545557.697999999 6449414.21),"(np.float64(545557.697999999), np.float64(6449414.21))","(np.float64(545558.5391), np.float64(6449415.057), np.float64(29.97200000000001))",TP,1.1936742486169483
6,272.0,Birch,33.65,,26.9,0.0,,POINT (545558.202 6449408.557),"(np.float64(545558.202), np.float64(6449408.557))","(np.float64(545558.9681), np.float64(6449408.103), np.float64(26.999000000000024))",TP,0.8905196291666402
6,244.0,Spruce,42.35,,,0.0,,POINT (545558.447999999 6449392.848),"(np.float64(545558.447999999), np.float64(6449392.848))","(np.float64(545559.0171), np.float64(6449393.658), np.float64(30.713000000000022))",TP,0.9899367709545813
6,288.0,Birch,28.85,,25.4,0.0,,POINT (545558.559 6449418.977),"(np.float64(545558.559), np.float64(6449418.977))",,FN,
6,170.0,Spruce,32.75,,,0.0,,POINT (545559.28 6449378.734),"(np.float64(545559.28), np.float64(6449378.734))",,FN,
6,286.0,Birch,17.3,,21.6,0.0,,POINT (545559.407 6449417.02699999),"(np.float64(545559.407), np.float64(6449417.02699999))",,FN,
6,173.0,Spruce,37.15,,,0.0,,POINT (545559.726 6449370.178),"(np.float64(545559.726), np.float64(6449370.178))","(np.float64(545559.7941), np.float64(6449370.223), np.float64(26.926999999999992))",TP,0.08162481239065851
6,171.0,Spruce,15.6,,,0.0,,POINT (545559.998 6449377.71999999),"(np.float64(545559.998), np.float64(6449377.71999999))","(np.float64(545560.4091), np.float64(6449376.739), np.float64(8.910000000000025))",TP,1.0636560492568898
6,174.0,Spruce,14.75,,,0.0,,POINT (545560.192 6449369.36099999),"(np.float64(545560.192), np.float64(6449369.36099999))",,FN,
6,220.0,Spruce,51.2,,,0.0,,POINT (545560.503999999 6449382.433),"(np.float64(545560.503999999), np.float64(6449382.433))","(np.float64(545560.1271), np.float64(6449381.455), np.float64(16.62099999999998))",TP,1.0481114489726455
6,167.0,Spruce,42.1,,,0.0,,POINT (545560.645 6449360.12799999),"(np.float64(545560.645), np.float64(6449360.12799999))","(np.float64(545561.4511), np.float64(6449360.327), np.float64(28.400000000000006))",TP,0.8303000744314354
6,245.0,Spruce,38.15,,,0.0,,POINT (545560.696 6449390.877),"(np.float64(545560.696), np.float64(6449390.877))","(np.float64(545561.3081), np.float64(6449390.771), np.float64(8.489000000000004))",TP,0.6212104395156834
6,219.0,Spruce,41.0,,,0.0,,POINT (545560.851 6449384.25999999),"(np.float64(545560.851), np.float64(6449384.25999999))","(np.float64(545561.4531), np.float64(6449384.474), np.float64(32.042))",TP,0.6389995416842774
6,172.0,Spruce,28.8,,,0.0,Two trunks,POINT (545561.334 6449374.888),"(np.float64(545561.334), np.float64(6449374.888))","(np.float64(545561.9531), np.float64(6449375.59), np.float64(23.09099999999998))",TP,0.9359961588743739
6,289.0,Birch,28.0,,,80.0,,POINT (545561.746999999 6449420.342),"(np.float64(545561.746999999), np.float64(6449420.342))","(np.float64(545560.8061), np.float64(6449419.438), np.float64(26.323999999999984))",TP,1.304802210409037
6,247.0,Spruce,42.9,,,0.0,,POINT (545562.864999999 6449395.852),"(np.float64(545562.864999999), np.float64(6449395.852))","(np.float64(545563.2381), np.float64(6449395.395), np.float64(29.693000000000012))",TP,0.5899598385700898
6,218.0,Spruce,35.45,,,0.0,,POINT (545563.41 6449384.349),"(np.float64(545563.41), np.float64(6449384.349))","(np.float64(545563.1471), np.float64(6449385.84), np.float64(7.685999999999979))",TP,1.5140004651336239
6,271.0,Birch,30.7,,26.6,0.0,,POINT (545563.454999999 6449412.66),"(np.float64(545563.454999999), np.float64(6449412.66))",,FN,
6,270.0,Spruce,33.6,,,0.0,,POINT (545563.711 6449414.49199999),"(np.float64(545563.711), np.float64(6449414.49199999))","(np.float64(545563.4321), np.float64(6449414.665), np.float64(27.818000000000012))",TP,0.32819843598903414
6,97.0,Spruce,55.65,,28.2,0.0,,POINT (545564.432999999 6449350.599),"(np.float64(545564.432999999), np.float64(6449350.599))","(np.float64(545564.4521), np.float64(6449350.806), np.float64(28.416000000000025))",TP,0.2078793155123334
6,175.0,Spruce,18.95,,,0.0,,POINT (545564.645999999 6449382.423),"(np.float64(545564.645999999), np.float64(6449382.423))","(np.float64(545564.7031), np.float64(6449382.285), np.float64(5.867999999999995))",TP,0.149346610912264
6,166.0,Spruce,12.15,,,0.0,,POINT (545564.733 6449368.916),"(np.float64(545564.733), np.float64(6449368.916))","(np.float64(545565.0361), np.float64(6449370.549), np.float64(12.479000000000013))",TP,1.6608909079800949
6,98.0,Spruce,18.1,,,0.0,,POINT (545565.022 6449350.56199999),"(np.float64(545565.022), np.float64(6449350.56199999))","(np.float64(545564.8251), np.float64(6449350.273), np.float64(11.147999999999996))",TP,0.34970073491184805
6,269.0,Spruce,25.7,,,0.0,,POINT (545565.045 6449415.382),"(np.float64(545565.045), np.float64(6449415.382))",,FN,
6,248.0,Spruce,12.15,,,0.0,,POINT (545565.285 6449394.05999999),"(np.float64(545565.285), np.float64(6449394.05999999))",,FN,
6,99.0,Spruce,26.05,,,0.0,,POINT (545565.530999999 6449355.341),"(np.float64(545565.530999999), np.float64(6449355.341))","(np.float64(545566.0381), np.float64(6449355.875), np.float64(24.24200000000002))",TP,0.7364145646139018
6,165.0,Spruce,36.05,,,0.0,,POINT (545566.358 6449368.48699999),"(np.float64(545566.358), np.float64(6449368.48699999))","(np.float64(545566.4101), np.float64(6449368.491), np.float64(29.845))",TP,0.05225332598793097
6,164.0,Spruce,25.25,,,0.0,,POINT (545566.594999999 6449367.43699999),"(np.float64(545566.594999999), np.float64(6449367.43699999))",,FN,
6,217.0,Fir,16.0,,,0.0,,POINT (545566.962 6449387.34599999),"(np.float64(545566.962), np.float64(6449387.34599999))","(np.float64(545568.3691), np.float64(6449388.105), np.float64(8.674000000000007))",TP,1.5987530848272846
6,95.0,Spruce,25.4,,,0.0,,POINT (545566.971999999 6449345.274),"(np.float64(545566.971999999), np.float64(6449345.274))",,FN,
6,96.0,Spruce,47.55,,31.9,0.0,,POINT (545566.976999999 6449343.888),"(np.float64(545566.976999999), np.float64(6449343.888))","(np.float64(545567.2891), np.float64(6449343.874), np.float64(31.40100000000001))",TP,0.3124138451705343
6,163.0,Alder,19.45,,,0.0,,POINT (545567.381 6449367.046),"(np.float64(545567.381), np.float64(6449367.046))",,FN,
6,176.0,Spruce,30.5,,,0.0,,POINT (545567.449 6449380.416),"(np.float64(545567.449), np.float64(6449380.416))","(np.float64(545567.2961), np.float64(6449379.816), np.float64(27.188000000000017))",TP,0.6191755895272312
6,161.0,Fir,51.0,,,0.0,,POINT (545567.836 6449360.137),"(np.float64(545567.836), np.float64(6449360.137))","(np.float64(545568.0641), np.float64(6449360.377), np.float64(24.22799999999998))",TP,0.3311036243899717
6,268.0,Spruce,44.3,,,0.0,,POINT (545568.226 6449414.314),"(np.float64(545568.226), np.float64(6449414.314))","(np.float64(545568.4721), np.float64(6449414.334), np.float64(10.574000000000012))",TP,0.24691134031650486
6,249.0,Spruce,20.75,,,0.0,,POINT (545568.238 6449397.73599999),"(np.float64(545568.238), np.float64(6449397.73599999))","(np.float64(545567.2791), np.float64(6449396.622), np.float64(6.312999999999988))",TP,1.4698589004553917
6,177.0,Birch,15.75,,,80.0,,POINT (545568.278 6449383.41999999),"(np.float64(545568.278), np.float64(6449383.41999999))",,FN,
6,250.0,Spruce,41.8,,,0.0,,POINT (545568.547 6449400.16399999),"(np.float64(545568.547), np.float64(6449400.16399999))","(np.float64(545569.0851), np.float64(6449400.525), np.float64(7.3940000000000055))",TP,0.647975784858193
6,100.0,Fir,29.45,,,0.0,,POINT (545568.547999999 6449356.483),"(np.float64(545568.547999999), np.float64(6449356.483))",,FN,
6,101.0,Fir,13.15,,,0.0,,POINT (545568.809 6449356.375),"(np.float64(545568.809), np.float64(6449356.375))","(np.float64(545568.8321), np.float64(6449355.719), np.float64(25.907999999999987))",TP,0.6564065893611823
6,267.0,Spruce,12.9,,,0.0,,POINT (545568.841999999 6449407.12999999),"(np.float64(545568.841999999), np.float64(6449407.12999999))","(np.float64(545569.6721), np.float64(6449406.778), np.float64(11.349999999999994))",TP,0.9016484926718906
6,264.0,Spruce,17.55,,,0.0,,POINT (545569.177999999 6449411.053),"(np.float64(545569.177999999), np.float64(6449411.053))",,FN,
6,94.0,Spruce,12.9,,,0.0,,POINT (545569.258 6449343.67899999),"(np.float64(545569.258), np.float64(6449343.67899999))",,FN,
6,162.0,Alder,17.15,,,0.0,,POINT (545569.261999999 6449366.89099999),"(np.float64(545569.261999999), np.float64(6449366.89099999))","(np.float64(545569.7301), np.float64(6449366.115), np.float64(9.824999999999989))",TP,0.9062525003619839
6,251.0,Spruce,35.2,,,0.0,,POINT (545570.192 6449397.478),"(np.float64(545570.192), np.float64(6449397.478))","(np.float64(545570.5081), np.float64(6449397.2), np.float64(28.436000000000007))",TP,0.4209551162815605
6,103.0,Birch,27.1,,,0.0,,POINT (545570.471 6449349.734),"(np.float64(545570.471), np.float64(6449349.734))","(np.float64(545570.2491), np.float64(6449349.444), np.float64(25.135999999999996))",TP,0.3651569662808383
6,29.0,Spruce,27.2,,23.5,0.0,,POINT (545570.513999999 6449334.178),"(np.float64(545570.513999999), np.float64(6449334.178))",,FN,
6,160.0,Fir,22.7,,,0.0,,POINT (545570.778 6449357.125),"(np.float64(545570.778), np.float64(6449357.125))",,FN,
6,102.0,Birch,18.8,,22.7,0.0,,POINT (545570.964999999 6449351.91399999),"(np.float64(545570.964999999), np.float64(6449351.91399999))",,FN,
6,104.0,Spruce,15.65,,,0.0,,POINT (545571.229999999 6449347.74399999),"(np.float64(545571.229999999), np.float64(6449347.74399999))","(np.float64(545571.8011), np.float64(6449347.53), np.float64(14.74600000000001))",TP,0.609878026012426
6,215.0,Spruce,31.15,,,0.0,,POINT (545571.305 6449389.27199999),"(np.float64(545571.305), np.float64(6449389.27199999))",,FN,
6,30.0,Spruce,31.05,87.0,26.2,0.0,,POINT (545571.559 6449336.49899999),"(np.float64(545571.559), np.float64(6449336.49899999))","(np.float64(545572.2631), np.float64(6449336.421), np.float64(26.072000000000003))",TP,0.7084072333941025
6,93.0,Spruce,18.4,,,0.0,,POINT (545571.611999999 6449340.78),"(np.float64(545571.611999999), np.float64(6449340.78))","(np.float64(545572.2781), np.float64(6449340.542), np.float64(21.399))",TP,0.7073423578669279
6,28.0,Spruce,25.1,,,0.0,,POINT (545571.636 6449333.637),"(np.float64(545571.636), np.float64(6449333.637))",,FN,
6,216.0,Spruce,36.35,,,0.0,,POINT (545571.814999999 6449388.29899999),"(np.float64(545571.814999999), np.float64(6449388.29899999))","(np.float64(545572.0881), np.float64(6449387.82), np.float64(6.4950000000000045))",TP,0.5513842589559902
6,159.0,Fir,14.1,,,0.0,,POINT (545571.822999999 6449356.75999999),"(np.float64(545571.822999999), np.float64(6449356.75999999))",,FN,
6,27.0,Fir,16.75,,,0.0,,POINT (545572.148999999 6449332.57699999),"(np.float64(545572.148999999), np.float64(6449332.57699999))",,FN,
6,263.0,Spruce,11.85,,,0.0,,POINT (545572.204 6449410.588),"(np.float64(545572.204), np.float64(6449410.588))",,FN,
6,262.0,Spruce,18.6,,,0.0,,POINT (545572.601999999 6449411.60099999),"(np.float64(545572.601999999), np.float64(6449411.60099999))","(np.float64(545573.4731), np.float64(6449412.935), np.float64(6.139999999999986))",TP,1.593226675146948
6,178.0,Spruce,19.85,,,0.0,,POINT (545572.653999999 6449373.18499999),"(np.float64(545572.653999999), np.float64(6449373.18499999))","(np.float64(545570.7951), np.float64(6449371.984), np.float64(8.917000000000002))",TP,2.2131222701743054
6,158.0,Spruce,17.35,,,0.0,,POINT (545572.670999999 6449359.08999999),"(np.float64(545572.670999999), np.float64(6449359.08999999))",,FN,
6,266.0,Tilia,10.25,,,0.0,,POINT (545572.893 6449405.24799999),"(np.float64(545572.893), np.float64(6449405.24799999))","(np.float64(545573.2651), np.float64(6449405.587), np.float64(11.537000000000006))",TP,0.5033680727603324
6,214.0,Spruce,22.3,,,0.0,,POINT (545573.094 6449390.688),"(np.float64(545573.094), np.float64(6449390.688))","(np.float64(545574.1801), np.float64(6449390.183), np.float64(11.457999999999998))",TP,1.1977638372372308
6,213.0,Spruce,40.65,,,0.0,,POINT (545573.103 6449392.672),"(np.float64(545573.103), np.float64(6449392.672))","(np.float64(545572.8541), np.float64(6449392.566), np.float64(19.439999999999998))",TP,0.2705313477815242
6,290.0,Aspen,35.25,85.0,28.1,0.0,,POINT (545573.251999999 6449418.604),"(np.float64(545573.251999999), np.float64(6449418.604))",,FN,
6,156.0,Spruce,44.0,,,0.0,,POINT (545573.388 6449359.65099999),"(np.float64(545573.388), np.float64(6449359.65099999))","(np.float64(545573.1541), np.float64(6449359.685), np.float64(5.849000000000018))",TP,0.23635822521871197
6,157.0,Fir,19.1,,,0.0,,POINT (545573.525 6449358.405),"(np.float64(545573.525), np.float64(6449358.405))",,FN,
6,265.0,Spruce,12.6,,,0.0,,POINT (545573.626 6449407.33899999),"(np.float64(545573.626), np.float64(6449407.33899999))",,FN,
6,105.0,Spruce,46.15,,,0.0,,POINT (545573.679 6449353.887),"(np.float64(545573.679), np.float64(6449353.887))","(np.float64(545573.9961), np.float64(6449353.488), np.float64(30.582000000000022))",TP,0.5096600927651486
6,191.0,Spruce,53.15,,,0.0,,POINT (545573.805 6449385.313),"(np.float64(545573.805), np.float64(6449385.313))","(np.float64(545573.6841), np.float64(6449384.887), np.float64(33.206999999999994))",TP,0.4428236782334944
6,179.0,Birch,33.45,,,0.0,Two tops,POINT (545574.038999999 6449371.495),"(np.float64(545574.038999999), np.float64(6449371.495))","(np.float64(545574.4771), np.float64(6449371.092), np.float64(26.854000000000013))",TP,0.5952651601504592
6,26.0,Fir,12.25,,,0.0,,POINT (545574.094999999 6449330.917),"(np.float64(545574.094999999), np.float64(6449330.917))",,FN,
6,106.0,Spruce,28.05,,,0.0,,POINT (545574.37 6449356.358),"(np.float64(545574.37), np.float64(6449356.358))",,FN,
6,155.0,Aspen,27.5,79.0,27.5,0.0,,POINT (545574.55 6449366.508),"(np.float64(545574.55), np.float64(6449366.508))",,FN,
6,92.0,Spruce,17.35,,,0.0,,POINT (545574.821 6449345.91299999),"(np.float64(545574.821), np.float64(6449345.91299999))","(np.float64(545575.9771), np.float64(6449342.957), np.float64(7.588999999999999))",TP,3.1740357828629753
6,31.0,Spruce,24.65,,,0.0,,POINT (545575.234999999 6449336.443),"(np.float64(545575.234999999), np.float64(6449336.443))",,FN,
6,180.0,Spruce,37.0,,,0.0,,POINT (545575.26 6449374.04899999),"(np.float64(545575.26), np.float64(6449374.04899999))","(np.float64(545575.1251), np.float64(6449373.805), np.float64(28.290999999999997))",TP,0.27880818755307457
6,212.0,Spruce,28.2,,,0.0,,POINT (545575.432999999 6449391.93599999),"(np.float64(545575.432999999), np.float64(6449391.93599999))","(np.float64(545575.8491), np.float64(6449390.871), np.float64(29.130000000000024))",TP,1.143400275429841
6,261.0,Spruce,47.5,,,0.0,,POINT (545575.474999999 6449411.45799999),"(np.float64(545575.474999999), np.float64(6449411.45799999))","(np.float64(545575.9691), np.float64(6449410.98), np.float64(30.565000000000026))",TP,0.6874727640068258
6,211.0,Spruce,25.5,,,0.0,,POINT (545575.523 6449392.904),"(np.float64(545575.523), np.float64(6449392.904))",,FN,
6,108.0,Fir,16.5,,,0.0,,POINT (545576.049 6449353.46499999),"(np.float64(545576.049), np.float64(6449353.46499999))",,FN,
6,107.0,Spruce,16.75,,,0.0,,POINT (545576.05 6449353.852),"(np.float64(545576.05), np.float64(6449353.852))","(np.float64(545575.0161), np.float64(6449354.479), np.float64(10.336000000000013))",TP,1.209164261170012
6,260.0,Birch,26.45,90.0,25.3,0.0,,POINT (545576.101 6449415.622),"(np.float64(545576.101), np.float64(6449415.622))",,FN,
6,110.0,Spruce,27.1,,,0.0,,POINT (545576.177999999 6449349.64099999),"(np.float64(545576.177999999), np.float64(6449349.64099999))",,FN,
6,32.0,Spruce,44.35,,33.9,0.0,,POINT (545576.214999999 6449337.14599999),"(np.float64(545576.214999999), np.float64(6449337.14599999))",,FN,
6,24.0,Fir,26.05,,,0.0,,POINT (545576.339 6449324.575),"(np.float64(545576.339), np.float64(6449324.575))","(np.float64(545576.8151), np.float64(6449324.182), np.float64(23.754999999999995))",TP,0.6173493420221112
6,210.0,Fir,15.9,,,0.0,,POINT (545576.37 6449394.37999999),"(np.float64(545576.37), np.float64(6449394.37999999))","(np.float64(545577.0141), np.float64(6449395.607), np.float64(10.881))",TP,1.3857827517595713
6,153.0,Spruce,33.55,,,0.0,,POINT (545576.459999999 6449367.19099999),"(np.float64(545576.459999999), np.float64(6449367.19099999))","(np.float64(545577.0171), np.float64(6449367.463), np.float64(28.683999999999997))",TP,0.6199551730965853
6,192.0,Spruce,36.55,,,0.0,,POINT (545576.474 6449385.78899999),"(np.float64(545576.474), np.float64(6449385.78899999))","(np.float64(545577.1711), np.float64(6449385.587), np.float64(28.893999999999977))",TP,0.7257771046810011
6,193.0,Spruce,16.55,,,0.0,,POINT (545576.658999999 6449387.29299999),"(np.float64(545576.658999999), np.float64(6449387.29299999))",,FN,
6,182.0,Spruce,30.65,,,0.0,,POINT (545576.716 6449375.979),"(np.float64(545576.716), np.float64(6449375.979))",,FN,
6,252.0,Spruce,28.55,,,0.0,,POINT (545576.947 6449398.21399999),"(np.float64(545576.947), np.float64(6449398.21399999))","(np.float64(545576.3331), np.float64(6449397.595), np.float64(8.835000000000008))",TP,0.8717994026159592
6,109.0,Spruce,41.05,,,0.0,,POINT (545576.952 6449350.104),"(np.float64(545576.952), np.float64(6449350.104))","(np.float64(545577.5661), np.float64(6449350.452), np.float64(28.442000000000007))",TP,0.7058489990926549
6,33.0,Spruce,39.55,118.0,28.3,0.0,,POINT (545577.168999999 6449339.63999999),"(np.float64(545577.168999999), np.float64(6449339.63999999))","(np.float64(545577.9261), np.float64(6449340.639), np.float64(28.50399999999999))",TP,1.2534757404104562
6,34.0,Spruce,15.0,,,80.0,,POINT (545577.207999999 6449336.444),"(np.float64(545577.207999999), np.float64(6449336.444))","(np.float64(545576.8941), np.float64(6449336.139), np.float64(32.28800000000001))",TP,0.43767363320422037
6,181.0,Spruce,22.95,,,0.0,Two trunks,POINT (545577.383 6449373.91199999),"(np.float64(545577.383), np.float64(6449373.91199999))",,FN,
6,35.0,Spruce,26.5,,,0.0,,POINT (545577.403 6449335.324),"(np.float64(545577.403), np.float64(6449335.324))","(np.float64(545577.4401), np.float64(6449335.531), np.float64(7.638000000000005))",TP,0.21029838364435388
6,152.0,Spruce,47.75,,,0.0,,POINT (545577.474 6449362.462),"(np.float64(545577.474), np.float64(6449362.462))","(np.float64(545577.3891), np.float64(6449362.967), np.float64(30.579000000000008))",TP,0.512086916343188
6,154.0,Spruce,18.05,,,0.0,,POINT (545577.626999999 6449370.25899999),"(np.float64(545577.626999999), np.float64(6449370.25899999))","(np.float64(545577.7461), np.float64(6449370.741), np.float64(14.404999999999973))",TP,0.49649654575770164
6,25.0,Spruce,28.95,,22.7,0.0,,POINT (545577.962999999 6449327.69),"(np.float64(545577.962999999), np.float64(6449327.69))","(np.float64(545578.6661), np.float64(6449327.623), np.float64(22.12100000000001))",TP,0.7062850780444
6,253.0,Spruce,51.2,,,0.0,,POINT (545578.037 6449402.04499999),"(np.float64(545578.037), np.float64(6449402.04499999))","(np.float64(545578.3941), np.float64(6449401.7), np.float64(32.86500000000001))",TP,0.4965333853505653
6,183.0,Spruce,18.95,,,0.0,,POINT (545578.057 6449374.97599999),"(np.float64(545578.057), np.float64(6449374.97599999))",,FN,
6,151.0,Fir,16.7,,,0.0,,POINT (545578.209999999 6449362.99299999),"(np.float64(545578.209999999), np.float64(6449362.99299999))","(np.float64(545578.0211), np.float64(6449362.855), np.float64(11.655000000000001))",TP,0.23393846759089387
6,36.0,Spruce,27.6,,,0.0,,POINT (545578.339999999 6449334.388),"(np.float64(545578.339999999), np.float64(6449334.388))","(np.float64(545578.9061), np.float64(6449333.975), np.float64(13.725999999999999))",TP,0.7007411873477206
6,190.0,Spruce,39.35,,,0.0,,POINT (545578.516999999 6449382.29499999),"(np.float64(545578.516999999), np.float64(6449382.29499999))","(np.float64(545578.7751), np.float64(6449382.232), np.float64(30.823000000000008))",TP,0.26567764160468144
6,259.0,Spruce,28.6,,,0.0,,POINT (545578.908 6449413.54299999),"(np.float64(545578.908), np.float64(6449413.54299999))","(np.float64(545578.6821), np.float64(6449413.331), np.float64(25.73599999999999))",TP,0.30979800808689323
6,185.0,Spruce,17.15,,,0.0,,POINT (545578.957 6449376.012),"(np.float64(545578.957), np.float64(6449376.012))",,FN,
6,254.0,Spruce,19.15,,,0.0,,POINT (545579.16 6449403.672),"(np.float64(545579.16), np.float64(6449403.672))",,FN,
6,111.0,Spruce,15.45,,,0.0,,POINT (545579.174 6449348.173),"(np.float64(545579.174), np.float64(6449348.173))",,FN,
6,37.0,Fir,14.95,,,0.0,,POINT (545579.3 6449335.324),"(np.float64(545579.3), np.float64(6449335.324))","(np.float64(545578.8231), np.float64(6449335.521), np.float64(12.049999999999983))",TP,0.5159870249221324
6,184.0,Birch,23.45,,26.3,0.0,,POINT (545579.42 6449374.284),"(np.float64(545579.42), np.float64(6449374.284))","(np.float64(545580.6391), np.float64(6449373.651), np.float64(24.686999999999983))",TP,1.3736425337221565
6,91.0,Birch,21.9,67.0,26.3,0.0,,POINT (545579.648999999 6449345.443),"(np.float64(545579.648999999), np.float64(6449345.443))",,FN,
6,209.0,Spruce,19.85,,,0.0,,POINT (545579.792999999 6449390.49399999),"(np.float64(545579.792999999), np.float64(6449390.49399999))",,FN,
6,90.0,Birch,13.2,,,0.0,,POINT (545579.871999999 6449345.53899999),"(np.float64(545579.871999999), np.float64(6449345.53899999))",,FN,
6,23.0,Fir,29.5,,,0.0,,POINT (545580.076 6449318.852),"(np.float64(545580.076), np.float64(6449318.852))","(np.float64(545579.7831), np.float64(6449319.838), np.float64(5.1769999999999925))",TP,1.028584663984749
6,112.0,Aspen,41.5,,31.2,0.0,,POINT (545580.175 6449350.20799999),"(np.float64(545580.175), np.float64(6449350.20799999))",,FN,
6,38.0,Spruce,34.05,109.0,26.2,0.0,Rotten,POINT (545580.211 6449335.61699999),"(np.float64(545580.211), np.float64(6449335.61699999))",,FN,
6,208.0,Spruce,36.7,,,0.0,,POINT (545580.241999999 6449392.61),"(np.float64(545580.241999999), np.float64(6449392.61))","(np.float64(545580.1751), np.float64(6449392.918), np.float64(29.471000000000004))",TP,0.31518186720976316
6,39.0,Birch,14.25,,22.7,0.0,,POINT (545580.263999999 6449338.025),"(np.float64(545580.263999999), np.float64(6449338.025))",,FN,
6,186.0,Spruce,29.05,,,80.0,,POINT (545580.341 6449375.598),"(np.float64(545580.341), np.float64(6449375.598))","(np.float64(545580.7981), np.float64(6449374.174), np.float64(13.473000000000013))",TP,1.4955655825321605
6,255.0,Spruce,33.35,,,0.0,,POINT (545580.567 6449405.36199999),"(np.float64(545580.567), np.float64(6449405.36199999))","(np.float64(545580.7241), np.float64(6449405.231), np.float64(6.292000000000002))",TP,0.20455172343163275
6,89.0,Spruce,18.3,,,0.0,,POINT (545580.768999999 6449342.756),"(np.float64(545580.768999999), np.float64(6449342.756))","(np.float64(545579.6711), np.float64(6449342.819), np.float64(16.008999999999986))",TP,1.0997060551906572
6,20.0,Spruce,25.7,,23.4,0.0,,POINT (545580.817 6449324.23099999),"(np.float64(545580.817), np.float64(6449324.23099999))",,FN,
6,150.0,Aspen,27.45,75.0,27.4,0.0,Rotten,POINT (545580.837999999 6449363.103),"(np.float64(545580.837999999), np.float64(6449363.103))",,FN,
6,189.0,Spruce,20.55,,,0.0,,POINT (545580.837999999 6449381.61799999),"(np.float64(545580.837999999), np.float64(6449381.61799999))",,FN,
6,148.0,Birch,18.15,,25.1,0.0,,POINT (545581.116999999 6449371.313),"(np.float64(545581.116999999), np.float64(6449371.313))",,FN,
6,188.0,Spruce,32.7,,,0.0,,POINT (545581.118 6449379.48199999),"(np.float64(545581.118), np.float64(6449379.48199999))","(np.float64(545582.2401), np.float64(6449379.124), np.float64(25.91300000000001))",TP,1.1778252853258862
6,206.0,Spruce,14.05,,,0.0,,POINT (545581.557 6449393.66399999),"(np.float64(545581.557), np.float64(6449393.66399999))",,FN,
6,21.0,Spruce,31.5,,,0.0,Two trunks,POINT (545581.611 6449322.39699999),"(np.float64(545581.611), np.float64(6449322.39699999))","(np.float64(545581.7011), np.float64(6449321.84), np.float64(23.933999999999997))",TP,0.5642401958432828
6,149.0,Aspen,27.55,65.0,27.7,0.0,,POINT (545581.841 6449362.59999999),"(np.float64(545581.841), np.float64(6449362.59999999))","(np.float64(545581.8861), np.float64(6449363.6), np.float64(27.076999999999998))",TP,1.0010164976789393
6,187.0,Spruce,24.4,,,0.0,,POINT (545581.952 6449375.72599999),"(np.float64(545581.952), np.float64(6449375.72599999))","(np.float64(545582.8021), np.float64(6449375.521), np.float64(25.289000000000016))",TP,0.8744684132087377
6,207.0,Spruce,34.7,,,0.0,,POINT (545582.192999999 6449391.717),"(np.float64(545582.192999999), np.float64(6449391.717))","(np.float64(545581.7241), np.float64(6449391.15), np.float64(5.947000000000003))",TP,0.7357691274349044
6,194.0,Spruce,41.5,,,0.0,,POINT (545582.552 6449383.747),"(np.float64(545582.552), np.float64(6449383.747))","(np.float64(545582.9701), np.float64(6449383.947), np.float64(30.921999999999997))",TP,0.46347341855842367
6,256.0,Spruce,35.35,,,0.0,,POINT (545582.594999999 6449405.734),"(np.float64(545582.594999999), np.float64(6449405.734))","(np.float64(545583.4221), np.float64(6449405.714), np.float64(30.58499999999998))",TP,0.8273417743300806
6,40.0,Spruce,38.1,87.0,28.2,0.0,,POINT (545583.055999999 6449334.352),"(np.float64(545583.055999999), np.float64(6449334.352))","(np.float64(545583.3911), np.float64(6449333.865), np.float64(28.769000000000005))",TP,0.5911522734288961
6,257.0,Spruce,25.05,,,0.0,,POINT (545583.109999999 6449404.707),"(np.float64(545583.109999999), np.float64(6449404.707))","(np.float64(545582.7461), np.float64(6449404.37), np.float64(14.800999999999988))",TP,0.4959760170770249
6,195.0,Spruce,34.0,,,0.0,,POINT (545583.13 6449381.114),"(np.float64(545583.13), np.float64(6449381.114))",,FN,
6,88.0,Spruce,18.2,,,0.0,,POINT (545583.172 6449342.65),"(np.float64(545583.172), np.float64(6449342.65))",,FN,
6,22.0,Spruce,22.0,,,80.0,,POINT (545583.459999999 6449321.132),"(np.float64(545583.459999999), np.float64(6449321.132))",,FN,
6,147.0,Fir,19.85,,,0.0,,POINT (545583.601 6449370.712),"(np.float64(545583.601), np.float64(6449370.712))","(np.float64(545581.8251), np.float64(6449370.095), np.float64(7.457999999999998))",TP,1.8800292047487304
6,114.0,Aspen,29.5,,,80.0,,POINT (545583.62 6449350.603),"(np.float64(545583.62), np.float64(6449350.603))",,FN,
6,113.0,Aspen,33.9,,,0.0,,POINT (545583.712 6449350.099),"(np.float64(545583.712), np.float64(6449350.099))","(np.float64(545584.9901), np.float64(6449350.201), np.float64(14.123000000000019))",TP,1.2821636439941688
6,258.0,Spruce,32.65,,,0.0,,POINT (545584.454 6449403.752),"(np.float64(545584.454), np.float64(6449403.752))",,FN,
6,144.0,Spruce,24.65,,,0.0,,POINT (545584.908 6449368.427),"(np.float64(545584.908), np.float64(6449368.427))",,FN,
6,41.0,Spruce,25.9,,,0.0,,POINT (545585.287 6449339.548),"(np.float64(545585.287), np.float64(6449339.548))","(np.float64(545582.9701), np.float64(6449338.873), np.float64(6.530000000000001))",TP,2.413224111203796
6,143.0,Spruce,15.4,,,0.0,,POINT (545585.342999999 6449367.25499999),"(np.float64(545585.342999999), np.float64(6449367.25499999))","(np.float64(545586.0971), np.float64(6449367.476), np.float64(6.930999999999983))",TP,0.7858166555220228
6,205.0,Fir,16.95,,,0.0,,POINT (545585.508 6449400.536),"(np.float64(545585.508), np.float64(6449400.536))","(np.float64(545586.7341), np.float64(6449398.287), np.float64(9.41500000000002))",TP,2.5615078007650296
6,145.0,Spruce,18.55,,,0.0,,POINT (545585.51 6449370.217),"(np.float64(545585.51), np.float64(6449370.217))",,FN,
6,85.0,Spruce,35.2,,,0.0,Two tops,POINT (545585.729999999 6449348.10599999),"(np.float64(545585.729999999), np.float64(6449348.10599999))","(np.float64(545585.5621), np.float64(6449348.124), np.float64(28.545999999999992))",TP,0.16886210358838905
6,116.0,Aspen,30.8,89.0,28.3,0.0,,POINT (545585.773 6449356.455),"(np.float64(545585.773), np.float64(6449356.455))","(np.float64(545586.4811), np.float64(6449356.5), np.float64(27.643))",TP,0.709528441921228
6,19.0,Spruce,14.15,,,0.0,,POINT (545585.829 6449325.58),"(np.float64(545585.829), np.float64(6449325.58))","(np.float64(545583.9241), np.float64(6449325.532), np.float64(8.600999999999999))",TP,1.905504660280358
6,146.0,Spruce,29.3,,,0.0,,POINT (545585.934 6449372.47499999),"(np.float64(545585.934), np.float64(6449372.47499999))","(np.float64(545586.4211), np.float64(6449372.812), np.float64(26.424000000000007))",TP,0.5923136132994211
6,115.0,Spruce,12.25,,,0.0,,POINT (545586.179 6449353.00399999),"(np.float64(545586.179), np.float64(6449353.00399999))","(np.float64(545586.0991), np.float64(6449353.328), np.float64(5.084000000000003))",TP,0.33370648188385515
6,86.0,Spruce,26.6,,,0.0,,POINT (545586.64 6449345.945),"(np.float64(545586.64), np.float64(6449345.945))",,FN,
6,204.0,Spruce,45.1,,,0.0,Two trunks,POINT (545586.954999999 6449394.04899999),"(np.float64(545586.954999999), np.float64(6449394.04899999))","(np.float64(545587.5981), np.float64(6449394.367), np.float64(30.925999999999988))",TP,0.7174270813712534
6,84.0,Spruce,26.05,,,0.0,,POINT (545586.964 6449347.258),"(np.float64(545586.964), np.float64(6449347.258))",,FN,
6,203.0,Spruce,18.05,,,0.0,,POINT (545587.167 6449391.035),"(np.float64(545587.167), np.float64(6449391.035))",,FN,
6,196.0,Fir,22.65,,,0.0,,POINT (545587.486 6449383.59599999),"(np.float64(545587.486), np.float64(6449383.59599999))",,FN,
6,202.0,Spruce,38.05,,,0.0,,POINT (545587.614999999 6449390.30399999),"(np.float64(545587.614999999), np.float64(6449390.30399999))","(np.float64(545587.5371), np.float64(6449389.728), np.float64(31.558999999999997))",TP,0.5812438373381551
6,141.0,Spruce,34.2,,,0.0,,POINT (545587.734999999 6449367.56099999),"(np.float64(545587.734999999), np.float64(6449367.56099999))","(np.float64(545588.6691), np.float64(6449366.577), np.float64(27.12699999999998))",TP,1.3567604040072765
6,83.0,Spruce,22.0,,,0.0,,POINT (545587.825 6449347.531),"(np.float64(545587.825), np.float64(6449347.531))",,FN,
6,16.0,Fir,16.95,,,0.0,,POINT (545587.905 6449327.466),"(np.float64(545587.905), np.float64(6449327.466))",,FN,
6,87.0,Spruce,36.1,,28.6,0.0,,POINT (545587.983 6449343.39699999),"(np.float64(545587.983), np.float64(6449343.39699999))","(np.float64(545587.7321), np.float64(6449342.725), np.float64(29.16300000000001))",TP,0.7173108088994834
6,117.0,Spruce,47.2,,,0.0,,POINT (545588.074 6449358.582),"(np.float64(545588.074), np.float64(6449358.582))","(np.float64(545588.5731), np.float64(6449358.692), np.float64(11.733000000000004))",TP,0.5110780858971572
6,44.0,Spruce,19.2,,,0.0,,POINT (545588.221 6449337.859),"(np.float64(545588.221), np.float64(6449337.859))","(np.float64(545587.7001), np.float64(6449336.359), np.float64(16.730999999999995))",TP,1.5878717863868288
6,122.0,Fir,24.05,,,0.0,,POINT (545588.390999999 6449354.61899999),"(np.float64(545588.390999999), np.float64(6449354.61899999))",,FN,
6,43.0,Aspen,21.6,,26.0,0.0,,POINT (545588.804 6449339.16799999),"(np.float64(545588.804), np.float64(6449339.16799999))",,FN,
6,82.0,Spruce,40.15,,,0.0,,POINT (545588.807 6449346.61899999),"(np.float64(545588.807), np.float64(6449346.61899999))","(np.float64(545589.5271), np.float64(6449347.19), np.float64(33.21100000000001))",TP,0.9190130696075961
6,140.0,Spruce,37.55,,,0.0,,POINT (545588.831 6449369.61699999),"(np.float64(545588.831), np.float64(6449369.61699999))","(np.float64(545588.8301), np.float64(6449369.761), np.float64(28.385999999999996))",TP,0.14400282210585066
6,197.0,Fir,25.65,,,0.0,,POINT (545588.981999999 6449386.63399999),"(np.float64(545588.981999999), np.float64(6449386.63399999))","(np.float64(545588.2841), np.float64(6449386.207), np.float64(12.813000000000017))",TP,0.8181646533242161
6,198.0,Fir,20.35,,,0.0,,POINT (545588.982 6449386.634),"(np.float64(545588.982), np.float64(6449386.634))",,FN,
6,201.0,Spruce,32.65,,,0.0,,POINT (545589.022 6449391.071),"(np.float64(545589.022), np.float64(6449391.071))",,FN,
6,200.0,Spruce,27.6,,,0.0,,POINT (545589.295 6449390.205),"(np.float64(545589.295), np.float64(6449390.205))",,FN,
6,18.0,Fir,16.95,,,0.0,,POINT (545589.3 6449324.24299999),"(np.float64(545589.3), np.float64(6449324.24299999))",,FN,
6,17.0,Spruce,18.5,,,0.0,,POINT (545589.481 6449324.74199999),"(np.float64(545589.481), np.float64(6449324.74199999))",,FN,
6,15.0,Spruce,39.45,88.0,27.4,0.0,Rotten,POINT (545589.579 6449329.50899999),"(np.float64(545589.579), np.float64(6449329.50899999))","(np.float64(545589.2811), np.float64(6449328.266), np.float64(28.253000000000014))",TP,1.278199274883684
6,42.0,Aspen,34.6,84.0,31.5,0.0,,POINT (545589.778999999 6449340.182),"(np.float64(545589.778999999), np.float64(6449340.182))",,FN,
6,121.0,Spruce,17.7,,,0.0,,POINT (545589.800999999 6449353.25299999),"(np.float64(545589.800999999), np.float64(6449353.25299999))",,FN,
6,45.0,Aspen,35.8,85.0,30.2,0.0,,POINT (545589.930999999 6449338.199),"(np.float64(545589.930999999), np.float64(6449338.199))",,FN,
6,46.0,Aspen,33.7,86.0,30.8,0.0,,POINT (545590.405 6449337.967),"(np.float64(545590.405), np.float64(6449337.967))",,FN,
6,81.0,Spruce,46.8,,34.2,0.0,,POINT (545590.522 6449344.98099999),"(np.float64(545590.522), np.float64(6449344.98099999))","(np.float64(545591.6321), np.float64(6449344.751), np.float64(33.96100000000001))",TP,1.1336763231195692
6,119.0,Spruce,25.5,,,0.0,,POINT (545590.762 6449356.57),"(np.float64(545590.762), np.float64(6449356.57))",,FN,
6,118.0,Spruce,15.15,,,0.0,,POINT (545591.145999999 6449357.03),"(np.float64(545591.145999999), np.float64(6449357.03))","(np.float64(545591.4821), np.float64(6449356.857), np.float64(26.417))",TP,0.3780108607164665
6,142.0,Spruce,33.6,,,0.0,,POINT (545591.214999999 6449366.31199999),"(np.float64(545591.214999999), np.float64(6449366.31199999))","(np.float64(545592.0261), np.float64(6449366.778), np.float64(28.506))",TP,0.935435311046989
6,120.0,Aspen,20.5,,26.2,0.0,,POINT (545591.464999999 6449355.718),"(np.float64(545591.464999999), np.float64(6449355.718))",,FN,
6,14.0,Spruce,29.6,,22.5,0.0,,POINT (545591.567 6449331.02099999),"(np.float64(545591.567), np.float64(6449331.02099999))",,FN,
6,47.0,Spruce,14.35,,,0.0,,POINT (545592.008 6449340.91999999),"(np.float64(545592.008), np.float64(6449340.91999999))","(np.float64(545591.0871), np.float64(6449340.345), np.float64(28.67700000000002))",TP,1.0856711281422604
6,80.0,Spruce,29.1,,,80.0,,POINT (545592.057 6449345.842),"(np.float64(545592.057), np.float64(6449345.842))",,FN,
6,48.0,Spruce,17.6,,,0.0,,POINT (545592.327 6449338.82299999),"(np.float64(545592.327), np.float64(6449338.82299999))",,FN,
6,49.0,Spruce,32.9,97.0,27.5,0.0,,POINT (545592.964999999 6449334.73099999),"(np.float64(545592.964999999), np.float64(6449334.73099999))",,FN,
6,13.0,Spruce,8.95,,,0.0,,POINT (545593.604999999 6449326.961),"(np.float64(545593.604999999), np.float64(6449326.961))",,FN,
6,199.0,Spruce,31.35,,,0.0,,POINT (545593.643999999 6449383.074),"(np.float64(545593.643999999), np.float64(6449383.074))","(np.float64(545594.9401), np.float64(6449383.391), np.float64(26.263000000000005))",TP,1.3343028937930645
6,129.0,Spruce,21.25,,,0.0,,POINT (545593.966999999 6449362.78699999),"(np.float64(545593.966999999), np.float64(6449362.78699999))",,FN,
6,51.0,Spruce,21.65,,,0.0,,POINT (545594.035999999 6449337.57699999),"(np.float64(545594.035999999), np.float64(6449337.57699999))",,FN,
6,139.0,Spruce,44.7,,,0.0,,POINT (545594.079999999 6449374.324),"(np.float64(545594.079999999), np.float64(6449374.324))","(np.float64(545594.4271), np.float64(6449374.705), np.float64(27.935000000000002))",TP,0.5154021834409559
6,123.0,Spruce,15.8,,,0.0,,POINT (545594.155 6449354.909),"(np.float64(545594.155), np.float64(6449354.909))","(np.float64(545593.9511), np.float64(6449353.942), np.float64(25.72399999999999))",TP,0.9882632292960415
6,130.0,Spruce,15.1,,,0.0,,POINT (545594.31 6449364.411),"(np.float64(545594.31), np.float64(6449364.411))","(np.float64(545593.2471), np.float64(6449363.905), np.float64(6.247000000000014))",TP,1.1771968442419338
6,127.0,Spruce,34.65,,,0.0,,POINT (545594.334 6449361.58299999),"(np.float64(545594.334), np.float64(6449361.58299999))","(np.float64(545594.7031), np.float64(6449361.503), np.float64(12.107))",TP,0.37767023781306874
6,12.0,Spruce,10.0,,,0.0,,POINT (545594.598 6449327.985),"(np.float64(545594.598), np.float64(6449327.985))","(np.float64(545595.0611), np.float64(6449328.617), np.float64(8.864000000000004))",TP,0.7835085252528379
6,52.0,Spruce,27.0,,,80.0,,POINT (545594.758999999 6449339.15),"(np.float64(545594.758999999), np.float64(6449339.15))","(np.float64(545595.1311), np.float64(6449339.339), np.float64(10.224999999999994))",TP,0.41734806871655133
6,78.0,Spruce,29.55,,,0.0,,POINT (545594.763 6449345.46999999),"(np.float64(545594.763), np.float64(6449345.46999999))","(np.float64(545595.1451), np.float64(6449345.356), np.float64(27.825999999999993))",TP,0.3987435364197281
6,11.0,Spruce,21.0,,26.0,0.0,,POINT (545594.878999999 6449328.59399999),"(np.float64(545594.878999999), np.float64(6449328.59399999))","(np.float64(545595.1921), np.float64(6449328.66), np.float64(25.19999999999999))",TP,0.319980643017845
6,124.0,Aspen,24.35,,27.8,0.0,,POINT (545594.905999999 6449355.099),"(np.float64(545594.905999999), np.float64(6449355.099))",,FN,
6,50.0,Spruce,34.35,91.0,31.5,0.0,,POINT (545594.91 6449336.477),"(np.float64(545594.91), np.float64(6449336.477))","(np.float64(545595.5821), np.float64(6449335.267), np.float64(31.345))",TP,1.3841309222272045
6,137.0,Spruce,22.0,,,0.0,,POINT (545595.226999999 6449378.638),"(np.float64(545595.226999999), np.float64(6449378.638))","(np.float64(545595.8391), np.float64(6449379.076), np.float64(22.371999999999986))",TP,0.7526688589583513
6,77.0,Fir,13.25,,,0.0,,POINT (545595.300999999 6449346.406),"(np.float64(545595.300999999), np.float64(6449346.406))",,FN,
6,53.0,Spruce,28.0,,,0.0,,POINT (545595.359 6449338.184),"(np.float64(545595.359), np.float64(6449338.184))",,FN,
6,79.0,Spruce,26.5,,,0.0,,POINT (545595.554 6449343.996),"(np.float64(545595.554), np.float64(6449343.996))",,FN,
6,126.0,Spruce,28.05,,,0.0,,POINT (545595.792 6449359.063),"(np.float64(545595.792), np.float64(6449359.063))","(np.float64(545594.3321), np.float64(6449359.088), np.float64(14.618000000000023))",TP,1.460114040089315
6,125.0,Spruce,44.1,,28.1,0.0,,POINT (545596.042999999 6449357.70899999),"(np.float64(545596.042999999), np.float64(6449357.70899999))",,FN,
6,54.0,Fir,16.8,,,0.0,,POINT (545596.123999999 6449341.19),"(np.float64(545596.123999999), np.float64(6449341.19))","(np.float64(545595.7811), np.float64(6449341.058), np.float64(16.275000000000006))",TP,0.36742946176197344
6,128.0,Spruce,23.5,,,0.0,,POINT (545596.564 6449360.746),"(np.float64(545596.564), np.float64(6449360.746))","(np.float64(545597.2611), np.float64(6449361.302), np.float64(13.508999999999986))",TP,0.8916750584362922
6,55.0,Spruce,39.1,,30.0,0.0,,POINT (545597.094 6449340.899),"(np.float64(545597.094), np.float64(6449340.899))","(np.float64(545597.7071), np.float64(6449340.684), np.float64(28.85900000000001))",TP,0.6497050175927693
6,76.0,Spruce,37.15,98.0,27.8,0.0,,POINT (545597.368999999 6449349.09599999),"(np.float64(545597.368999999), np.float64(6449349.09599999))","(np.float64(545597.6031), np.float64(6449348.352), np.float64(28.86100000000002))",TP,0.7799607651127395
6,10.0,Spruce,18.7,,20.8,0.0,,POINT (545597.383 6449328.69699999),"(np.float64(545597.383), np.float64(6449328.69699999))",,FN,
6,138.0,Spruce,39.7,,,0.0,,POINT (545598.123999999 6449375.13399999),"(np.float64(545598.123999999), np.float64(6449375.13399999))","(np.float64(545598.6431), np.float64(6449374.941), np.float64(28.59899999999999))",TP,0.5538174856357272
6,7.0,Birch,12.6,,21.1,0.0,,POINT (545598.777 6449334.28899999),"(np.float64(545598.777), np.float64(6449334.28899999))",,FN,
6,9.0,Spruce,25.4,,24.2,0.0,,POINT (545598.888 6449331.40799999),"(np.float64(545598.888), np.float64(6449331.40799999))",,FN,
6,75.0,Spruce,18.9,,,0.0,,POINT (545598.888999999 6449355.93099999),"(np.float64(545598.888999999), np.float64(6449355.93099999))","(np.float64(545599.7741), np.float64(6449356.65), np.float64(5.077000000000027))",TP,1.1403346119612299
6,131.0,Spruce,50.3,,,0.0,,POINT (545598.991 6449367.491),"(np.float64(545598.991), np.float64(6449367.491))","(np.float64(545598.7171), np.float64(6449367.347), np.float64(9.168999999999983))",TP,0.30944661915795363
6,136.0,Spruce,24.45,,,0.0,,POINT (545599.16 6449379.921),"(np.float64(545599.16), np.float64(6449379.921))",,FN,
6,8.0,Spruce,15.65,,20.9,0.0,,POINT (545599.236999999 6449332.529),"(np.float64(545599.236999999), np.float64(6449332.529))",,FN,
6,74.0,Aspen,40.4,78.0,29.6,0.0,,POINT (545600.626999999 6449352.188),"(np.float64(545600.626999999), np.float64(6449352.188))","(np.float64(545601.2481), np.float64(6449352.022), np.float64(27.622000000000014))",TP,0.6429006231218689
6,58.0,Birch,21.65,65.0,27.1,0.0,,POINT (545601.236999999 6449342.95799999),"(np.float64(545601.236999999), np.float64(6449342.95799999))",,FN,
6,132.0,Spruce,14.5,,,0.0,,POINT (545602.015 6449368.96899999),"(np.float64(545602.015), np.float64(6449368.96899999))","(np.float64(545602.3371), np.float64(6449369.221), np.float64(14.329999999999984))",TP,0.4089650533393414
6,135.0,Spruce,12.95,,,0.0,,POINT (545602.778 6449372.09399999),"(np.float64(545602.778), np.float64(6449372.09399999))","(np.float64(545600.5971), np.float64(6449371.861), np.float64(5.869))",TP,2.193311151163806
6,73.0,Birch,13.05,,18.0,0.0,,POINT (545603.547 6449351.68699999),"(np.float64(545603.547), np.float64(6449351.68699999))",,FN,
6,72.0,Birch,14.55,,17.7,0.0,,POINT (545603.557 6449353.86299999),"(np.float64(545603.557), np.float64(6449353.86299999))",,FN,
6,59.0,Birch,22.05,,,70.0,,POINT (545604.707 6449349.497),"(np.float64(545604.707), np.float64(6449349.497))",,FN,
6,133.0,Spruce,38.0,,,0.0,,POINT (545605.425999999 6449364.21),"(np.float64(545605.425999999), np.float64(6449364.21))","(np.float64(545605.2211), np.float64(6449364.178), np.float64(30.226))",TP,0.2073837254973062
6,60.0,Birch,22.65,,,80.0,,POINT (545605.435 6449349.48699999),"(np.float64(545605.435), np.float64(6449349.48699999))","(np.float64(545605.9081), np.float64(6449347.754), np.float64(13.673000000000002))",TP,1.796416593581188
6,71.0,Birch,18.55,64.0,23.2,0.0,,POINT (545605.724 6449355.56099999),"(np.float64(545605.724), np.float64(6449355.56099999))",,FN,
6,6.0,Spruce,52.3,,,0.0,Two tops,POINT (545606.050999999 6449336.838),"(np.float64(545606.050999999), np.float64(6449336.838))","(np.float64(545605.8031), np.float64(6449336.758), np.float64(5.838999999999999))",TP,0.260488789642812
6,56.0,Birch,22.55,,,0.0,Two tops,POINT (545606.361999999 6449344.718),"(np.float64(545606.361999999), np.float64(6449344.718))","(np.float64(545607.6561), np.float64(6449343.928), np.float64(23.823000000000008))",TP,1.5161776982325628
6,5.0,Spruce,11.95,,,0.0,,POINT (545606.883 6449341.852),"(np.float64(545606.883), np.float64(6449341.852))","(np.float64(545606.6051), np.float64(6449341.17), np.float64(9.732))",TP,0.7364457957196123
6,5.0,Spruce,11.95,,,0.0,,POINT (545606.883 6449341.852),"(np.float64(545606.883), np.float64(6449341.852))",,FN,
6,57.0,Spruce,23.0,,,0.0,,POINT (545606.883 6449341.852),"(np.float64(545606.883), np.float64(6449341.852))","(np.float64(545606.6051), np.float64(6449341.17), np.float64(9.732))",TP,0.7364457957196123
6,57.0,Spruce,23.0,,,0.0,,POINT (545606.883 6449341.852),"(np.float64(545606.883), np.float64(6449341.852))",,FN,
6,134.0,Spruce,42.15,,,0.0,,POINT (545606.937 6449365.41899999),"(np.float64(545606.937), np.float64(6449365.41899999))",,FN,
6,70.0,Spruce,22.0,,,0.0,,POINT (545607.927999999 6449354.90199999),"(np.float64(545607.927999999), np.float64(6449354.90199999))","(np.float64(545607.6271), np.float64(6449354.213), np.float64(16.293000000000006))",TP,0.7518389426000832
6,62.0,Aspen,29.8,,27.1,0.0,,POINT (545608.822999999 6449352.525),"(np.float64(545608.822999999), np.float64(6449352.525))",,FN,
6,61.0,Birch,13.2,,,0.0,,POINT (545609.067 6449353.122),"(np.float64(545609.067), np.float64(6449353.122))","(np.float64(545609.3711), np.float64(6449353.076), np.float64(17.468999999999994))",TP,0.30755944137349783
6,69.0,Spruce,20.7,,,0.0,,POINT (545609.101 6449359.53699999),"(np.float64(545609.101), np.float64(6449359.53699999))","(np.float64(545609.4891), np.float64(6449359.679), np.float64(8.550000000000011))",TP,0.4132621596865797
6,63.0,Birch,11.9,,,80.0,,POINT (545609.349999999 6449351.00499999),"(np.float64(545609.349999999), np.float64(6449351.00499999))",,FN,
6,67.0,Spruce,26.25,,,0.0,,POINT (545610.386999999 6449359.035),"(np.float64(545610.386999999), np.float64(6449359.035))",,FN,
6,68.0,Spruce,37.6,98.0,28.3,0.0,,POINT (545610.743 6449360.78899999),"(np.float64(545610.743), np.float64(6449360.78899999))",,FN,
6,64.0,Birch,22.6,71.0,23.6,0.0,,POINT (545611.207 6449345.673),"(np.float64(545611.207), np.float64(6449345.673))","(np.float64(545611.3791), np.float64(6449345.555), np.float64(23.353999999999985))",TP,0.20866818194792536
6,4.0,Aspen,41.85,,27.8,0.0,,POINT (545611.859999999 6449338.109),"(np.float64(545611.859999999), np.float64(6449338.109))",,FN,
6,66.0,Spruce,40.6,,,0.0,,POINT (545612.628 6449357.121),"(np.float64(545612.628), np.float64(6449357.121))","(np.float64(545612.8021), np.float64(6449356.665), np.float64(28.369))",TP,0.4881053269515704
6,65.0,Birch,17.15,,,0.0,Bended,POINT (545616.049 6449348.625),"(np.float64(545616.049), np.float64(6449348.625))","(np.float64(545612.3861), np.float64(6449347.072), np.float64(5.489000000000004))",TP,3.9785230187743563
6,3.0,Birch,22.9,93.0,27.4,0.0,,POINT (545616.562 6449342.52699999),"(np.float64(545616.562), np.float64(6449342.52699999))","(np.float64(545615.3331), np.float64(6449342.484), np.float64(25.90100000000001))",TP,1.2296520683239351
6,2.0,Birch,29.1,97.0,26.3,0.0,Rotten,POINT (545617.265999999 6449344.45),"(np.float64(545617.265999999), np.float64(6449344.45))",,FN,
6,1.0,Birch,22.8,83.0,28.2,0.0,Rotten,POINT (545617.439 6449343.99399999),"(np.float64(545617.439), np.float64(6449343.99399999))",,FN,
6,,,,,,,,,,"(np.float64(545540.6701), np.float64(6449401.297), np.float64(11.820999999999998))",FP,
6,,,,,,,,,,"(np.float64(545551.4971), np.float64(6449410.271), np.float64(12.048000000000002))",FP,
6,,,,,,,,,,"(np.float64(545573.7101), np.float64(6449359.954), np.float64(28.828000000000003))",FP,
6,,,,,,,,,,"(np.float64(545594.0591), np.float64(6449361.169), np.float64(27.90100000000001))",FP,
6,,,,,,,,,,"(np.float64(545609.5711), np.float64(6449353.014), np.float64(27.09299999999999))",FP,
6,,,,,,,,,,"(np.float64(545572.6941), np.float64(6449393.047), np.float64(29.905))",FP,
6,,,,,,,,,,"(np.float64(545568.6841), np.float64(6449413.972), np.float64(30.36700000000002))",FP,
6,,,,,,,,,,"(np.float64(545588.6491), np.float64(6449358.443), np.float64(30.213000000000022))",FP,
6,,,,,,,,,,"(np.float64(545548.1711), np.float64(6449401.463), np.float64(31.835000000000008))",FP,
6,,,,,,,,,,"(np.float64(545560.8201), np.float64(6449390.256), np.float64(10.980999999999995))",FP,
6,,,,,,,,,,"(np.float64(545543.0901), np.float64(6449397.793), np.float64(14.009999999999991))",FP,
6,,,,,,,,,,"(np.float64(545555.8451), np.float64(6449391.235), np.float64(31.812000000000012))",FP,
6,,,,,,,,,,"(np.float64(545547.9701), np.float64(6449385.878), np.float64(7.329000000000008))",FP,
6,,,,,,,,,,"(np.float64(545597.4361), np.float64(6449375.287), np.float64(13.073000000000008))",FP,
6,,,,,,,,,,"(np.float64(545540.0951), np.float64(6449386.696), np.float64(11.478999999999985))",FP,
6,,,,,,,,,,"(np.float64(545582.9481), np.float64(6449391.781), np.float64(30.38499999999999))",FP,
6,,,,,,,,,,"(np.float64(545574.3441), np.float64(6449354.27), np.float64(15.626000000000005))",FP,
6,,,,,,,,,,"(np.float64(545571.3141), np.float64(6449387.701), np.float64(30.60300000000001))",FP,
6,,,,,,,,,,"(np.float64(545540.0941), np.float64(6449386.603), np.float64(9.192999999999984))",FP,
6,,,,,,,,,,"(np.float64(545568.6261), np.float64(6449360.056), np.float64(8.073000000000008))",FP,
6,,,,,,,,,,"(np.float64(545594.7931), np.float64(6449373.94), np.float64(11.698000000000008))",FP,
6,,,,,,,,,,"(np.float64(545555.8981), np.float64(6449391.434), np.float64(8.084000000000003))",FP,
6,,,,,,,,,,"(np.float64(545588.0161), np.float64(6449369.817), np.float64(9.100999999999999))",FP,
6,,,,,,,,,,"(np.float64(545566.2591), np.float64(6449355.838), np.float64(11.180000000000007))",FP,
6,,,,,,,,,,"(np.float64(545543.0581), np.float64(6449381.787), np.float64(4.996999999999986))",FP,
6,,,,,,,,,,"(np.float64(545606.9531), np.float64(6449336.746), np.float64(30.620000000000005))",FP,
6,,,,,,,,,,"(np.float64(545560.3761), np.float64(6449391.74), np.float64(29.50200000000001))",FP,
6,,,,,,,,,,"(np.float64(545594.4461), np.float64(6449340.016), np.float64(27.843999999999994))",FP,
6,,,,,,,,,,"(np.float64(545568.6051), np.float64(6449401.108), np.float64(29.39700000000002))",FP,
6,,,,,,,,,,"(np.float64(545592.1591), np.float64(6449366.455), np.float64(8.060000000000002))",FP,
6,,,,,,,,,,"(np.float64(545581.3011), np.float64(6449392.101), np.float64(8.859999999999985))",FP,
6,,,,,,,,,,"(np.float64(545597.0801), np.float64(6449340.89), np.float64(13.107))",FP,
6,,,,,,,,,,"(np.float64(545586.9011), np.float64(6449353.725), np.float64(11.322000000000003))",FP,
6,,,,,,,,,,"(np.float64(545557.9111), np.float64(6449391.969), np.float64(11.562999999999988))",FP,
6,,,,,,,,,,"(np.float64(545539.5401), np.float64(6449400.412), np.float64(27.794999999999987))",FP,
6,,,,,,,,,,"(np.float64(545579.5551), np.float64(6449382.094), np.float64(12.78200000000001))",FP,
6,,,,,,,,,,"(np.float64(545550.5101), np.float64(6449397.646), np.float64(29.138000000000005))",FP,
6,,,,,,,,,,"(np.float64(545597.1981), np.float64(6449340.951), np.float64(8.176000000000016))",FP,
6,,,,,,,,,,"(np.float64(545577.4851), np.float64(6449385.349), np.float64(7.570999999999998))",FP,
6,,,,,,,,,,"(np.float64(545561.2061), np.float64(6449376.013), np.float64(12.031000000000006))",FP,
6,,,,,,,,,,"(np.float64(545544.3151), np.float64(6449381.396), np.float64(26.50399999999999))",FP,
6,,,,,,,,,,"(np.float64(545561.0831), np.float64(6449381.387), np.float64(11.470000000000027))",FP,
6,,,,,,,,,,"(np.float64(545598.6801), np.float64(6449368.657), np.float64(29.954999999999984))",FP,
6,,,,,,,,,,"(np.float64(545552.5861), np.float64(6449393.752), np.float64(32.192999999999984))",FP,
6,,,,,,,,,,"(np.float64(545581.4351), np.float64(6449378.287), np.float64(6.703000000000003))",FP,
6,,,,,,,,,,"(np.float64(545576.6661), np.float64(6449411.865), np.float64(10.693000000000012))",FP,
6,,,,,,,,,,"(np.float64(545551.0561), np.float64(6449405.674), np.float64(6.532000000000011))",FP,
6,,,,,,,,,,"(np.float64(545542.4311), np.float64(6449383.603), np.float64(12.777000000000015))",FP,
6,,,,,,,,,,"(np.float64(545562.6171), np.float64(6449374.62), np.float64(7.745999999999981))",FP,
6,,,,,,,,,,"(np.float64(545551.3811), np.float64(6449405.718), np.float64(8.54600000000002))",FP,
6,,,,,,,,,,"(np.float64(545571.0991), np.float64(6449346.418), np.float64(10.882000000000005))",FP,
6,,,,,,,,,,"(np.float64(545544.7421), np.float64(6449384.264), np.float64(5.795999999999992))",FP,
6,,,,,,,,,,"(np.float64(545596.6811), np.float64(6449338.576), np.float64(8.245000000000005))",FP,
6,,,,,,,,,,"(np.float64(545567.0701), np.float64(6449369.701), np.float64(10.085000000000008))",FP,
6,,,,,,,,,,"(np.float64(545560.5361), np.float64(6449392.305), np.float64(10.461000000000013))",FP,
6,,,,,,,,,,"(np.float64(545573.2541), np.float64(6449370.284), np.float64(18.954999999999984))",FP,
6,,,,,,,,,,"(np.float64(545572.4821), np.float64(6449385.941), np.float64(8.98399999999998))",FP,
6,,,,,,,,,,"(np.float64(545576.3991), np.float64(6449337.69), np.float64(13.028999999999996))",FP,
6,,,,,,,,,,"(np.float64(545547.2341), np.float64(6449389.317), np.float64(6.406999999999982))",FP,
6,,,,,,,,,,"(np.float64(545598.7111), np.float64(6449368.956), np.float64(5.666999999999973))",FP,
6,,,,,,,,,,"(np.float64(545579.7101), np.float64(6449343.82), np.float64(24.75799999999998))",FP,
6,,,,,,,,,,"(np.float64(545578.8841), np.float64(6449369.403), np.float64(13.159999999999997))",FP,
6,,,,,,,,,,"(np.float64(545590.3641), np.float64(6449369.658), np.float64(12.858000000000004))",FP,
6,,,,,,,,,,"(np.float64(545597.5611), np.float64(6449359.554), np.float64(16.875))",FP,
6,,,,,,,,,,"(np.float64(545572.8991), np.float64(6449386.607), np.float64(12.486999999999995))",FP,
6,,,,,,,,,,"(np.float64(545598.2841), np.float64(6449366.061), np.float64(17.060000000000002))",FP,
6,,,,,,,,,,"(np.float64(545580.7151), np.float64(6449377.184), np.float64(9.677999999999997))",FP,
6,,,,,,,,,,"(np.float64(545609.8691), np.float64(6449354.575), np.float64(12.308999999999997))",FP,
6,,,,,,,,,,"(np.float64(545538.6431), np.float64(6449391.128), np.float64(5.061000000000007))",FP,
6,,,,,,,,,,"(np.float64(545595.5651), np.float64(6449336.486), np.float64(7.941999999999979))",FP,
6,,,,,,,,,,"(np.float64(545597.0291), np.float64(6449337.796), np.float64(27.48400000000001))",FP,
6,,,,,,,,,,"(np.float64(545554.2441), np.float64(6449397.947), np.float64(5.442000000000007))",FP,
6,,,,,,,,,,"(np.float64(545551.9841), np.float64(6449391.696), np.float64(10.805000000000007))",FP,
6,,,,,,,,,,"(np.float64(545590.2811), np.float64(6449340.706), np.float64(13.131))",FP,
6,,,,,,,,,,"(np.float64(545588.0291), np.float64(6449325.73), np.float64(6.3089999999999975))",FP,
6,,,,,,,,,,"(np.float64(545596.4671), np.float64(6449357.457), np.float64(8.352000000000004))",FP,
6,,,,,,,,,,"(np.float64(545593.2861), np.float64(6449381.362), np.float64(9.613))",FP,
6,,,,,,,,,,"(np.float64(545581.0511), np.float64(6449373.978), np.float64(10.188999999999993))",FP,
6,,,,,,,,,,"(np.float64(545586.0381), np.float64(6449365.628), np.float64(14.086999999999989))",FP,
6,,,,,,,,,,"(np.float64(545575.1961), np.float64(6449397.958), np.float64(13.90100000000001))",FP,
6,,,,,,,,,,"(np.float64(545541.1171), np.float64(6449397.398), np.float64(5.203000000000003))",FP,
6,,,,,,,,,,"(np.float64(545557.0961), np.float64(6449394.021), np.float64(6.649000000000001))",FP,
6,,,,,,,,,,"(np.float64(545566.6471), np.float64(6449361.475), np.float64(7.518000000000001))",FP,
6,,,,,,,,,,"(np.float64(545606.9421), np.float64(6449346.428), np.float64(23.105000000000018))",FP,
6,,,,,,,,,,"(np.float64(545560.0801), np.float64(6449380.675), np.float64(30.418000000000006))",FP,
6,,,,,,,,,,"(np.float64(545596.5761), np.float64(6449355.831), np.float64(27.988))",FP,
6,,,,,,,,,,"(np.float64(545567.1171), np.float64(6449407.734), np.float64(7.465000000000003))",FP,
6,,,,,,,,,,"(np.float64(545558.3811), np.float64(6449386.253), np.float64(13.241000000000014))",FP,
6,,,,,,,,,,"(np.float64(545571.2791), np.float64(6449392.839), np.float64(16.899))",FP,
6,,,,,,,,,,"(np.float64(545552.5841), np.float64(6449391.913), np.float64(5.768000000000001))",FP,
6,,,,,,,,,,"(np.float64(545590.2541), np.float64(6449370.797), np.float64(9.718000000000018))",FP,
6,,,,,,,,,,"(np.float64(545566.1431), np.float64(6449413.889), np.float64(12.260999999999996))",FP,
6,,,,,,,,,,"(np.float64(545575.2371), np.float64(6449397.434), np.float64(7.11099999999999))",FP,
6,,,,,,,,,,"(np.float64(545567.9831), np.float64(6449365.18), np.float64(8.143))",FP,
6,,,,,,,,,,"(np.float64(545581.7141), np.float64(6449403.307), np.float64(6.317999999999984))",FP,
6,,,,,,,,,,"(np.float64(545557.2351), np.float64(6449402.92), np.float64(11.257999999999981))",FP,
6,,,,,,,,,,"(np.float64(545559.5921), np.float64(6449373.905), np.float64(7.949999999999989))",FP,
6,,,,,,,,,,"(np.float64(545562.6111), np.float64(6449391.515), np.float64(10.885999999999996))",FP,
6,,,,,,,,,,"(np.float64(545567.7031), np.float64(6449342.366), np.float64(13.093999999999994))",FP,
6,,,,,,,,,,"(np.float64(545584.1931), np.float64(6449391.332), np.float64(6.100999999999999))",FP,
6,,,,,,,,,,"(np.float64(545564.8811), np.float64(6449352.624), np.float64(6.52800000000002))",FP,
6,,,,,,,,,,"(np.float64(545562.5331), np.float64(6449389.916), np.float64(14.447000000000003))",FP,
6,,,,,,,,,,"(np.float64(545607.0571), np.float64(6449359.885), np.float64(8.088999999999999))",FP,
6,,,,,,,,,,"(np.float64(545566.9901), np.float64(6449349.905), np.float64(9.973000000000013))",FP,
6,,,,,,,,,,"(np.float64(545541.2771), np.float64(6449385.929), np.float64(32.62299999999999))",FP,
6,,,,,,,,,,"(np.float64(545552.4261), np.float64(6449396.576), np.float64(8.999000000000024))",FP,
6,,,,,,,,,,"(np.float64(545582.7371), np.float64(6449368.741), np.float64(12.989000000000004))",FP,
6,,,,,,,,,,"(np.float64(545592.4871), np.float64(6449353.518), np.float64(5.275000000000006))",FP,
6,,,,,,,,,,"(np.float64(545546.2271), np.float64(6449405.933), np.float64(6.777999999999992))",FP,
6,,,,,,,,,,"(np.float64(545564.8611), np.float64(6449396.718), np.float64(6.324000000000012))",FP,
6,,,,,,,,,,"(np.float64(545586.1411), np.float64(6449337.205), np.float64(8.280000000000001))",FP,
6,,,,,,,,,,"(np.float64(545565.5781), np.float64(6449413.264), np.float64(8.010999999999996))",FP,
6,,,,,,,,,,"(np.float64(545559.0461), np.float64(6449372.254), np.float64(13.155000000000001))",FP,
6,,,,,,,,,,"(np.float64(545578.0491), np.float64(6449365.174), np.float64(7.417000000000002))",FP,
6,,,,,,,,,,"(np.float64(545610.6041), np.float64(6449349.211), np.float64(13.157999999999987))",FP,
6,,,,,,,,,,"(np.float64(545586.5501), np.float64(6449323.506), np.float64(7.432999999999993))",FP,
6,,,,,,,,,,"(np.float64(545566.9801), np.float64(6449416.444), np.float64(7.444999999999993))",FP,
6,,,,,,,,,,"(np.float64(545603.2731), np.float64(6449364.718), np.float64(13.945999999999998))",FP,
6,,,,,,,,,,"(np.float64(545580.6941), np.float64(6449373.388), np.float64(15.769999999999982))",FP,
6,,,,,,,,,,"(np.float64(545603.3011), np.float64(6449347.694), np.float64(10.843000000000018))",FP,
6,,,,,,,,,,"(np.float64(545598.6121), np.float64(6449359.722), np.float64(7.2050000000000125))",FP,
6,,,,,,,,,,"(np.float64(545587.2811), np.float64(6449396.332), np.float64(7.222000000000008))",FP,
6,,,,,,,,,,"(np.float64(545598.2401), np.float64(6449377.455), np.float64(5.152999999999992))",FP,
6,,,,,,,,,,"(np.float64(545576.8281), np.float64(6449360.214), np.float64(14.753000000000014))",FP,
6,,,,,,,,,,"(np.float64(545581.5181), np.float64(6449324.743), np.float64(10.333999999999975))",FP,
6,,,,,,,,,,"(np.float64(545606.6491), np.float64(6449339.5), np.float64(12.02000000000001))",FP,
6,,,,,,,,,,"(np.float64(545588.4161), np.float64(6449349.821), np.float64(10.27600000000001))",FP,
6,,,,,,,,,,"(np.float64(545580.0361), np.float64(6449361.47), np.float64(14.602000000000004))",FP,
6,,,,,,,,,,"(np.float64(545568.5161), np.float64(6449378.285), np.float64(12.134000000000015))",FP,
6,,,,,,,,,,"(np.float64(545611.4611), np.float64(6449355.021), np.float64(9.429000000000002))",FP,
6,,,,,,,,,,"(np.float64(545578.7591), np.float64(6449366.474), np.float64(11.566999999999979))",FP,
6,,,,,,,,,,"(np.float64(545574.7321), np.float64(6449397.23), np.float64(10.865000000000009))",FP,
6,,,,,,,,,,"(np.float64(545567.2771), np.float64(6449416.569), np.float64(12.038999999999987))",FP,
6,,,,,,,,,,"(np.float64(545594.2851), np.float64(6449371.873), np.float64(5.370999999999981))",FP,
6,,,,,,,,,,"(np.float64(545563.4551), np.float64(6449412.04), np.float64(9.62100000000001))",FP,
6,,,,,,,,,,"(np.float64(545605.4751), np.float64(6449354.567), np.float64(11.240000000000009))",FP,
6,,,,,,,,,,"(np.float64(545580.2981), np.float64(6449388.052), np.float64(11.251000000000005))",FP,
6,,,,,,,,,,"(np.float64(545580.7901), np.float64(6449407.848), np.float64(17.937999999999988))",FP,
6,,,,,,,,,,"(np.float64(545565.5851), np.float64(6449378.752), np.float64(8.900000000000006))",FP,
6,,,,,,,,,,"(np.float64(545583.7051), np.float64(6449389.718), np.float64(9.419999999999987))",FP,
6,,,,,,,,,,"(np.float64(545589.5871), np.float64(6449335.757), np.float64(11.12899999999999))",FP,
6,,,,,,,,,,"(np.float64(545605.0031), np.float64(6449367.016), np.float64(11.314999999999998))",FP,
6,,,,,,,,,,"(np.float64(545604.5831), np.float64(6449366.58), np.float64(7.317000000000007))",FP,
6,,,,,,,,,,"(np.float64(545570.3051), np.float64(6449386.285), np.float64(11.137))",FP,
6,,,,,,,,,,"(np.float64(545559.6901), np.float64(6449416.051), np.float64(14.152999999999992))",FP,
6,,,,,,,,,,"(np.float64(545582.8521), np.float64(6449366.828), np.float64(10.792999999999978))",FP,
6,,,,,,,,,,"(np.float64(545595.8941), np.float64(6449335.671), np.float64(12.825999999999993))",FP,
6,,,,,,,,,,"(np.float64(545571.4921), np.float64(6449370.869), np.float64(27.053000000000026))",FP,
6,,,,,,,,,,"(np.float64(545564.7771), np.float64(6449379.828), np.float64(6.289000000000016))",FP,
6,,,,,,,,,,"(np.float64(545559.4231), np.float64(6449419.134), np.float64(7.682000000000016))",FP,
6,,,,,,,,,,"(np.float64(545604.4041), np.float64(6449346.887), np.float64(22.793000000000006))",FP,
6,,,,,,,,,,"(np.float64(545552.0481), np.float64(6449404.59), np.float64(10.984000000000009))",FP,
6,,,,,,,,,,"(np.float64(545561.5381), np.float64(6449393.371), np.float64(6.149000000000001))",FP,
6,,,,,,,,,,"(np.float64(545589.2071), np.float64(6449360.958), np.float64(6.624000000000024))",FP,
6,,,,,,,,,,"(np.float64(545588.6881), np.float64(6449365.097), np.float64(10.412000000000006))",FP,
6,,,,,,,,,,"(np.float64(545554.0241), np.float64(6449409.834), np.float64(6.788999999999987))",FP,
6,,,,,,,,,,"(np.float64(545588.6411), np.float64(6449365.04), np.float64(12.86699999999999))",FP,
6,,,,,,,,,,"(np.float64(545576.1541), np.float64(6449327.249), np.float64(8.153999999999996))",FP,
6,,,,,,,,,,"(np.float64(545556.5921), np.float64(6449378.84), np.float64(10.538000000000011))",FP,
6,,,,,,,,,,"(np.float64(545546.8171), np.float64(6449410.924), np.float64(13.794000000000011))",FP,
6,,,,,,,,,,"(np.float64(545572.7931), np.float64(6449398.286), np.float64(10.795000000000016))",FP,
6,,,,,,,,,,"(np.float64(545575.1041), np.float64(6449378.175), np.float64(17.218999999999994))",FP,
6,,,,,,,,,,"(np.float64(545573.8131), np.float64(6449339.14), np.float64(13.052999999999997))",FP,
6,,,,,,,,,,"(np.float64(545563.1121), np.float64(6449361.402), np.float64(8.47999999999999))",FP,
6,,,,,,,,,,"(np.float64(545568.8221), np.float64(6449404.35), np.float64(7.239000000000004))",FP,
6,,,,,,,,,,"(np.float64(545559.9901), np.float64(6449416.817), np.float64(9.670000000000016))",FP,
6,,,,,,,,,,"(np.float64(545588.2031), np.float64(6449350.929), np.float64(13.609000000000009))",FP,
6,,,,,,,,,,"(np.float64(545570.8471), np.float64(6449369.235), np.float64(17.796999999999997))",FP,
6,,,,,,,,,,"(np.float64(545577.9811), np.float64(6449378.726), np.float64(26.88300000000001))",FP,
6,,,,,,,,,,"(np.float64(545604.7251), np.float64(6449352.389), np.float64(12.489000000000004))",FP,
6,,,,,,,,,,"(np.float64(545570.9391), np.float64(6449361.413), np.float64(12.581999999999994))",FP,
6,,,,,,,,,,"(np.float64(545602.1081), np.float64(6449348.101), np.float64(14.245000000000005))",FP,
6,,,,,,,,,,"(np.float64(545549.8931), np.float64(6449375.692), np.float64(9.256))",FP,
6,,,,,,,,,,"(np.float64(545568.9481), np.float64(6449353.412), np.float64(7.296999999999997))",FP,
6,,,,,,,,,,"(np.float64(545557.9541), np.float64(6449361.383), np.float64(7.376999999999981))",FP,
6,,,,,,,,,,"(np.float64(545592.6321), np.float64(6449334.941), np.float64(9.887))",FP,
6,,,,,,,,,,"(np.float64(545557.0701), np.float64(6449371.667), np.float64(14.77200000000002))",FP,
6,,,,,,,,,,"(np.float64(545602.5681), np.float64(6449351.681), np.float64(10.236999999999995))",FP,
6,,,,,,,,,,"(np.float64(545560.0631), np.float64(6449363.145), np.float64(9.153999999999996))",FP,
6,,,,,,,,,,"(np.float64(545562.3791), np.float64(6449371.979), np.float64(10.098000000000013))",FP,
6,,,,,,,,,,"(np.float64(545572.0951), np.float64(6449365.645), np.float64(8.445000000000022))",FP,
6,,,,,,,,,,"(np.float64(545556.3451), np.float64(6449379.766), np.float64(7.429000000000002))",FP,
6,,,,,,,,,,"(np.float64(545566.8051), np.float64(6449390.478), np.float64(5.373999999999995))",FP,
6,,,,,,,,,,"(np.float64(545585.9351), np.float64(6449360.883), np.float64(8.449000000000012))",FP,
6,,,,,,,,,,"(np.float64(545546.2511), np.float64(6449396.157), np.float64(8.087000000000018))",FP,
6,,,,,,,,,,"(np.float64(545545.6811), np.float64(6449396.748), np.float64(5.0330000000000155))",FP,
6,,,,,,,,,,"(np.float64(545577.6921), np.float64(6449406.663), np.float64(5.248999999999995))",FP,
6,,,,,,,,,,"(np.float64(545556.4921), np.float64(6449388.086), np.float64(6.9480000000000075))",FP,
6,,,,,,,,,,"(np.float64(545562.4201), np.float64(6449354.601), np.float64(9.391999999999996))",FP,
6,,,,,,,,,,"(np.float64(545595.1151), np.float64(6449385.942), np.float64(7.947000000000003))",FP,
6,,,,,,,,,,"(np.float64(545602.2701), np.float64(6449364.906), np.float64(5.818000000000012))",FP,
6,,,,,,,,,,"(np.float64(545581.4531), np.float64(6449363.009), np.float64(7.024000000000001))",FP,
6,,,,,,,,,,"(np.float64(545564.6051), np.float64(6449359.807), np.float64(7.657000000000011))",FP,
6,,,,,,,,,,"(np.float64(545568.3571), np.float64(6449390.639), np.float64(17.00999999999999))",FP,
6,,,,,,,,,,"(np.float64(545598.5061), np.float64(6449364.254), np.float64(10.186999999999983))",FP,
6,,,,,,,,,,"(np.float64(545549.9161), np.float64(6449384.179), np.float64(5.832999999999998))",FP,
6,,,,,,,,,,"(np.float64(545590.5171), np.float64(6449394.031), np.float64(6.575999999999993))",FP,
6,,,,,,,,,,"(np.float64(545580.9331), np.float64(6449408.658), np.float64(10.900999999999982))",FP,
6,,,,,,,,,,"(np.float64(545608.7981), np.float64(6449339.137), np.float64(13.949000000000012))",FP,
6,,,,,,,,,,"(np.float64(545584.1101), np.float64(6449328.438), np.float64(7.909999999999997))",FP,
6,,,,,,,,,,"(np.float64(545574.0651), np.float64(6449362.94), np.float64(13.961999999999989))",FP,
6,,,,,,,,,,"(np.float64(545581.0111), np.float64(6449338.245), np.float64(10.015000000000015))",FP,
6,,,,,,,,,,"(np.float64(545555.2061), np.float64(6449396.431), np.float64(6.994999999999976))",FP,
6,,,,,,,,,,"(np.float64(545573.4851), np.float64(6449363.049), np.float64(10.409999999999997))",FP,
6,,,,,,,,,,"(np.float64(545599.5161), np.float64(6449362.503), np.float64(7.871000000000009))",FP,
6,,,,,,,,,,"(np.float64(545597.4701), np.float64(6449349.099), np.float64(6.176000000000016))",FP,
6,,,,,,,,,,"(np.float64(545571.9481), np.float64(6449400.9), np.float64(7.576999999999998))",FP,
6,,,,,,,,,,"(np.float64(545571.1101), np.float64(6449337.229), np.float64(7.899000000000001))",FP,
6,,,,,,,,,,"(np.float64(545557.2881), np.float64(6449358.785), np.float64(7.140000000000015))",FP,
6,,,,,,,,,,"(np.float64(545603.4051), np.float64(6449340.787), np.float64(23.573000000000008))",FP,
6,,,,,,,,,,"(np.float64(545566.6661), np.float64(6449372.181), np.float64(12.11699999999999))",FP,
6,,,,,,,,,,"(np.float64(545551.1371), np.float64(6449385.407), np.float64(12.286999999999978))",FP,
6,,,,,,,,,,"(np.float64(545569.2711), np.float64(6449392.927), np.float64(5.0919999999999845))",FP,
6,,,,,,,,,,"(np.float64(545573.6301), np.float64(6449415.318), np.float64(7.942000000000007))",FP,
6,,,,,,,,,,"(np.float64(545604.1431), np.float64(6449353.73), np.float64(7.666999999999973))",FP,
6,,,,,,,,,,"(np.float64(545572.4601), np.float64(6449415.607), np.float64(15.552999999999997))",FP,
6,,,,,,,,,,"(np.float64(545577.9341), np.float64(6449358.409), np.float64(6.0260000000000105))",FP,
6,,,,,,,,,,"(np.float64(545574.5261), np.float64(6449379.471), np.float64(9.448000000000008))",FP,
6,,,,,,,,,,"(np.float64(545602.5231), np.float64(6449353.932), np.float64(9.070999999999998))",FP,
6,,,,,,,,,,"(np.float64(545552.4111), np.float64(6449384.525), np.float64(6.532999999999987))",FP,
6,,,,,,,,,,"(np.float64(545602.1191), np.float64(6449335.041), np.float64(10.031000000000006))",FP,
6,,,,,,,,,,"(np.float64(545569.2471), np.float64(6449375.866), np.float64(5.247000000000014))",FP,
6,,,,,,,,,,"(np.float64(545550.6371), np.float64(6449378.421), np.float64(6.042999999999978))",FP,
6,,,,,,,,,,"(np.float64(545600.9801), np.float64(6449360.328), np.float64(7.51400000000001))",FP,
6,,,,,,,,,,"(np.float64(545568.2001), np.float64(6449418.823), np.float64(5.024999999999977))",FP,
6,,,,,,,,,,"(np.float64(545586.2411), np.float64(6449377.274), np.float64(10.816000000000003))",FP,
6,,,,,,,,,,"(np.float64(545576.1561), np.float64(6449341.548), np.float64(10.865000000000009))",FP,
6,,,,,,,,,,"(np.float64(545582.1621), np.float64(6449355.219), np.float64(16.927999999999997))",FP,
6,,,,,,,,,,"(np.float64(545602.1741), np.float64(6449342.518), np.float64(23.954000000000008))",FP,
6,,,,,,,,,,"(np.float64(545564.1081), np.float64(6449406.689), np.float64(7.455999999999989))",FP,
6,,,,,,,,,,"(np.float64(545602.1441), np.float64(6449339.631), np.float64(11.658000000000015))",FP,
6,,,,,,,,,,"(np.float64(545611.1191), np.float64(6449345.717), np.float64(7.938999999999993))",FP,
6,,,,,,,,,,"(np.float64(545590.8281), np.float64(6449333.736), np.float64(7.117000000000019))",FP,
6,,,,,,,,,,"(np.float64(545566.4631), np.float64(6449375.634), np.float64(5.890999999999991))",FP,
6,,,,,,,,,,"(np.float64(545579.4131), np.float64(6449328.412), np.float64(8.423000000000002))",FP,
6,,,,,,,,,,"(np.float64(545584.0191), np.float64(6449333.917), np.float64(15.621999999999986))",FP,
6,,,,,,,,,,"(np.float64(545612.7591), np.float64(6449344.887), np.float64(13.573000000000008))",FP,
6,,,,,,,,,,"(np.float64(545559.3231), np.float64(6449405.264), np.float64(8.336999999999989))",FP,
6,,,,,,,,,,"(np.float64(545584.5651), np.float64(6449331.663), np.float64(15.048000000000002))",FP,
6,,,,,,,,,,"(np.float64(545554.4981), np.float64(6449363.516), np.float64(11.789999999999992))",FP,
6,,,,,,,,,,"(np.float64(545552.3541), np.float64(6449365.724), np.float64(6.838999999999999))",FP,
6,,,,,,,,,,"(np.float64(545582.1091), np.float64(6449329.474), np.float64(7.2379999999999995))",FP,
6,,,,,,,,,,"(np.float64(545552.1821), np.float64(6449376.293), np.float64(6.9620000000000175))",FP,
6,,,,,,,,,,"(np.float64(545600.9291), np.float64(6449343.071), np.float64(9.545999999999992))",FP,
6,,,,,,,,,,"(np.float64(545552.4601), np.float64(6449363.837), np.float64(14.156000000000006))",FP,
6,,,,,,,,,,"(np.float64(545552.7301), np.float64(6449376.766), np.float64(15.310000000000002))",FP,
6,,,,,,,,,,"(np.float64(545555.0531), np.float64(6449366.766), np.float64(6.177000000000021))",FP,
6,,,,,,,,,,"(np.float64(545614.1671), np.float64(6449342.962), np.float64(14.520999999999987))",FP,
6,,,,,,,,,,"(np.float64(545571.4651), np.float64(6449418.26), np.float64(8.766999999999996))",FP,
6,,,,,,,,,,"(np.float64(545561.1901), np.float64(6449409.904), np.float64(12.492000000000019))",FP,
6,,,,,,,,,,"(np.float64(545554.1731), np.float64(6449363.688), np.float64(16.769000000000005))",FP,
6,,,,,,,,,,"(np.float64(545554.4531), np.float64(6449362.359), np.float64(7.246000000000009))",FP,
6,,,,,,,,,,"(np.float64(545554.2121), np.float64(6449360.423), np.float64(16.253000000000014))",FP,
6,,,,,,,,,,"(np.float64(545573.4891), np.float64(6449418.208), np.float64(9.998999999999995))",FP,
7,1.0,Birch,21.2,,,0.0,,POINT (545743.180999999 6449357.28199999),"(np.float64(545743.180999999), np.float64(6449357.28199999))",,FN,
7,75.0,Spruce,11.75,,,0.0,,POINT (545744.616999999 6449352.279),"(np.float64(545744.616999999), np.float64(6449352.279))",,FN,
7,77.0,Spruce,10.45,,,0.0,,POINT (545745.351 6449347.571),"(np.float64(545745.351), np.float64(6449347.571))",,FN,
7,74.0,Aspen,34.65,,,0.0,,POINT (545745.501999999 6449352.909),"(np.float64(545745.501999999), np.float64(6449352.909))",,FN,
7,2.0,Birch,14.1,,,0.0,,POINT (545745.635 6449358.307),"(np.float64(545745.635), np.float64(6449358.307))",,FN,
7,76.0,Birch,33.0,,,0.0,,POINT (545746.447 6449349.12),"(np.float64(545746.447), np.float64(6449349.12))","(np.float64(545745.6591), np.float64(6449349.748), np.float64(17.694000000000017))",TP,1.0075566532166473
7,3.0,Birch,32.75,,,0.0,,POINT (545747.457 6449359.49799999),"(np.float64(545747.457), np.float64(6449359.49799999))",,FN,
7,78.0,Spruce,14.15,,,0.0,,POINT (545747.491 6449342.968),"(np.float64(545747.491), np.float64(6449342.968))","(np.float64(545748.2171), np.float64(6449343.474), np.float64(15.465000000000003))",TP,0.8850181975588481
7,73.0,Spruce,11.15,,,0.0,,POINT (545747.675 6449353.019),"(np.float64(545747.675), np.float64(6449353.019))","(np.float64(545746.9611), np.float64(6449353.507), np.float64(27.097999999999985))",TP,0.8647526872039094
7,6.0,Aspen,21.45,,,0.0,,POINT (545748.829999999 6449361.80999999),"(np.float64(545748.829999999), np.float64(6449361.80999999))",,FN,
7,4.0,Aspen,34.6,,,0.0,,POINT (545749.074 6449357.61199999),"(np.float64(545749.074), np.float64(6449357.61199999))","(np.float64(545749.5671), np.float64(6449356.539), np.float64(27.248999999999995))",TP,1.1808795830540217
7,5.0,Aspen,33.45,,,0.0,,POINT (545749.287 6449360.343),"(np.float64(545749.287), np.float64(6449360.343))","(np.float64(545750.0881), np.float64(6449359.722), np.float64(16.491000000000014))",TP,1.0136085094391436
7,72.0,Spruce,18.15,,,0.0,,POINT (545749.523 6449348.42399999),"(np.float64(545749.523), np.float64(6449348.42399999))",,FN,
7,79.0,Spruce,11.25,,,0.0,,POINT (545749.542999999 6449342.302),"(np.float64(545749.542999999), np.float64(6449342.302))",,FN,
7,71.0,Birch,14.7,,,80.0,,POINT (545751.518999999 6449349.76499999),"(np.float64(545751.518999999), np.float64(6449349.76499999))",,FN,
7,80.0,Birch,20.05,,,80.0,,POINT (545751.582 6449335.68099999),"(np.float64(545751.582), np.float64(6449335.68099999))",,FN,
7,85.0,Birch,13.95,,,0.0,,POINT (545751.989999999 6449343.16799999),"(np.float64(545751.989999999), np.float64(6449343.16799999))","(np.float64(545753.3721), np.float64(6449341.594), np.float64(13.47399999999999))",TP,2.0946781098240783
7,81.0,Birch,30.2,90.0,26.8,0.0,Rotten,POINT (545752.429 6449336.06599999),"(np.float64(545752.429), np.float64(6449336.06599999))","(np.float64(545753.6291), np.float64(6449335.295), np.float64(27.020999999999987))",TP,1.426422446276619
7,70.0,Birch,21.05,,20.4,0.0,,POINT (545752.768 6449350.127),"(np.float64(545752.768), np.float64(6449350.127))",,FN,
7,69.0,Aspen,32.15,82.0,30.0,0.0,,POINT (545752.888 6449356.70199999),"(np.float64(545752.888), np.float64(6449356.70199999))","(np.float64(545754.3521), np.float64(6449356.803), np.float64(27.909999999999997))",TP,1.4675795760288706
7,82.0,Spruce,13.5,,,0.0,,POINT (545753.479 6449337.74199999),"(np.float64(545753.479), np.float64(6449337.74199999))","(np.float64(545754.5031), np.float64(6449337.171), np.float64(14.334000000000003))",TP,1.172527952190978
7,68.0,Aspen,36.05,100.0,29.6,0.0,Rotten,POINT (545753.807 6449353.37899999),"(np.float64(545753.807), np.float64(6449353.37899999))","(np.float64(545755.0211), np.float64(6449353.699), np.float64(28.092000000000013))",TP,1.2555631470020092
7,86.0,Spruce,30.5,,,0.0,,POINT (545754.013 6449343.79399999),"(np.float64(545754.013), np.float64(6449343.79399999))","(np.float64(545754.7111), np.float64(6449343.916), np.float64(28.387))",TP,0.7086801904032166
7,7.0,Birch,24.55,,,80.0,,POINT (545754.275999999 6449364.01599999),"(np.float64(545754.275999999), np.float64(6449364.01599999))","(np.float64(545756.0641), np.float64(6449364.515), np.float64(14.319000000000017))",TP,1.8564219949703575
7,67.0,Aspen,33.45,,,0.0,,POINT (545754.826 6449350.79),"(np.float64(545754.826), np.float64(6449350.79))","(np.float64(545755.3271), np.float64(6449350.872), np.float64(28.117999999999995))",TP,0.5077649161373881
7,9.0,Birch,24.15,,,0.0,,POINT (545755.167999999 6449362.07),"(np.float64(545755.167999999), np.float64(6449362.07))",,FN,
7,83.0,Birch,19.95,,,0.0,,POINT (545755.29 6449338.298),"(np.float64(545755.29), np.float64(6449338.298))",,FN,
7,8.0,Birch,24.6,,,0.0,,POINT (545755.383999999 6449362.63499999),"(np.float64(545755.383999999), np.float64(6449362.63499999))","(np.float64(545755.9041), np.float64(6449362.497), np.float64(18.02000000000001))",TP,0.5380966533069677
7,13.0,Birch,14.9,,19.1,0.0,,POINT (545756.376999999 6449369.298),"(np.float64(545756.376999999), np.float64(6449369.298))",,FN,
7,66.0,Spruce,10.1,,,0.0,,POINT (545756.581 6449348.523),"(np.float64(545756.581), np.float64(6449348.523))","(np.float64(545756.2731), np.float64(6449347.674), np.float64(17.233000000000004))",TP,0.9031076406936992
7,181.0,Spruce,13.55,,,0.0,,POINT (545756.674 6449332.11),"(np.float64(545756.674), np.float64(6449332.11))","(np.float64(545754.7321), np.float64(6449330.833), np.float64(24.661))",TP,2.3241567528237224
7,63.0,Birch,27.7,,,0.0,,POINT (545756.780999999 6449351.001),"(np.float64(545756.780999999), np.float64(6449351.001))","(np.float64(545757.5011), np.float64(6449351.205), np.float64(27.477000000000004))",TP,0.7484383818025672
7,88.0,Aspen,42.3,,,0.0,Two tops,POINT (545756.805 6449346.66299999),"(np.float64(545756.805), np.float64(6449346.66299999))",,FN,
7,65.0,Birch,19.45,,,0.0,,POINT (545756.831 6449348.92499999),"(np.float64(545756.831), np.float64(6449348.92499999))",,FN,
7,64.0,Birch,16.75,,,80.0,,POINT (545756.832 6449350.59499999),"(np.float64(545756.832), np.float64(6449350.59499999))",,FN,
7,11.0,Spruce,14.5,,,0.0,,POINT (545757.052 6449367.087),"(np.float64(545757.052), np.float64(6449367.087))",,FN,
7,62.0,Spruce,15.65,,,0.0,,POINT (545757.162 6449352.603),"(np.float64(545757.162), np.float64(6449352.603))",,FN,
7,84.0,Birch,44.65,,30.8,0.0,,POINT (545757.197 6449340.18599999),"(np.float64(545757.197), np.float64(6449340.18599999))","(np.float64(545756.7121), np.float64(6449340.162), np.float64(28.455000000000013))",TP,0.4854935731822558
7,183.0,Birch,21.75,,,0.0,,POINT (545757.579 6449325.792),"(np.float64(545757.579), np.float64(6449325.792))",,FN,
7,12.0,Birch,23.4,80.0,27.6,0.0,Rotten,POINT (545757.726 6449367.973),"(np.float64(545757.726), np.float64(6449367.973))","(np.float64(545759.1801), np.float64(6449366.856), np.float64(26.382000000000005))",TP,1.8336018682240645
7,87.0,Birch,15.0,,,0.0,,POINT (545757.944999999 6449341.917),"(np.float64(545757.944999999), np.float64(6449341.917))",,FN,
7,14.0,Aspen,29.65,,,0.0,,POINT (545758.049 6449371.06199999),"(np.float64(545758.049), np.float64(6449371.06199999))","(np.float64(545759.0101), np.float64(6449369.634), np.float64(27.148000000000025))",TP,1.7213068237623816
7,182.0,Birch,19.4,,,0.0,,POINT (545758.106999999 6449327.92999999),"(np.float64(545758.106999999), np.float64(6449327.92999999))","(np.float64(545758.7991), np.float64(6449328.583), np.float64(15.052999999999997))",TP,0.9515310942606041
7,61.0,Spruce,14.75,,,0.0,,POINT (545759.033 6449355.296),"(np.float64(545759.033), np.float64(6449355.296))",,FN,
7,56.0,Birch,26.45,,,0.0,,POINT (545759.189 6449361.149),"(np.float64(545759.189), np.float64(6449361.149))","(np.float64(545760.0371), np.float64(6449360.978), np.float64(26.331999999999994))",TP,0.8651673883918316
7,10.0,Spruce,15.45,,,0.0,,POINT (545760.196 6449365.24799999),"(np.float64(545760.196), np.float64(6449365.24799999))","(np.float64(545761.2911), np.float64(6449364.76), np.float64(13.523000000000025))",TP,1.1989111730587811
7,60.0,Birch,14.85,,,0.0,,POINT (545760.937 6449352.899),"(np.float64(545760.937), np.float64(6449352.899))","(np.float64(545760.6521), np.float64(6449354.192), np.float64(27.37899999999999))",TP,1.3240154866951537
7,15.0,Spruce,16.55,,18.4,0.0,,POINT (545760.962 6449369.31599999),"(np.float64(545760.962), np.float64(6449369.31599999))",,FN,
7,184.0,Spruce,10.35,,,0.0,,POINT (545761.128 6449322.99899999),"(np.float64(545761.128), np.float64(6449322.99899999))",,FN,
7,185.0,Spruce,26.5,92.0,25.7,0.0,,POINT (545761.447 6449322.75299999),"(np.float64(545761.447), np.float64(6449322.75299999))",,FN,
7,180.0,Spruce,31.0,84.0,25.7,0.0,,POINT (545761.577 6449331.758),"(np.float64(545761.577), np.float64(6449331.758))","(np.float64(545762.9201), np.float64(6449332.124), np.float64(26.185000000000002))",TP,1.39207528871134
7,58.0,Birch,25.4,,,80.0,,POINT (545761.670999999 6449355.735),"(np.float64(545761.670999999), np.float64(6449355.735))",,FN,
7,89.0,Spruce,22.05,83.0,23.4,0.0,,POINT (545762.025999999 6449348.716),"(np.float64(545762.025999999), np.float64(6449348.716))",,FN,
7,57.0,Aspen,39.35,,,0.0,Two tops,POINT (545762.147 6449356.517),"(np.float64(545762.147), np.float64(6449356.517))","(np.float64(545763.5841), np.float64(6449357.533), np.float64(26.806999999999988))",TP,1.7599751161869257
7,59.0,Birch,42.0,,,0.0,Two tops,POINT (545762.148999999 6449352.882),"(np.float64(545762.148999999), np.float64(6449352.882))",,FN,
7,90.0,Birch,35.2,,,0.0,Two tops,POINT (545762.751999999 6449342.7),"(np.float64(545762.751999999), np.float64(6449342.7))",,FN,
7,16.0,Birch,17.25,,,0.0,,POINT (545763.207999999 6449373.784),"(np.float64(545763.207999999), np.float64(6449373.784))",,FN,
7,187.0,Aspen,39.0,87.0,28.6,0.0,,POINT (545763.432999999 6449317.275),"(np.float64(545763.432999999), np.float64(6449317.275))","(np.float64(545763.2461), np.float64(6449318.171), np.float64(27.77600000000001))",TP,0.9152855342098793
7,55.0,Birch,30.2,,,0.0,,POINT (545763.582999999 6449365.575),"(np.float64(545763.582999999), np.float64(6449365.575))","(np.float64(545763.3521), np.float64(6449365.61), np.float64(17.044999999999987))",TP,0.233537597753777
7,91.0,Spruce,30.1,,,0.0,,POINT (545764.204999999 6449344.854),"(np.float64(545764.204999999), np.float64(6449344.854))","(np.float64(545764.4571), np.float64(6449344.728), np.float64(26.974999999999994))",TP,0.2818340123757631
7,186.0,Aspen,19.95,,,0.0,,POINT (545764.572 6449323.47599999),"(np.float64(545764.572), np.float64(6449323.47599999))",,FN,
7,188.0,Spruce,18.6,,,0.0,,POINT (545764.856999999 6449319.268),"(np.float64(545764.856999999), np.float64(6449319.268))","(np.float64(545765.2911), np.float64(6449319.097), np.float64(15.98399999999998))",TP,0.4665659770076342
7,54.0,Birch,23.2,,,0.0,Rotten,POINT (545764.979999999 6449360.734),"(np.float64(545764.979999999), np.float64(6449360.734))",,FN,
7,17.0,Birch,44.55,,,0.0,,POINT (545765.359 6449372.16),"(np.float64(545765.359), np.float64(6449372.16))","(np.float64(545765.8971), np.float64(6449371.906), np.float64(29.403999999999996))",TP,0.5950358054271067
7,178.0,Birch,16.55,,,80.0,,POINT (545765.577 6449326.41999999),"(np.float64(545765.577), np.float64(6449326.41999999))","(np.float64(545766.0771), np.float64(6449325.998), np.float64(27.608000000000004))",TP,0.6543577015012008
7,179.0,Birch,33.55,,,0.0,,POINT (545765.611 6449326.85699999),"(np.float64(545765.611), np.float64(6449326.85699999))",,FN,
7,49.0,Birch,13.7,,,0.0,,POINT (545765.66 6449364.818),"(np.float64(545765.66), np.float64(6449364.818))",,FN,
7,51.0,Spruce,16.25,,,0.0,,POINT (545765.76 6449363.377),"(np.float64(545765.76), np.float64(6449363.377))",,FN,
7,177.0,Spruce,16.05,,15.6,0.0,,POINT (545765.778999999 6449326.28699999),"(np.float64(545765.778999999), np.float64(6449326.28699999))","(np.float64(545766.9231), np.float64(6449326.753), np.float64(17.394999999999982))",TP,1.2353626272891953
7,93.0,Birch,25.65,,,0.0,Two tops,POINT (545765.918999999 6449347.77199999),"(np.float64(545765.918999999), np.float64(6449347.77199999))","(np.float64(545767.1831), np.float64(6449349.128), np.float64(14.512))",TP,1.8538297763380684
7,50.0,Birch,15.95,,,0.0,,POINT (545765.952 6449363.74799999),"(np.float64(545765.952), np.float64(6449363.74799999))","(np.float64(545767.2171), np.float64(6449363.645), np.float64(17.322000000000003))",TP,1.2692860229302614
7,92.0,Spruce,11.6,,,0.0,,POINT (545765.962 6449344.517),"(np.float64(545765.962), np.float64(6449344.517))",,FN,
7,53.0,Birch,14.05,,,70.0,,POINT (545766.138999999 6449360.86),"(np.float64(545766.138999999), np.float64(6449360.86))","(np.float64(545765.7171), np.float64(6449360.3), np.float64(16.111999999999995))",TP,0.7011416474311313
7,18.0,Birch,16.35,,,0.0,,POINT (545766.263999999 6449376.615),"(np.float64(545766.263999999), np.float64(6449376.615))",,FN,
7,52.0,Birch,33.0,,,0.0,,POINT (545766.592999999 6449361.61799999),"(np.float64(545766.592999999), np.float64(6449361.61799999))","(np.float64(545767.3641), np.float64(6449361.05), np.float64(14.387))",TP,0.957715615390964
7,19.0,Birch,20.6,,,0.0,,POINT (545766.621999999 6449370.496),"(np.float64(545766.621999999), np.float64(6449370.496))",,FN,
7,167.0,Spruce,15.0,,,0.0,,POINT (545766.657 6449331.213),"(np.float64(545766.657), np.float64(6449331.213))",,FN,
7,20.0,Spruce,11.0,,,0.0,,POINT (545766.746 6449369.95799999),"(np.float64(545766.746), np.float64(6449369.95799999))","(np.float64(545767.3191), np.float64(6449369.504), np.float64(17.363999999999976))",TP,0.7311358296324385
7,189.0,Spruce,14.2,,,0.0,,POINT (545766.939999999 6449318.88999999),"(np.float64(545766.939999999), np.float64(6449318.88999999))",,FN,
7,48.0,Aspen,26.7,,,0.0,,POINT (545766.949 6449367.04899999),"(np.float64(545766.949), np.float64(6449367.04899999))",,FN,
7,166.0,Birch,28.95,90.0,25.7,0.0,Rotten,POINT (545767.148999999 6449333.968),"(np.float64(545767.148999999), np.float64(6449333.968))","(np.float64(545767.0631), np.float64(6449333.691), np.float64(24.887))",TP,0.29001346558209873
7,168.0,Spruce,22.0,,,0.0,,POINT (545767.224 6449330.916),"(np.float64(545767.224), np.float64(6449330.916))",,FN,
7,190.0,Spruce,12.85,,,0.0,,POINT (545767.466 6449313.625),"(np.float64(545767.466), np.float64(6449313.625))",,FN,
7,94.0,Birch,16.05,,,0.0,,POINT (545767.949999999 6449343.796),"(np.float64(545767.949999999), np.float64(6449343.796))",,FN,
7,191.0,Aspen,39.6,92.0,29.0,0.0,,POINT (545768.430999999 6449314.26099999),"(np.float64(545768.430999999), np.float64(6449314.26099999))","(np.float64(545768.7371), np.float64(6449314.203), np.float64(28.28200000000001))",TP,0.3115464803716593
7,169.0,Birch,22.5,,,0.0,,POINT (545768.506 6449329.73599999),"(np.float64(545768.506), np.float64(6449329.73599999))","(np.float64(545769.0211), np.float64(6449328.826), np.float64(15.689999999999998))",TP,1.0456710723671392
7,176.0,Fir,10.8,,,0.0,,POINT (545768.871 6449325.00899999),"(np.float64(545768.871), np.float64(6449325.00899999))",,FN,
7,100.0,Spruce,19.75,,,0.0,,POINT (545768.9 6449356.68699999),"(np.float64(545768.9), np.float64(6449356.68699999))","(np.float64(545769.6951), np.float64(6449356.321), np.float64(19.47800000000001))",TP,0.8752942374336171
7,101.0,Birch,12.85,,,0.0,,POINT (545769.229 6449357.54299999),"(np.float64(545769.229), np.float64(6449357.54299999))",,FN,
7,192.0,Fir,11.3,,,0.0,,POINT (545769.616 6449314.341),"(np.float64(545769.616), np.float64(6449314.341))",,FN,
7,193.0,Spruce,27.2,,,0.0,,POINT (545769.667 6449316.07199999),"(np.float64(545769.667), np.float64(6449316.07199999))",,FN,
7,154.0,Birch,29.7,,,0.0,,POINT (545769.8 6449339.659),"(np.float64(545769.8), np.float64(6449339.659))","(np.float64(545770.1121), np.float64(6449338.963), np.float64(25.595999999999975))",TP,0.7627728425519321
7,170.0,Spruce,11.1,,,0.0,,POINT (545769.866 6449331.343),"(np.float64(545769.866), np.float64(6449331.343))",,FN,
7,47.0,Birch,26.95,,,0.0,,POINT (545769.978 6449364.91199999),"(np.float64(545769.978), np.float64(6449364.91199999))","(np.float64(545769.8991), np.float64(6449363.942), np.float64(13.683999999999997))",TP,0.9732035714180127
7,95.0,Birch,26.25,,,0.0,,POINT (545770.013 6449345.71999999),"(np.float64(545770.013), np.float64(6449345.71999999))",,FN,
7,196.0,Spruce,11.7,,,0.0,,POINT (545770.020999999 6449310.967),"(np.float64(545770.020999999), np.float64(6449310.967))","(np.float64(545770.2491), np.float64(6449311.017), np.float64(18.16900000000001))",TP,0.23351576057353962
7,194.0,Fir,15.0,,,0.0,,POINT (545770.064 6449308.61099999),"(np.float64(545770.064), np.float64(6449308.61099999))",,FN,
7,99.0,Spruce,11.05,,,0.0,,POINT (545770.109999999 6449351.64599999),"(np.float64(545770.109999999), np.float64(6449351.64599999))",,FN,
7,165.0,Spruce,30.55,,,70.0,,POINT (545770.172999999 6449335.008),"(np.float64(545770.172999999), np.float64(6449335.008))",,FN,
7,27.0,Birch,31.5,,,0.0,,POINT (545770.611 6449378.387),"(np.float64(545770.611), np.float64(6449378.387))","(np.float64(545771.1011), np.float64(6449378.973), np.float64(26.70599999999999))",TP,0.7639332497587188
7,96.0,Birch,27.85,,,0.0,,POINT (545770.778999999 6449349.963),"(np.float64(545770.778999999), np.float64(6449349.963))","(np.float64(545769.7641), np.float64(6449349.829), np.float64(26.27000000000001))",TP,1.0237079701535639
7,195.0,Fir,11.9,,,0.0,,POINT (545770.989999999 6449310.456),"(np.float64(545770.989999999), np.float64(6449310.456))",,FN,
7,199.0,Spruce,14.05,,,0.0,,POINT (545771.18 6449319.06099999),"(np.float64(545771.18), np.float64(6449319.06099999))",,FN,
7,197.0,Fir,17.55,,,0.0,,POINT (545771.207999999 6449312.029),"(np.float64(545771.207999999), np.float64(6449312.029))","(np.float64(545770.8111), np.float64(6449312.419), np.float64(14.768))",TP,0.556443715884192
7,98.0,Birch,32.95,,,0.0,,POINT (545771.234 6449351.25899999),"(np.float64(545771.234), np.float64(6449351.25899999))","(np.float64(545772.2021), np.float64(6449351.91), np.float64(14.658999999999992))",TP,1.1666270281063007
7,46.0,Spruce,13.75,,,0.0,,POINT (545771.386999999 6449368.031),"(np.float64(545771.386999999), np.float64(6449368.031))",,FN,
7,155.0,Spruce,16.95,,,0.0,,POINT (545771.388 6449337.79399999),"(np.float64(545771.388), np.float64(6449337.79399999))",,FN,
7,97.0,Birch,30.6,,,0.0,,POINT (545771.437999999 6449350.31199999),"(np.float64(545771.437999999), np.float64(6449350.31199999))",,FN,
7,175.0,Spruce,11.4,,,0.0,,POINT (545771.707 6449322.33),"(np.float64(545771.707), np.float64(6449322.33))",,FN,
7,24.0,Spruce,12.95,,11.8,0.0,,POINT (545771.729 6449374.541),"(np.float64(545771.729), np.float64(6449374.541))",,FN,
7,171.0,Spruce,22.45,74.0,17.4,0.0,,POINT (545771.935999999 6449330.79999999),"(np.float64(545771.935999999), np.float64(6449330.79999999))","(np.float64(545772.8571), np.float64(6449328.684), np.float64(15.302000000000021))",TP,2.307787071227592
7,174.0,Spruce,17.85,,,0.0,,POINT (545772.135 6449324.89499999),"(np.float64(545772.135), np.float64(6449324.89499999))",,FN,
7,281.0,Fir,16.35,,,0.0,,POINT (545772.246999999 6449305.199),"(np.float64(545772.246999999), np.float64(6449305.199))","(np.float64(545773.0581), np.float64(6449304.754), np.float64(15.120000000000005))",TP,0.925153074824383
7,45.0,Birch,31.4,,,0.0,,POINT (545772.37 6449367.30599999),"(np.float64(545772.37), np.float64(6449367.30599999))",,FN,
7,44.0,Birch,28.2,,,0.0,,POINT (545772.444 6449367.62999999),"(np.float64(545772.444), np.float64(6449367.62999999))","(np.float64(545771.9991), np.float64(6449368.019), np.float64(16.448999999999984))",TP,0.5909797105725776
7,22.0,Birch,12.9,,,0.0,,POINT (545772.636 6449372.33899999),"(np.float64(545772.636), np.float64(6449372.33899999))",,FN,
7,25.0,Birch,19.4,,,0.0,,POINT (545772.976 6449375.40799999),"(np.float64(545772.976), np.float64(6449375.40799999))","(np.float64(545772.0731), np.float64(6449376.465), np.float64(14.153999999999996))",TP,1.3901357601671225
7,43.0,Birch,26.6,,,0.0,,POINT (545772.988 6449367.774),"(np.float64(545772.988), np.float64(6449367.774))",,FN,
7,150.0,Birch,23.7,,,0.0,,POINT (545773.033999999 6449341.13599999),"(np.float64(545773.033999999), np.float64(6449341.13599999))","(np.float64(545774.3841), np.float64(6449343.059), np.float64(27.462999999999994))",TP,2.349616788675782
7,23.0,Birch,25.9,,,0.0,,POINT (545773.079 6449374.15799999),"(np.float64(545773.079), np.float64(6449374.15799999))","(np.float64(545772.8221), np.float64(6449373.646), np.float64(27.749000000000024))",TP,0.5728364510357625
7,172.0,Birch,33.95,95.0,29.4,0.0,Rotten,POINT (545773.16 6449328.83999999),"(np.float64(545773.16), np.float64(6449328.83999999))","(np.float64(545773.8751), np.float64(6449329.675), np.float64(26.814999999999998))",TP,1.0993602807647311
7,151.0,Birch,25.9,,,0.0,,POINT (545773.219 6449340.723),"(np.float64(545773.219), np.float64(6449340.723))",,FN,
7,21.0,Birch,19.0,,,80.0,,POINT (545773.297999999 6449371.03799999),"(np.float64(545773.297999999), np.float64(6449371.03799999))",,FN,
7,198.0,Birch,24.95,,,0.0,,POINT (545773.403999999 6449314.62899999),"(np.float64(545773.403999999), np.float64(6449314.62899999))",,FN,
7,42.0,Birch,19.2,,,80.0,,POINT (545773.412999999 6449368.069),"(np.float64(545773.412999999), np.float64(6449368.069))",,FN,
7,152.0,Birch,27.0,,,0.0,,POINT (545773.417 6449340.353),"(np.float64(545773.417), np.float64(6449340.353))",,FN,
7,26.0,Birch,24.6,,,0.0,,POINT (545773.466 6449375.20399999),"(np.float64(545773.466), np.float64(6449375.20399999))","(np.float64(545774.4761), np.float64(6449375.909), np.float64(13.603999999999985))",TP,1.2317982888690362
7,30.0,Spruce,13.5,,,0.0,,POINT (545773.804 6449381.37999999),"(np.float64(545773.804), np.float64(6449381.37999999))","(np.float64(545773.7591), np.float64(6449380.065), np.float64(15.903999999999996))",TP,1.3157663096778607
7,201.0,Aspen,40.6,96.0,,0.0,Multiple tops,POINT (545774.025 6449318.06699999),"(np.float64(545774.025), np.float64(6449318.06699999))","(np.float64(545775.0471), np.float64(6449318.379), np.float64(28.75199999999998))",TP,1.0686591674741144
7,153.0,Spruce,12.3,,,0.0,,POINT (545774.098 6449339.336),"(np.float64(545774.098), np.float64(6449339.336))","(np.float64(545774.4741), np.float64(6449338.752), np.float64(26.855999999999995))",TP,0.6946273891523103
7,149.0,Aspen,36.35,88.0,30.7,0.0,,POINT (545774.15 6449343.14599999),"(np.float64(545774.15), np.float64(6449343.14599999))",,FN,
7,200.0,Birch,20.0,,,80.0,,POINT (545774.307999999 6449320.075),"(np.float64(545774.307999999), np.float64(6449320.075))","(np.float64(545775.3371), np.float64(6449319.2), np.float64(19.584000000000003))",TP,1.3508041353231686
7,279.0,Aspen,43.9,,28.8,0.0,,POINT (545774.712999999 6449305.137),"(np.float64(545774.712999999), np.float64(6449305.137))","(np.float64(545774.4371), np.float64(6449305.39), np.float64(27.15700000000001))",TP,0.3743391634173258
7,28.0,Spruce,10.4,,,0.0,,POINT (545774.734 6449378.12399999),"(np.float64(545774.734), np.float64(6449378.12399999))",,FN,
7,29.0,Aspen,31.35,85.0,27.6,0.0,Rotten,POINT (545774.807999999 6449379.93499999),"(np.float64(545774.807999999), np.float64(6449379.93499999))",,FN,
7,280.0,Fir,15.9,,,0.0,,POINT (545774.815999999 6449307.081),"(np.float64(545774.815999999), np.float64(6449307.081))",,FN,
7,103.0,Birch,31.6,,,80.0,Two tops,POINT (545774.979 6449358.16),"(np.float64(545774.979), np.float64(6449358.16))","(np.float64(545776.7171), np.float64(6449358.755), np.float64(26.551999999999992))",TP,1.8371218276276453
7,41.0,Birch,24.15,80.0,28.5,0.0,,POINT (545775 6449365.70199999),"(np.float64(545775.0), np.float64(6449365.70199999))",,FN,
7,102.0,Birch,25.45,,,0.0,,POINT (545775.089999999 6449357.057),"(np.float64(545775.089999999), np.float64(6449357.057))",,FN,
7,105.0,Spruce,14.2,,,0.0,,POINT (545775.109999999 6449348.57299999),"(np.float64(545775.109999999), np.float64(6449348.57299999))","(np.float64(545773.5481), np.float64(6449348.007), np.float64(26.492999999999995))",TP,1.661290942309639
7,163.0,Birch,22.15,,,0.0,,POINT (545775.114999999 6449334.45799999),"(np.float64(545775.114999999), np.float64(6449334.45799999))",,FN,
7,278.0,Spruce,16.75,,,0.0,,POINT (545775.373999999 6449305.138),"(np.float64(545775.373999999), np.float64(6449305.138))",,FN,
7,164.0,Spruce,13.2,,,0.0,,POINT (545775.408999999 6449334.717),"(np.float64(545775.408999999), np.float64(6449334.717))",,FN,
7,271.0,Birch,28.75,,,0.0,,POINT (545775.435999999 6449309.693),"(np.float64(545775.435999999), np.float64(6449309.693))",,FN,
7,31.0,Birch,30.0,,,0.0,,POINT (545775.474999999 6449381.422),"(np.float64(545775.474999999), np.float64(6449381.422))",,FN,
7,203.0,Birch,18.4,,,0.0,,POINT (545775.743 6449322.05499999),"(np.float64(545775.743), np.float64(6449322.05499999))",,FN,
7,156.0,Spruce,11.2,,,0.0,,POINT (545776.138 6449337.54499999),"(np.float64(545776.138), np.float64(6449337.54499999))",,FN,
7,162.0,Spruce,15.7,,,0.0,,POINT (545776.182 6449330.967),"(np.float64(545776.182), np.float64(6449330.967))",,FN,
7,148.0,Spruce,36.9,,27.4,0.0,,POINT (545776.246999999 6449346.353),"(np.float64(545776.246999999), np.float64(6449346.353))",,FN,
7,272.0,Spruce,16.0,,15.0,0.0,,POINT (545776.484 6449309.28699999),"(np.float64(545776.484), np.float64(6449309.28699999))",,FN,
7,173.0,Birch,27.45,,,0.0,,POINT (545776.495 6449327.41),"(np.float64(545776.495), np.float64(6449327.41))","(np.float64(545775.8811), np.float64(6449327.331), np.float64(13.730000000000018))",TP,0.6189622040009851
7,202.0,Spruce,15.9,,,0.0,,POINT (545776.579 6449317.836),"(np.float64(545776.579), np.float64(6449317.836))",,FN,
7,106.0,Birch,26.35,,,0.0,Two trunks,POINT (545776.677 6449349.581),"(np.float64(545776.677), np.float64(6449349.581))","(np.float64(545778.4191), np.float64(6449349.294), np.float64(24.82000000000002))",TP,1.7655824564109088
7,270.0,Birch,31.25,,27.7,0.0,,POINT (545776.851 6449310.96),"(np.float64(545776.851), np.float64(6449310.96))",,FN,
7,277.0,Spruce,11.05,,,0.0,,POINT (545777.128999999 6449301.167),"(np.float64(545777.128999999), np.float64(6449301.167))","(np.float64(545776.0811), np.float64(6449301.479), np.float64(16.40100000000001))",TP,1.0933610602209745
7,32.0,Spruce,10.05,,,0.0,,POINT (545777.434 6449382.586),"(np.float64(545777.434), np.float64(6449382.586))",,FN,
7,40.0,Birch,29.35,84.0,26.8,0.0,,POINT (545777.462999999 6449363.63599999),"(np.float64(545777.462999999), np.float64(6449363.63599999))","(np.float64(545777.9081), np.float64(6449362.519), np.float64(25.538999999999987))",TP,1.202415480233149
7,37.0,Birch,23.9,,,0.0,,POINT (545777.609 6449373.399),"(np.float64(545777.609), np.float64(6449373.399))",,FN,
7,157.0,Spruce,30.75,,,0.0,,POINT (545777.824999999 6449340.007),"(np.float64(545777.824999999), np.float64(6449340.007))","(np.float64(545777.7511), np.float64(6449340.549), np.float64(16.36100000000002))",TP,0.5470148162916069
7,36.0,Birch,24.1,,,0.0,,POINT (545778.147 6449373.518),"(np.float64(545778.147), np.float64(6449373.518))","(np.float64(545778.1101), np.float64(6449373.129), np.float64(17.939999999999998))",TP,0.3907462224160056
7,104.0,Birch,23.6,80.0,28.4,0.0,Rotten,POINT (545778.187999999 6449357.178),"(np.float64(545778.187999999), np.float64(6449357.178))","(np.float64(545778.9111), np.float64(6449356.601), np.float64(27.32899999999998))",TP,0.9250960015201092
7,39.0,Spruce,17.5,,,0.0,,POINT (545778.246999999 6449369.092),"(np.float64(545778.246999999), np.float64(6449369.092))","(np.float64(545777.9141), np.float64(6449367.917), np.float64(14.719999999999999))",TP,1.2212482994419054
7,34.0,Birch,30.55,85.0,27.3,0.0,,POINT (545778.464999999 6449377.275),"(np.float64(545778.464999999), np.float64(6449377.275))","(np.float64(545779.2781), np.float64(6449377.666), np.float64(27.579000000000008))",TP,0.9022264745765638
7,38.0,Spruce,30.75,78.0,27.9,0.0,,POINT (545778.535999999 6449368.409),"(np.float64(545778.535999999), np.float64(6449368.409))","(np.float64(545780.0031), np.float64(6449368.12), np.float64(26.448999999999984))",TP,1.4952937546467957
7,269.0,Spruce,15.9,,,0.0,,POINT (545778.689999999 6449311.67399999),"(np.float64(545778.689999999), np.float64(6449311.67399999))","(np.float64(545777.9231), np.float64(6449311.983), np.float64(27.226))",TP,0.8268111117057712
7,204.0,Aspen,43.6,,30.7,0.0,,POINT (545778.888999999 6449325.73),"(np.float64(545778.888999999), np.float64(6449325.73))",,FN,
7,33.0,Birch,26.7,,,0.0,Two tops,POINT (545779.157 6449381.74299999),"(np.float64(545779.157), np.float64(6449381.74299999))","(np.float64(545778.8811), np.float64(6449380.078), np.float64(16.075999999999993))",TP,1.6877042916382075
7,161.0,Birch,17.55,,,80.0,,POINT (545779.381999999 6449329.25299999),"(np.float64(545779.381999999), np.float64(6449329.25299999))",,FN,
7,205.0,Spruce,10.55,,,0.0,,POINT (545779.398 6449325.29999999),"(np.float64(545779.398), np.float64(6449325.29999999))",,FN,
7,276.0,Spruce,19.7,,,0.0,,POINT (545779.707999999 6449298.58299999),"(np.float64(545779.707999999), np.float64(6449298.58299999))","(np.float64(545778.4621), np.float64(6449297.864), np.float64(13.74799999999999))",TP,1.4384810716954504
7,273.0,Spruce,15.2,,,0.0,,POINT (545779.738 6449307.90199999),"(np.float64(545779.738), np.float64(6449307.90199999))",,FN,
7,160.0,Spruce,17.0,,,0.0,,POINT (545780.038999999 6449329.42999999),"(np.float64(545780.038999999), np.float64(6449329.42999999))",,FN,
7,268.0,Spruce,15.05,,,0.0,,POINT (545780.273999999 6449310.138),"(np.float64(545780.273999999), np.float64(6449310.138))",,FN,
7,214.0,Spruce,11.0,,,0.0,,POINT (545780.944999999 6449326.81099999),"(np.float64(545780.944999999), np.float64(6449326.81099999))","(np.float64(545780.4541), np.float64(6449326.0), np.float64(28.52000000000001))",TP,0.9479998911162666
7,108.0,Spruce,22.65,,,0.0,,POINT (545780.998 6449356.143),"(np.float64(545780.998), np.float64(6449356.143))",,FN,
7,147.0,Birch,26.5,,,0.0,,POINT (545781.049 6449339.92999999),"(np.float64(545781.049), np.float64(6449339.92999999))",,FN,
7,146.0,Aspen,30.75,79.0,27.7,0.0,,POINT (545781.336 6449335.84599999),"(np.float64(545781.336), np.float64(6449335.84599999))","(np.float64(545782.0511), np.float64(6449335.095), np.float64(26.536))",TP,1.0369999975420965
7,210.0,Spruce,15.0,,,0.0,,POINT (545781.354999999 6449322.50899999),"(np.float64(545781.354999999), np.float64(6449322.50899999))","(np.float64(545781.5711), np.float64(6449321.371), np.float64(28.091000000000008))",TP,1.158336387963243
7,267.0,Birch,20.5,,,0.0,,POINT (545781.473 6449308.13599999),"(np.float64(545781.473), np.float64(6449308.13599999))",,FN,
7,206.0,Spruce,14.2,,,0.0,,POINT (545781.555999999 6449317.676),"(np.float64(545781.555999999), np.float64(6449317.676))",,FN,
7,107.0,Spruce,38.75,,27.7,0.0,,POINT (545781.841 6449352.42399999),"(np.float64(545781.841), np.float64(6449352.42399999))","(np.float64(545781.9471), np.float64(6449352.214), np.float64(28.12300000000002))",TP,0.23528112135822055
7,211.0,Aspen,35.5,,,0.0,,POINT (545781.92 6449323.41299999),"(np.float64(545781.92), np.float64(6449323.41299999))",,FN,
7,35.0,Spruce,14.1,,,0.0,,POINT (545782.442 6449373.23199999),"(np.float64(545782.442), np.float64(6449373.23199999))","(np.float64(545782.9281), np.float64(6449373.197), np.float64(14.467000000000013))",TP,0.48735839920323143
7,282.0,Spruce,22.5,,,0.0,,POINT (545782.54 6449294.37399999),"(np.float64(545782.54), np.float64(6449294.37399999))","(np.float64(545781.4481), np.float64(6449293.015), np.float64(14.653999999999996))",TP,1.7433090898116326
7,134.0,Spruce,13.95,,,0.0,,POINT (545782.626999999 6449347.01999999),"(np.float64(545782.626999999), np.float64(6449347.01999999))",,FN,
7,213.0,Spruce,10.85,,,0.0,,POINT (545782.675999999 6449326.32),"(np.float64(545782.675999999), np.float64(6449326.32))",,FN,
7,158.0,Spruce,10.15,,,0.0,,POINT (545782.834 6449339.59499999),"(np.float64(545782.834), np.float64(6449339.59499999))","(np.float64(545782.1411), np.float64(6449339.787), np.float64(14.483000000000004))",TP,0.7190093278495586
7,207.0,Birch,25.7,,27.7,0.0,,POINT (545782.905 6449318.05499999),"(np.float64(545782.905), np.float64(6449318.05499999))","(np.float64(545783.7931), np.float64(6449318.073), np.float64(26.942999999999984))",TP,0.888282393334922
7,275.0,Spruce,14.6,,,0.0,,POINT (545783.06 6449303.097),"(np.float64(545783.06), np.float64(6449303.097))",,FN,
7,159.0,Spruce,16.6,,,0.0,,POINT (545783.217999999 6449333.133),"(np.float64(545783.217999999), np.float64(6449333.133))",,FN,
7,208.0,Aspen,31.6,85.0,,0.0,Rotten,POINT (545783.317999999 6449320.962),"(np.float64(545783.317999999), np.float64(6449320.962))",,FN,
7,259.0,Birch,34.4,,28.1,0.0,,POINT (545783.430999999 6449314.682),"(np.float64(545783.430999999), np.float64(6449314.682))","(np.float64(545782.4041), np.float64(6449314.747), np.float64(26.607))",TP,1.0289551049560155
7,109.0,Spruce,38.85,,,0.0,,POINT (545783.467999999 6449355.11899999),"(np.float64(545783.467999999), np.float64(6449355.11899999))","(np.float64(545784.0191), np.float64(6449355.012), np.float64(18.22))",TP,0.5613913153707992
7,266.0,Spruce,29.05,,,0.0,,POINT (545783.479 6449306.768),"(np.float64(545783.479), np.float64(6449306.768))",,FN,
7,212.0,Spruce,10.25,,,0.0,,POINT (545783.518999999 6449325.16199999),"(np.float64(545783.518999999), np.float64(6449325.16199999))",,FN,
7,265.0,Spruce,31.2,,26.3,0.0,,POINT (545783.604 6449308.69699999),"(np.float64(545783.604), np.float64(6449308.69699999))",,FN,
7,133.0,Birch,28.05,,,0.0,,POINT (545783.733 6449345.945),"(np.float64(545783.733), np.float64(6449345.945))",,FN,
7,209.0,Spruce,16.95,,,0.0,,POINT (545783.859999999 6449321.393),"(np.float64(545783.859999999), np.float64(6449321.393))","(np.float64(545785.1211), np.float64(6449320.36), np.float64(26.819999999999993))",TP,1.630172448542794
7,142.0,Birch,27.05,,,0.0,Two tops,POINT (545783.981999999 6449342.93599999),"(np.float64(545783.981999999), np.float64(6449342.93599999))","(np.float64(545784.1901), np.float64(6449342.374), np.float64(13.684000000000026))",TP,0.5992909142036489
7,145.0,Birch,28.75,,,0.0,,POINT (545783.995 6449337.31199999),"(np.float64(545783.995), np.float64(6449337.31199999))","(np.float64(545784.7471), np.float64(6449337.622), np.float64(25.40700000000001))",TP,0.8134828927134579
7,132.0,Birch,29.2,81.0,25.5,0.0,Rotten,POINT (545784.148999999 6449346.405),"(np.float64(545784.148999999), np.float64(6449346.405))",,FN,
7,283.0,Spruce,11.25,,,0.0,,POINT (545784.214999999 6449294.48),"(np.float64(545784.214999999), np.float64(6449294.48))",,FN,
7,284.0,Birch,41.0,,,80.0,,POINT (545784.341999999 6449294.70299999),"(np.float64(545784.341999999), np.float64(6449294.70299999))",,FN,
7,111.0,Birch,23.0,,,0.0,,POINT (545784.418999999 6449359.132),"(np.float64(545784.418999999), np.float64(6449359.132))","(np.float64(545784.3641), np.float64(6449358.521), np.float64(25.516999999999996))",TP,0.6134614987867444
7,119.0,Birch,35.65,,,0.0,,POINT (545784.484999999 6449370.00899999),"(np.float64(545784.484999999), np.float64(6449370.00899999))",,FN,
7,141.0,Birch,17.65,,,0.0,,POINT (545784.533 6449342.91799999),"(np.float64(545784.533), np.float64(6449342.91799999))",,FN,
7,144.0,Birch,15.55,,,0.0,,POINT (545784.571 6449336.07899999),"(np.float64(545784.571), np.float64(6449336.07899999))",,FN,
7,216.0,Spruce,14.95,,,0.0,,POINT (545784.839 6449328.97499999),"(np.float64(545784.839), np.float64(6449328.97499999))",,FN,
7,121.0,Birch,20.15,,,0.0,,POINT (545785.25 6449373.31099999),"(np.float64(545785.25), np.float64(6449373.31099999))","(np.float64(545784.9941), np.float64(6449371.65), np.float64(13.795000000000016))",TP,1.6805968514196425
7,215.0,Birch,26.05,,,0.0,,POINT (545785.342999999 6449327.73199999),"(np.float64(545785.342999999), np.float64(6449327.73199999))","(np.float64(545786.5071), np.float64(6449327.323), np.float64(25.66300000000001))",TP,1.2338597181891626
7,285.0,Aspen,33.0,,28.2,0.0,,POINT (545785.348 6449294.951),"(np.float64(545785.348), np.float64(6449294.951))","(np.float64(545786.4291), np.float64(6449295.119), np.float64(26.256))",TP,1.0940755045979742
7,217.0,Birch,25.9,,,0.0,,POINT (545785.525 6449331.98199999),"(np.float64(545785.525), np.float64(6449331.98199999))",,FN,
7,140.0,Spruce,14.05,,,0.0,,POINT (545785.895999999 6449340.97499999),"(np.float64(545785.895999999), np.float64(6449340.97499999))",,FN,
7,260.0,Spruce,11.05,,,0.0,,POINT (545785.956 6449312.49),"(np.float64(545785.956), np.float64(6449312.49))","(np.float64(545786.5681), np.float64(6449312.922), np.float64(24.337999999999994))",TP,0.7491931727261647
7,120.0,Spruce,11.3,,9.3,0.0,,POINT (545786.04 6449370.25),"(np.float64(545786.04), np.float64(6449370.25))",,FN,
7,110.0,Spruce,16.45,,,0.0,,POINT (545786.067 6449357.17399999),"(np.float64(545786.067), np.float64(6449357.17399999))","(np.float64(545785.6661), np.float64(6449356.821), np.float64(17.311000000000007))",TP,0.5341627119687252
7,264.0,Spruce,13.1,,,0.0,,POINT (545786.135 6449308.96399999),"(np.float64(545786.135), np.float64(6449308.96399999))",,FN,
7,118.0,Birch,23.55,,,0.0,Single trunk,POINT (545786.464 6449366.41),"(np.float64(545786.464), np.float64(6449366.41))",,FN,
7,274.0,Birch,25.65,,,0.0,,POINT (545786.577999999 6449304.03199999),"(np.float64(545786.577999999), np.float64(6449304.03199999))",,FN,
7,130.0,Birch,20.45,,,80.0,,POINT (545786.599999999 6449352.19699999),"(np.float64(545786.599999999), np.float64(6449352.19699999))",,FN,
7,117.0,Birch,26.9,,,80.0,Single trunk,POINT (545786.626999999 6449365.945),"(np.float64(545786.626999999), np.float64(6449365.945))","(np.float64(545786.4471), np.float64(6449365.682), np.float64(26.906000000000006))",TP,0.31864244821079973
7,370.0,Spruce,12.55,,,0.0,,POINT (545786.949 6449289.387),"(np.float64(545786.949), np.float64(6449289.387))",,FN,
7,263.0,Spruce,17.85,,,0.0,,POINT (545787.113999999 6449307.406),"(np.float64(545787.113999999), np.float64(6449307.406))","(np.float64(545786.4701), np.float64(6449307.06), np.float64(28.359999999999985))",TP,0.7309741508834878
7,218.0,Spruce,14.3,,,0.0,,POINT (545787.126999999 6449329.881),"(np.float64(545787.126999999), np.float64(6449329.881))",,FN,
7,115.0,Birch,30.7,,,0.0,Two tops,POINT (545787.334 6449359.836),"(np.float64(545787.334), np.float64(6449359.836))","(np.float64(545787.1121), np.float64(6449359.363), np.float64(26.29000000000002))",TP,0.5224639798304896
7,258.0,Birch,33.6,,,0.0,,POINT (545787.361 6449320.87899999),"(np.float64(545787.361), np.float64(6449320.87899999))","(np.float64(545788.4411), np.float64(6449321.08), np.float64(26.826999999999998))",TP,1.098643260540088
7,114.0,Spruce,17.9,,18.4,0.0,,POINT (545787.56 6449359.438),"(np.float64(545787.56), np.float64(6449359.438))",,FN,
7,286.0,Spruce,19.6,,,0.0,,POINT (545787.584 6449293.61),"(np.float64(545787.584), np.float64(6449293.61))","(np.float64(545786.4371), np.float64(6449292.848), np.float64(16.533999999999992))",TP,1.376961731594302
7,219.0,Birch,17.05,,,0.0,,POINT (545787.608 6449329.983),"(np.float64(545787.608), np.float64(6449329.983))",,FN,
7,369.0,Birch,43.2,,28.6,0.0,,POINT (545787.851 6449288.70199999),"(np.float64(545787.851), np.float64(6449288.70199999))",,FN,
7,137.0,Spruce,32.95,99.0,27.1,0.0,,POINT (545788.018 6449343.27599999),"(np.float64(545788.018), np.float64(6449343.27599999))","(np.float64(545787.8181), np.float64(6449342.883), np.float64(26.0))",TP,0.4409183621414737
7,262.0,Birch,37.85,,,0.0,,POINT (545788.062 6449307.358),"(np.float64(545788.062), np.float64(6449307.358))",,FN,
7,143.0,Spruce,11.35,,,0.0,,POINT (545788.094 6449337.08899999),"(np.float64(545788.094), np.float64(6449337.08899999))",,FN,
7,131.0,Aspen,39.95,,30.6,0.0,,POINT (545788.155 6449348.224),"(np.float64(545788.155), np.float64(6449348.224))","(np.float64(545788.9471), np.float64(6449347.34), np.float64(28.587000000000018))",TP,1.1869618405416391
7,139.0,Spruce,17.95,,,0.0,,POINT (545788.261 6449339.81099999),"(np.float64(545788.261), np.float64(6449339.81099999))","(np.float64(545787.7681), np.float64(6449341.408), np.float64(17.10300000000001))",TP,1.6713346283823125
7,116.0,Spruce,12.15,,,0.0,,POINT (545788.321 6449363.14699999),"(np.float64(545788.321), np.float64(6449363.14699999))",,FN,
7,112.0,Birch,36.75,,29.8,0.0,,POINT (545788.457 6449356.24899999),"(np.float64(545788.457), np.float64(6449356.24899999))","(np.float64(545789.9151), np.float64(6449355.066), np.float64(28.045000000000016))",TP,1.877643359644654
7,368.0,Spruce,12.9,,,80.0,,POINT (545788.498 6449288.818),"(np.float64(545788.498), np.float64(6449288.818))","(np.float64(545788.3281), np.float64(6449288.688), np.float64(14.361999999999995))",TP,0.21392991834661804
7,256.0,Spruce,29.7,92.0,26.5,0.0,,POINT (545788.523 6449312.81199999),"(np.float64(545788.523), np.float64(6449312.81199999))","(np.float64(545789.1221), np.float64(6449312.734), np.float64(25.41900000000001))",TP,0.6041562780878463
7,294.0,Spruce,12.15,,,0.0,,POINT (545788.589999999 6449301),"(np.float64(545788.589999999), np.float64(6449301.0))","(np.float64(545788.7301), np.float64(6449301.754), np.float64(24.305999999999983))",TP,0.7669054764876823
7,113.0,Spruce,27.15,,,0.0,,POINT (545788.613 6449358.609),"(np.float64(545788.613), np.float64(6449358.609))","(np.float64(545787.6981), np.float64(6449358.479), np.float64(13.966000000000008))",TP,0.9240898278435428
7,371.0,Birch,28.6,,,0.0,,POINT (545788.831 6449284.569),"(np.float64(545788.831), np.float64(6449284.569))",,FN,
7,376.0,Birch,17.3,,,0.0,,POINT (545789.091 6449278.67399999),"(np.float64(545789.091), np.float64(6449278.67399999))",,FN,
7,293.0,Birch,23.2,,,0.0,,POINT (545789.099999999 6449300.85099999),"(np.float64(545789.099999999), np.float64(6449300.85099999))",,FN,
7,220.0,Spruce,29.1,,,0.0,,POINT (545789.231999999 6449330.02099999),"(np.float64(545789.231999999), np.float64(6449330.02099999))","(np.float64(545790.4371), np.float64(6449329.024), np.float64(24.84699999999998))",TP,1.5640572216975646
7,372.0,Spruce,12.05,,,0.0,,POINT (545789.523 6449283.11899999),"(np.float64(545789.523), np.float64(6449283.11899999))",,FN,
7,373.0,Spruce,20.2,,,0.0,,POINT (545789.577 6449283.126),"(np.float64(545789.577), np.float64(6449283.126))",,FN,
7,138.0,Spruce,30.0,,,0.0,,POINT (545789.685999999 6449339.445),"(np.float64(545789.685999999), np.float64(6449339.445))","(np.float64(545790.3811), np.float64(6449338.664), np.float64(26.180999999999983))",TP,1.0455261890428156
7,377.0,Spruce,23.35,99.0,15.8,0.0,,POINT (545789.743 6449278.75299999),"(np.float64(545789.743), np.float64(6449278.75299999))",,FN,
7,292.0,Spruce,14.65,,,0.0,,POINT (545789.770999999 6449299.32799999),"(np.float64(545789.770999999), np.float64(6449299.32799999))",,FN,
7,378.0,Fir,12.25,,,0.0,,POINT (545789.944 6449276.03899999),"(np.float64(545789.944), np.float64(6449276.03899999))",,FN,
7,129.0,Birch,21.9,,,0.0,,POINT (545789.946 6449352.43499999),"(np.float64(545789.946), np.float64(6449352.43499999))","(np.float64(545791.1071), np.float64(6449351.731), np.float64(26.415999999999997))",TP,1.357854630224807
7,287.0,Spruce,15.55,,,0.0,,POINT (545790.02 6449295.18599999),"(np.float64(545790.02), np.float64(6449295.18599999))",,FN,
7,374.0,Birch,32.0,,,0.0,,POINT (545790.38 6449282.069),"(np.float64(545790.38), np.float64(6449282.069))",,FN,
7,375.0,Birch,24.45,,,70.0,,POINT (545790.440999999 6449281.74799999),"(np.float64(545790.440999999), np.float64(6449281.74799999))","(np.float64(545792.1001), np.float64(6449281.641), np.float64(23.400000000000006))",TP,1.662546784788191
7,261.0,Birch,28.5,,,0.0,,POINT (545790.488999999 6449308.65),"(np.float64(545790.488999999), np.float64(6449308.65))","(np.float64(545791.7391), np.float64(6449307.468), np.float64(14.756))",TP,1.7204284386618212
7,257.0,Aspen,36.0,93.0,27.8,0.0,,POINT (545790.569999999 6449317.49799999),"(np.float64(545790.569999999), np.float64(6449317.49799999))","(np.float64(545791.4281), np.float64(6449317.889), np.float64(27.70999999999998))",TP,0.9429828310188901
7,136.0,Spruce,24.1,,,0.0,,POINT (545790.733 6449343.445),"(np.float64(545790.733), np.float64(6449343.445))",,FN,
7,128.0,Birch,19.85,,,0.0,,POINT (545790.890999999 6449349.279),"(np.float64(545790.890999999), np.float64(6449349.279))",,FN,
7,135.0,Spruce,33.05,,,0.0,,POINT (545791.006999999 6449344.014),"(np.float64(545791.006999999), np.float64(6449344.014))","(np.float64(545792.0151), np.float64(6449344.15), np.float64(28.295000000000016))",TP,1.017232329320939
7,288.0,Birch,21.75,,,80.0,,POINT (545791.104999999 6449295.33999999),"(np.float64(545791.104999999), np.float64(6449295.33999999))",,FN,
7,127.0,Birch,25.9,,,0.0,,POINT (545791.199999999 6449349.33),"(np.float64(545791.199999999), np.float64(6449349.33))","(np.float64(545792.1501), np.float64(6449348.786), np.float64(17.182000000000016))",TP,1.0948177983305927
7,367.0,Spruce,12.15,,,0.0,,POINT (545791.209999999 6449285.70899999),"(np.float64(545791.209999999), np.float64(6449285.70899999))",,FN,
7,291.0,Birch,28.25,,,0.0,,POINT (545791.415999999 6449299.587),"(np.float64(545791.415999999), np.float64(6449299.587))","(np.float64(545791.7701), np.float64(6449298.749), np.float64(22.19399999999999))",TP,0.9097421675502558
7,227.0,Spruce,13.15,,,0.0,,POINT (545791.63 6449336.05999999),"(np.float64(545791.63), np.float64(6449336.05999999))",,FN,
7,379.0,Birch,34.75,,,0.0,,POINT (545791.635 6449276.035),"(np.float64(545791.635), np.float64(6449276.035))",,FN,
7,122.0,Spruce,13.55,,,0.0,,POINT (545792.163999999 6449357.28),"(np.float64(545792.163999999), np.float64(6449357.28))","(np.float64(545792.6431), np.float64(6449356.948), np.float64(13.647999999999996))",TP,0.5828900507540478
7,366.0,Spruce,18.9,,,0.0,,POINT (545792.256999999 6449287.381),"(np.float64(545792.256999999), np.float64(6449287.381))",,FN,
7,255.0,Spruce,17.35,,,0.0,,POINT (545792.346 6449312.03799999),"(np.float64(545792.346), np.float64(6449312.03799999))","(np.float64(545792.7091), np.float64(6449312.188), np.float64(14.674999999999983))",TP,0.392863351403128
7,364.0,Spruce,12.2,,,0.0,,POINT (545792.464999999 6449291.90299999),"(np.float64(545792.464999999), np.float64(6449291.90299999))",,FN,
7,383.0,Birch,21.4,,,0.0,,POINT (545792.508 6449283.297),"(np.float64(545792.508), np.float64(6449283.297))",,FN,
7,365.0,Aspen,40.1,,,0.0,Two tops,POINT (545792.579 6449289.575),"(np.float64(545792.579), np.float64(6449289.575))","(np.float64(545792.5141), np.float64(6449289.684), np.float64(13.444999999999993))",TP,0.12685822810146336
7,222.0,Aspen,38.2,86.0,28.3,0.0,,POINT (545792.991999999 6449331.785),"(np.float64(545792.991999999), np.float64(6449331.785))","(np.float64(545793.0991), np.float64(6449331.833), np.float64(26.585000000000008))",TP,0.11736443309215994
7,228.0,Birch,21.45,,,0.0,,POINT (545793.175 6449339.091),"(np.float64(545793.175), np.float64(6449339.091))","(np.float64(545793.5991), np.float64(6449339.057), np.float64(24.183999999999997))",TP,0.4254607031828601
7,254.0,Birch,20.25,,21.0,0.0,,POINT (545793.476999999 6449317.973),"(np.float64(545793.476999999), np.float64(6449317.973))",,FN,
7,221.0,Spruce,15.05,,,80.0,,POINT (545793.594999999 6449329.836),"(np.float64(545793.594999999), np.float64(6449329.836))",,FN,
7,226.0,Birch,22.5,,,80.0,,POINT (545793.652 6449335.29),"(np.float64(545793.652), np.float64(6449335.29))","(np.float64(545792.0041), np.float64(6449333.401), np.float64(13.594999999999999))",TP,2.506769915962061
7,231.0,Birch,25.4,,,0.0,,POINT (545793.748999999 6449343.08),"(np.float64(545793.748999999), np.float64(6449343.08))",,FN,
7,123.0,Birch,23.65,,,0.0,,POINT (545793.915999999 6449357.433),"(np.float64(545793.915999999), np.float64(6449357.433))","(np.float64(545794.5551), np.float64(6449356.968), np.float64(15.233000000000004))",TP,0.7903630881369985
7,289.0,Spruce,16.05,,,0.0,,POINT (545793.954 6449294.45399999),"(np.float64(545793.954), np.float64(6449294.45399999))",,FN,
7,250.0,Spruce,31.5,,,0.0,,POINT (545794.133999999 6449321.33899999),"(np.float64(545794.133999999), np.float64(6449321.33899999))","(np.float64(545793.4751), np.float64(6449319.723), np.float64(15.025000000000006))",TP,1.7451662318564083
7,382.0,Spruce,20.35,,,0.0,,POINT (545794.341 6449281.513),"(np.float64(545794.341), np.float64(6449281.513))",,FN,
7,384.0,Spruce,13.0,,,0.0,,POINT (545794.795999999 6449283.365),"(np.float64(545794.795999999), np.float64(6449283.365))",,FN,
7,249.0,Spruce,30.4,,,0.0,,POINT (545795.138999999 6449324.46999999),"(np.float64(545795.138999999), np.float64(6449324.46999999))","(np.float64(545795.2551), np.float64(6449324.217), np.float64(27.113))",TP,0.2783670333889859
7,253.0,Spruce,11.85,,9.9,0.0,,POINT (545795.283 6449316.17899999),"(np.float64(545795.283), np.float64(6449316.17899999))",,FN,
7,229.0,Spruce,14.3,,,0.0,,POINT (545795.513999999 6449339.105),"(np.float64(545795.513999999), np.float64(6449339.105))",,FN,
7,230.0,Birch,25.5,,,0.0,,POINT (545795.787999999 6449340.58899999),"(np.float64(545795.787999999), np.float64(6449340.58899999))",,FN,
7,363.0,Aspen,38.4,,26.4,0.0,,POINT (545795.809 6449289.10099999),"(np.float64(545795.809), np.float64(6449289.10099999))",,FN,
7,252.0,Birch,19.0,,,0.0,,POINT (545795.873 6449316.211),"(np.float64(545795.873), np.float64(6449316.211))",,FN,
7,251.0,Birch,17.85,,,0.0,,POINT (545795.959999999 6449316.57699999),"(np.float64(545795.959999999), np.float64(6449316.57699999))","(np.float64(545792.6931), np.float64(6449317.79), np.float64(15.857))",TP,3.4848249062401058
7,295.0,Aspen,21.9,,23.8,0.0,,POINT (545795.988 6449300.523),"(np.float64(545795.988), np.float64(6449300.523))","(np.float64(545795.3921), np.float64(6449300.413), np.float64(24.019000000000005))",TP,0.605967664171973
7,124.0,Birch,26.0,,,0.0,,POINT (545796.214999999 6449354.773),"(np.float64(545796.214999999), np.float64(6449354.773))","(np.float64(545796.8851), np.float64(6449353.875), np.float64(26.262))",TP,1.1204633020822097
7,290.0,Spruce,24.75,,,0.0,,POINT (545796.280999999 6449297.188),"(np.float64(545796.280999999), np.float64(6449297.188))","(np.float64(545796.7341), np.float64(6449297.01), np.float64(23.74000000000001))",TP,0.48680962499851826
7,380.0,Spruce,27.35,,,0.0,,POINT (545796.348 6449279.82),"(np.float64(545796.348), np.float64(6449279.82))","(np.float64(545796.2701), np.float64(6449279.475), np.float64(22.704000000000008))",TP,0.3536854682734613
7,248.0,Spruce,24.8,,,0.0,,POINT (545796.471 6449326.848),"(np.float64(545796.471), np.float64(6449326.848))",,FN,
7,223.0,Spruce,24.5,,,0.0,,POINT (545796.520999999 6449330.96),"(np.float64(545796.520999999), np.float64(6449330.96))",,FN,
7,224.0,Birch,17.7,,,0.0,,POINT (545796.696 6449333.603),"(np.float64(545796.696), np.float64(6449333.603))","(np.float64(545795.8771), np.float64(6449333.06), np.float64(17.647999999999996))",TP,0.9825712241361203
7,381.0,Alder,20.1,,,0.0,,POINT (545797.141999999 6449280.133),"(np.float64(545797.141999999), np.float64(6449280.133))",,FN,
7,361.0,Spruce,25.55,,,0.0,,POINT (545797.354999999 6449291.769),"(np.float64(545797.354999999), np.float64(6449291.769))",,FN,
7,362.0,Spruce,14.65,,,0.0,,POINT (545797.846 6449287.035),"(np.float64(545797.846), np.float64(6449287.035))",,FN,
7,126.0,Birch,30.3,,,0.0,Single trunk,POINT (545798.488999999 6449348.746),"(np.float64(545798.488999999), np.float64(6449348.746))","(np.float64(545797.8841), np.float64(6449347.681), np.float64(26.783000000000015))",TP,1.224797538227205
7,225.0,Birch,16.5,,,0.0,,POINT (545798.576 6449334.50899999),"(np.float64(545798.576), np.float64(6449334.50899999))",,FN,
7,235.0,Birch,19.05,,,0.0,,POINT (545798.618999999 6449344.43699999),"(np.float64(545798.618999999), np.float64(6449344.43699999))","(np.float64(545797.3921), np.float64(6449344.83), np.float64(16.057999999999993))",TP,1.2883061032323555
7,300.0,Aspen,43.55,,28.5,0.0,,POINT (545798.751 6449306.74799999),"(np.float64(545798.751), np.float64(6449306.74799999))","(np.float64(545799.4521), np.float64(6449306.0), np.float64(26.096000000000004))",TP,1.0252049529256746
7,236.0,Birch,26.4,,,0.0,,POINT (545798.761 6449345.183),"(np.float64(545798.761), np.float64(6449345.183))",,FN,
7,234.0,Birch,28.55,,,0.0,,POINT (545798.822 6449341.58899999),"(np.float64(545798.822), np.float64(6449341.58899999))",,FN,
7,125.0,Birch,24.6,,,0.0,Single trunk,POINT (545798.910999999 6449349.461),"(np.float64(545798.910999999), np.float64(6449349.461))",,FN,
7,246.0,Birch,25.0,,27.5,0.0,,POINT (545798.939999999 6449331.041),"(np.float64(545798.939999999), np.float64(6449331.041))","(np.float64(545798.2451), np.float64(6449330.424), np.float64(25.287000000000006))",TP,0.9292873664206952
7,237.0,Spruce,10.1,,,0.0,,POINT (545799.336 6449346.321),"(np.float64(545799.336), np.float64(6449346.321))",,FN,
7,238.0,Birch,28.1,,,0.0,,POINT (545799.341999999 6449346.64099999),"(np.float64(545799.341999999), np.float64(6449346.64099999))",,FN,
7,233.0,Fir,12.8,,,0.0,,POINT (545799.65 6449341.324),"(np.float64(545799.65), np.float64(6449341.324))","(np.float64(545800.0651), np.float64(6449341.947), np.float64(17.962999999999994))",TP,0.7486234097181813
7,302.0,Aspen,48.05,,29.4,0.0,,POINT (545799.832 6449313.54999999),"(np.float64(545799.832), np.float64(6449313.54999999))","(np.float64(545799.8851), np.float64(6449313.438), np.float64(27.774))",TP,0.12395002071324543
7,245.0,Birch,36.85,,,0.0,Two trunks,POINT (545800.035999999 6449331.99),"(np.float64(545800.035999999), np.float64(6449331.99))",,FN,
7,296.0,Birch,31.15,,26.4,0.0,,POINT (545800.31 6449298.48699999),"(np.float64(545800.31), np.float64(6449298.48699999))","(np.float64(545799.7491), np.float64(6449299.436), np.float64(26.39500000000001))",TP,1.1023655599501776
7,232.0,Birch,14.4,,,0.0,,POINT (545800.412 6449339.031),"(np.float64(545800.412), np.float64(6449339.031))","(np.float64(545801.2421), np.float64(6449339.998), np.float64(25.929000000000002))",TP,1.2744234023979597
7,247.0,Aspen,43.15,,27.4,0.0,,POINT (545800.572999999 6449324.189),"(np.float64(545800.572999999), np.float64(6449324.189))","(np.float64(545800.1141), np.float64(6449324.812), np.float64(27.042))",TP,0.7737688341540006
7,358.0,Birch,28.85,,,0.0,,POINT (545801.268999999 6449294.268),"(np.float64(545801.268999999), np.float64(6449294.268))","(np.float64(545800.6191), np.float64(6449294.119), np.float64(26.189999999999998))",TP,0.6667615831765248
7,297.0,Spruce,16.9,,,0.0,,POINT (545801.275999999 6449299.347),"(np.float64(545801.275999999), np.float64(6449299.347))","(np.float64(545802.2741), np.float64(6449299.455), np.float64(15.278999999999996))",TP,1.0039260988883347
7,360.0,Birch,29.7,,,0.0,Two tops,POINT (545801.721999999 6449287.614),"(np.float64(545801.721999999), np.float64(6449287.614))","(np.float64(545802.0721), np.float64(6449287.158), np.float64(14.603000000000009))",TP,0.5748965219040116
7,298.0,Spruce,11.45,,,0.0,,POINT (545801.783 6449300.877),"(np.float64(545801.783), np.float64(6449300.877))",,FN,
7,304.0,Birch,24.25,,,0.0,,POINT (545802.427 6449318.32699999),"(np.float64(545802.427), np.float64(6449318.32699999))","(np.float64(545800.2591), np.float64(6449316.137), np.float64(19.351))",TP,3.081540258851949
7,385.0,Birch,36.75,,,0.0,,POINT (545802.469999999 6449283.97099999),"(np.float64(545802.469999999), np.float64(6449283.97099999))",,FN,
7,301.0,Spruce,17.9,,,0.0,,POINT (545802.780999999 6449308.36199999),"(np.float64(545802.780999999), np.float64(6449308.36199999))",,FN,
7,359.0,Birch,28.65,,26.5,0.0,,POINT (545803.204 6449290.86299999),"(np.float64(545803.204), np.float64(6449290.86299999))","(np.float64(545802.6951), np.float64(6449290.767), np.float64(24.518))",TP,0.5178756685054781
7,240.0,Birch,26.0,,,0.0,,POINT (545803.212 6449340.62399999),"(np.float64(545803.212), np.float64(6449340.62399999))",,FN,
7,386.0,Spruce,22.1,,,0.0,,POINT (545803.302 6449283.477),"(np.float64(545803.302), np.float64(6449283.477))",,FN,
7,239.0,Birch,24.8,,,0.0,,POINT (545803.359999999 6449340.86799999),"(np.float64(545803.359999999), np.float64(6449340.86799999))",,FN,
7,244.0,Birch,14.6,,,70.0,,POINT (545803.598 6449327.04899999),"(np.float64(545803.598), np.float64(6449327.04899999))",,FN,
7,387.0,Birch,17.65,,,0.0,,POINT (545803.611999999 6449283.27199999),"(np.float64(545803.611999999), np.float64(6449283.27199999))",,FN,
7,303.0,Spruce,18.85,,,0.0,,POINT (545803.62 6449316.798),"(np.float64(545803.62), np.float64(6449316.798))",,FN,
7,243.0,Birch,16.2,,,80.0,,POINT (545803.755 6449326.91399999),"(np.float64(545803.755), np.float64(6449326.91399999))",,FN,
7,356.0,Birch,33.1,,,0.0,,POINT (545803.876999999 6449295.321),"(np.float64(545803.876999999), np.float64(6449295.321))",,FN,
7,299.0,Aspen,46.55,,,70.0,,POINT (545803.959999999 6449303.518),"(np.float64(545803.959999999), np.float64(6449303.518))",,FN,
7,242.0,Birch,18.05,,,80.0,,POINT (545804.094 6449327.621),"(np.float64(545804.094), np.float64(6449327.621))",,FN,
7,388.0,Spruce,15.25,,,0.0,,POINT (545804.194999999 6449284.597),"(np.float64(545804.194999999), np.float64(6449284.597))",,FN,
7,353.0,Spruce,11.05,,,0.0,,POINT (545804.255 6449298.102),"(np.float64(545804.255), np.float64(6449298.102))","(np.float64(545804.1731), np.float64(6449298.317), np.float64(27.574000000000012))",TP,0.2300708802397817
7,355.0,Birch,36.45,,,0.0,,POINT (545804.481999999 6449295.585),"(np.float64(545804.481999999), np.float64(6449295.585))",,FN,
7,357.0,Spruce,13.9,,,0.0,,POINT (545804.565999999 6449292.25899999),"(np.float64(545804.565999999), np.float64(6449292.25899999))","(np.float64(545802.7561), np.float64(6449292.931), np.float64(14.169000000000011))",TP,1.9306273641071223
7,389.0,Birch,26.25,,,0.0,,POINT (545804.827 6449284.849),"(np.float64(545804.827), np.float64(6449284.849))","(np.float64(545804.4451), np.float64(6449285.036), np.float64(13.864000000000004))",TP,0.425225363774758
7,354.0,Spruce,13.2,,,0.0,,POINT (545805.246999999 6449296.127),"(np.float64(545805.246999999), np.float64(6449296.127))",,FN,
7,241.0,Birch,23.7,,,0.0,,POINT (545805.680999999 6449339.201),"(np.float64(545805.680999999), np.float64(6449339.201))","(np.float64(545806.4301), np.float64(6449338.806), np.float64(23.783999999999992))",TP,0.8468623334409536
7,308.0,Birch,20.6,,,0.0,,POINT (545805.805999999 6449325.535),"(np.float64(545805.805999999), np.float64(6449325.535))","(np.float64(545806.7461), np.float64(6449325.779), np.float64(24.905))",TP,0.9712486868660002
7,390.0,Birch,22.55,,,0.0,,POINT (545805.966 6449288.165),"(np.float64(545805.966), np.float64(6449288.165))","(np.float64(545804.0931), np.float64(6449289.389), np.float64(16.378000000000014))",TP,2.2373936646936046
7,313.0,Birch,36.25,,,0.0,,POINT (545805.998 6449307.04499999),"(np.float64(545805.998), np.float64(6449307.04499999))",,FN,
7,306.0,Spruce,16.35,,,0.0,,POINT (545806.903 6449320.824),"(np.float64(545806.903), np.float64(6449320.824))","(np.float64(545806.0801), np.float64(6449320.81), np.float64(25.068000000000012))",TP,0.8230190824389773
7,315.0,Spruce,16.2,,,0.0,,POINT (545807.332 6449311.355),"(np.float64(545807.332), np.float64(6449311.355))",,FN,
7,312.0,Spruce,18.05,,,0.0,,POINT (545807.332999999 6449306.02599999),"(np.float64(545807.332999999), np.float64(6449306.02599999))","(np.float64(545807.2461), np.float64(6449307.049), np.float64(25.825000000000017))",TP,1.0266842888559038
7,307.0,Birch,29.05,,,0.0,,POINT (545807.337 6449322.41999999),"(np.float64(545807.337), np.float64(6449322.41999999))",,FN,
7,305.0,Spruce,23.65,71.0,21.0,0.0,,POINT (545807.675 6449320.34499999),"(np.float64(545807.675), np.float64(6449320.34499999))",,FN,
7,309.0,Birch,22.05,,,0.0,,POINT (545808.103 6449325.27099999),"(np.float64(545808.103), np.float64(6449325.27099999))",,FN,
7,393.0,Spruce,24.75,,,0.0,,POINT (545808.185999999 6449290.155),"(np.float64(545808.185999999), np.float64(6449290.155))","(np.float64(545808.8531), np.float64(6449290.49), np.float64(24.739000000000004))",TP,0.7464900609970714
7,352.0,Spruce,21.15,,,0.0,,POINT (545808.212999999 6449298.354),"(np.float64(545808.212999999), np.float64(6449298.354))",,FN,
7,392.0,Spruce,12.7,,,0.0,,POINT (545809.104999999 6449288.86299999),"(np.float64(545809.104999999), np.float64(6449288.86299999))",,FN,
7,391.0,Birch,21.05,,,0.0,,POINT (545809.981999999 6449287.234),"(np.float64(545809.981999999), np.float64(6449287.234))",,FN,
7,316.0,Aspen,25.55,,,70.0,,POINT (545810.160999999 6449313.24),"(np.float64(545810.160999999), np.float64(6449313.24))",,FN,
7,314.0,Spruce,14.4,,,0.0,,POINT (545810.243999999 6449309.10699999),"(np.float64(545810.243999999), np.float64(6449309.10699999))","(np.float64(545810.2781), np.float64(6449308.795), np.float64(15.155000000000001))",TP,0.31385793541514095
7,347.0,Birch,17.6,,,0.0,,POINT (545810.295999999 6449301.81199999),"(np.float64(545810.295999999), np.float64(6449301.81199999))","(np.float64(545810.3031), np.float64(6449302.455), np.float64(14.11699999999999))",TP,0.6430392082832744
7,394.0,Spruce,11.05,,,0.0,,POINT (545810.623999999 6449289.575),"(np.float64(545810.623999999), np.float64(6449289.575))",,FN,
7,351.0,Spruce,18.3,,,0.0,,POINT (545810.675999999 6449296.25499999),"(np.float64(545810.675999999), np.float64(6449296.25499999))",,FN,
7,349.0,Birch,26.25,,,0.0,,POINT (545810.802999999 6449297.87299999),"(np.float64(545810.802999999), np.float64(6449297.87299999))","(np.float64(545810.7571), np.float64(6449297.841), np.float64(26.39500000000001))",TP,0.05595363516577693
7,350.0,Birch,31.5,,,0.0,,POINT (545810.849999999 6449297.326),"(np.float64(545810.849999999), np.float64(6449297.326))",,FN,
7,317.0,Aspen,34.0,,26.8,0.0,,POINT (545811.160999999 6449314.25899999),"(np.float64(545811.160999999), np.float64(6449314.25899999))","(np.float64(545813.1191), np.float64(6449314.004), np.float64(25.482))",TP,1.9746342975409534
7,318.0,Spruce,15.45,,14.2,0.0,,POINT (545811.743999999 6449312.149),"(np.float64(545811.743999999), np.float64(6449312.149))",,FN,
7,310.0,Spruce,18.45,,,0.0,,POINT (545811.935999999 6449327.131),"(np.float64(545811.935999999), np.float64(6449327.131))","(np.float64(545811.9201), np.float64(6449330.757), np.float64(21.25399999999999))",TP,3.62603486072032
7,395.0,Spruce,11.15,,,0.0,,POINT (545811.962 6449289.059),"(np.float64(545811.962), np.float64(6449289.059))",,FN,
7,348.0,Birch,21.0,,,0.0,,POINT (545812.190999999 6449296.348),"(np.float64(545812.190999999), np.float64(6449296.348))","(np.float64(545811.9471), np.float64(6449295.397), np.float64(15.262999999999977))",TP,0.9817780860029351
7,398.0,Spruce,14.7,,,0.0,,POINT (545812.446 6449291.519),"(np.float64(545812.446), np.float64(6449291.519))",,FN,
7,396.0,Birch,12.4,,,0.0,,POINT (545812.527 6449290.693),"(np.float64(545812.527), np.float64(6449290.693))",,FN,
7,399.0,Birch,23.1,,,0.0,,POINT (545812.535 6449294.54999999),"(np.float64(545812.535), np.float64(6449294.54999999))","(np.float64(545812.3941), np.float64(6449293.788), np.float64(25.185000000000002))",TP,0.7749172823894522
7,397.0,Birch,13.9,,,0.0,,POINT (545812.729999999 6449291.131),"(np.float64(545812.729999999), np.float64(6449291.131))",,FN,
7,319.0,Birch,19.0,,,0.0,,POINT (545812.8 6449308.80499999),"(np.float64(545812.8), np.float64(6449308.80499999))","(np.float64(545813.2241), np.float64(6449309.087), np.float64(14.40300000000002))",TP,0.509298356112107
7,343.0,Aspen,27.65,,,80.0,,POINT (545812.826 6449305.93699999),"(np.float64(545812.826), np.float64(6449305.93699999))",,FN,
7,346.0,Spruce,16.4,,,0.0,,POINT (545813.315999999 6449303.512),"(np.float64(545813.315999999), np.float64(6449303.512))","(np.float64(545812.8101), np.float64(6449304.086), np.float64(17.175999999999988))",TP,0.7651214341231252
7,345.0,Birch,25.0,,,80.0,,POINT (545813.743 6449303.677),"(np.float64(545813.743), np.float64(6449303.677))",,FN,
7,400.0,Spruce,14.0,,,0.0,,POINT (545814.136 6449291.28299999),"(np.float64(545814.136), np.float64(6449291.28299999))",,FN,
7,342.0,Spruce,19.25,,,0.0,,POINT (545814.224 6449306.93499999),"(np.float64(545814.224), np.float64(6449306.93499999))","(np.float64(545814.4221), np.float64(6449306.521), np.float64(25.979000000000013))",TP,0.4589549020902076
7,320.0,Birch,23.15,,,0.0,,POINT (545814.724 6449311.876),"(np.float64(545814.724), np.float64(6449311.876))",,FN,
7,401.0,Birch,23.75,,,0.0,,POINT (545814.733 6449290.769),"(np.float64(545814.733), np.float64(6449290.769))",,FN,
7,311.0,Spruce,19.45,72.0,21.0,0.0,,POINT (545814.778 6449326.77199999),"(np.float64(545814.778), np.float64(6449326.77199999))",,FN,
7,344.0,Aspen,33.4,,,0.0,Bended,POINT (545814.954999999 6449303.15099999),"(np.float64(545814.954999999), np.float64(6449303.15099999))","(np.float64(545815.1321), np.float64(6449301.914), np.float64(14.899000000000001))",TP,1.2496132948462824
7,403.0,Spruce,11.8,,,0.0,,POINT (545816.202999999 6449293.769),"(np.float64(545816.202999999), np.float64(6449293.769))",,FN,
7,321.0,Spruce,13.65,,,0.0,,POINT (545816.616 6449313.582),"(np.float64(545816.616), np.float64(6449313.582))","(np.float64(545816.7481), np.float64(6449313.536), np.float64(25.29600000000002))",TP,0.13987998423531817
7,341.0,Spruce,24.0,,,0.0,,POINT (545816.648 6449305.75399999),"(np.float64(545816.648), np.float64(6449305.75399999))","(np.float64(545816.7581), np.float64(6449305.57), np.float64(17.066000000000003))",TP,0.21442482679663233
7,323.0,Aspen,27.05,,26.7,0.0,,POINT (545817.027 6449314.81199999),"(np.float64(545817.027), np.float64(6449314.81199999))",,FN,
7,322.0,Spruce,11.25,,,80.0,,POINT (545817.216 6449314.38499999),"(np.float64(545817.216), np.float64(6449314.38499999))","(np.float64(545816.7831), np.float64(6449314.304), np.float64(16.227000000000004))",TP,0.44041277063942974
7,402.0,Birch,28.05,,,0.0,,POINT (545817.275 6449292.143),"(np.float64(545817.275), np.float64(6449292.143))",,FN,
7,324.0,Aspen,22.05,,,80.0,,POINT (545817.371 6449315.32199999),"(np.float64(545817.371), np.float64(6449315.32199999))",,FN,
7,340.0,Aspen,39.4,,30.3,0.0,,POINT (545817.403 6449306.741),"(np.float64(545817.403), np.float64(6449306.741))",,FN,
7,405.0,Spruce,15.55,,,0.0,,POINT (545817.772 6449298.529),"(np.float64(545817.772), np.float64(6449298.529))",,FN,
7,404.0,Birch,24.05,,,0.0,,POINT (545818.261999999 6449296.133),"(np.float64(545818.261999999), np.float64(6449296.133))","(np.float64(545819.3551), np.float64(6449296.359), np.float64(24.72399999999999))",TP,1.1162184428081934
7,330.0,Spruce,24.6,,,0.0,,POINT (545818.555999999 6449310.405),"(np.float64(545818.555999999), np.float64(6449310.405))","(np.float64(545817.6101), np.float64(6449309.453), np.float64(26.450999999999993))",TP,1.3420248913827197
7,329.0,Fir,14.5,,,0.0,,POINT (545819.574999999 6449312.997),"(np.float64(545819.574999999), np.float64(6449312.997))",,FN,
7,339.0,Fir,14.35,,,0.0,,POINT (545819.667 6449305.824),"(np.float64(545819.667), np.float64(6449305.824))",,FN,
7,338.0,Aspen,32.05,,,80.0,,POINT (545820.5 6449304.167),"(np.float64(545820.5), np.float64(6449304.167))",,FN,
7,325.0,Spruce,15.4,,,0.0,,POINT (545820.679 6449315.639),"(np.float64(545820.679), np.float64(6449315.639))",,FN,
7,326.0,Aspen,33.45,,,0.0,Two tops,POINT (545820.709999999 6449315.029),"(np.float64(545820.709999999), np.float64(6449315.029))",,FN,
7,331.0,Fir,18.7,,,0.0,,POINT (545820.748999999 6449309.08),"(np.float64(545820.748999999), np.float64(6449309.08))",,FN,
7,337.0,Aspen,32.9,,,80.0,,POINT (545820.930999999 6449304.399),"(np.float64(545820.930999999), np.float64(6449304.399))","(np.float64(545821.8161), np.float64(6449305.199), np.float64(25.03800000000001))",TP,1.193064127144278
7,327.0,Birch,24.45,,,0.0,,POINT (545820.939999999 6449313.315),"(np.float64(545820.939999999), np.float64(6449313.315))",,FN,
7,406.0,Spruce,13.0,,,0.0,,POINT (545822.317 6449301.892),"(np.float64(545822.317), np.float64(6449301.892))",,FN,
7,328.0,Aspen,30.45,,,80.0,,POINT (545822.525999999 6449313.03),"(np.float64(545822.525999999), np.float64(6449313.03))",,FN,
7,336.0,Fir,14.15,,,0.0,,POINT (545823.069 6449306.273),"(np.float64(545823.069), np.float64(6449306.273))",,FN,
7,333.0,Birch,22.15,,,0.0,,POINT (545823.79 6449308.444),"(np.float64(545823.79), np.float64(6449308.444))",,FN,
7,332.0,Birch,27.6,,,0.0,,POINT (545824.155999999 6449310.48099999),"(np.float64(545824.155999999), np.float64(6449310.48099999))",,FN,
7,335.0,Spruce,14.6,,,0.0,,POINT (545825.163999999 6449306.13499999),"(np.float64(545825.163999999), np.float64(6449306.13499999))",,FN,
7,334.0,Fir,12.2,,,0.0,,POINT (545825.319 6449308.088),"(np.float64(545825.319), np.float64(6449308.088))",,FN,
7,407.0,Aspen,42.7,,,0.0,,POINT (545828.17 6449301.20299999),"(np.float64(545828.17), np.float64(6449301.20299999))","(np.float64(545828.5391), np.float64(6449300.524), np.float64(27.13299999999998))",TP,0.7728362030426017
7,408.0,Spruce,12.7,,,0.0,,POINT (545829.812999999 6449301.092),"(np.float64(545829.812999999), np.float64(6449301.092))",,FN,
7,,,,,,,,,,"(np.float64(545813.6861), np.float64(6449307.243), np.float64(18.111999999999995))",FP,
7,,,,,,,,,,"(np.float64(545788.3301), np.float64(6449288.159), np.float64(26.779000000000025))",FP,
7,,,,,,,,,,"(np.float64(545778.5081), np.float64(6449339.721), np.float64(27.022999999999996))",FP,
7,,,,,,,,,,"(np.float64(545801.0001), np.float64(6449287.926), np.float64(25.25399999999999))",FP,
7,,,,,,,,,,"(np.float64(545783.9071), np.float64(6449359.743), np.float64(13.490000000000009))",FP,
7,,,,,,,,,,"(np.float64(545813.2001), np.float64(6449302.718), np.float64(14.163999999999987))",FP,
7,,,,,,,,,,"(np.float64(545763.8901), np.float64(6449364.8), np.float64(25.589))",FP,
7,,,,,,,,,,"(np.float64(545771.9641), np.float64(6449312.471), np.float64(16.736999999999995))",FP,
7,,,,,,,,,,"(np.float64(545772.3331), np.float64(6449368.535), np.float64(27.947000000000003))",FP,
7,,,,,,,,,,"(np.float64(545784.3841), np.float64(6449354.865), np.float64(28.682999999999993))",FP,
7,,,,,,,,,,"(np.float64(545757.7881), np.float64(6449350.753), np.float64(16.466000000000008))",FP,
7,,,,,,,,,,"(np.float64(545747.3411), np.float64(6449348.606), np.float64(26.24200000000002))",FP,
7,,,,,,,,,,"(np.float64(545758.8781), np.float64(6449328.743), np.float64(23.557999999999993))",FP,
7,,,,,,,,,,"(np.float64(545757.7151), np.float64(6449345.889), np.float64(27.76400000000001))",FP,
7,,,,,,,,,,"(np.float64(545767.8161), np.float64(6449361.465), np.float64(27.614000000000004))",FP,
7,,,,,,,,,,"(np.float64(545772.3271), np.float64(6449351.936), np.float64(26.715000000000003))",FP,
7,,,,,,,,,,"(np.float64(545816.9391), np.float64(6449307.015), np.float64(26.524))",FP,
7,,,,,,,,,,"(np.float64(545783.7161), np.float64(6449344.214), np.float64(26.19999999999999))",FP,
7,,,,,,,,,,"(np.float64(545772.7421), np.float64(6449366.049), np.float64(27.63300000000001))",FP,
7,,,,,,,,,,"(np.float64(545761.2981), np.float64(6449354.214), np.float64(17.294999999999987))",FP,
7,,,,,,,,,,"(np.float64(545784.7381), np.float64(6449338.47), np.float64(15.572999999999979))",FP,
7,,,,,,,,,,"(np.float64(545773.1901), np.float64(6449366.172), np.float64(14.187000000000012))",FP,
7,,,,,,,,,,"(np.float64(545804.2741), np.float64(6449339.358), np.float64(23.340000000000003))",FP,
7,,,,,,,,,,"(np.float64(545774.9091), np.float64(6449375.444), np.float64(17.774999999999977))",FP,
7,,,,,,,,,,"(np.float64(545789.0331), np.float64(6449293.391), np.float64(13.679999999999978))",FP,
7,,,,,,,,,,"(np.float64(545775.9581), np.float64(6449326.046), np.float64(27.28200000000001))",FP,
7,,,,,,,,,,"(np.float64(545782.5141), np.float64(6449337.227), np.float64(18.539999999999992))",FP,
7,,,,,,,,,,"(np.float64(545783.3371), np.float64(6449341.553), np.float64(26.054000000000002))",FP,
7,,,,,,,,,,"(np.float64(545811.7021), np.float64(6449304.782), np.float64(25.514999999999986))",FP,
7,,,,,,,,,,"(np.float64(545806.4231), np.float64(6449285.074), np.float64(25.569000000000017))",FP,
7,,,,,,,,,,"(np.float64(545757.0091), np.float64(6449362.711), np.float64(26.186000000000007))",FP,
7,,,,,,,,,,"(np.float64(545794.0681), np.float64(6449290.399), np.float64(27.134000000000015))",FP,
7,,,,,,,,,,"(np.float64(545775.7591), np.float64(6449364.039), np.float64(26.494))",FP,
7,,,,,,,,,,"(np.float64(545768.6761), np.float64(6449319.358), np.float64(17.04400000000001))",FP,
7,,,,,,,,,,"(np.float64(545762.7971), np.float64(6449351.204), np.float64(27.927999999999997))",FP,
7,,,,,,,,,,"(np.float64(545761.6681), np.float64(6449364.135), np.float64(16.807000000000016))",FP,
7,,,,,,,,,,"(np.float64(545805.3351), np.float64(6449321.881), np.float64(17.21599999999998))",FP,
7,,,,,,,,,,"(np.float64(545744.8981), np.float64(6449350.23), np.float64(15.748999999999995))",FP,
7,,,,,,,,,,"(np.float64(545791.8331), np.float64(6449352.148), np.float64(15.712000000000018))",FP,
7,,,,,,,,,,"(np.float64(545782.1471), np.float64(6449292.5), np.float64(27.444999999999993))",FP,
7,,,,,,,,,,"(np.float64(545758.6001), np.float64(6449338.841), np.float64(28.580000000000013))",FP,
7,,,,,,,,,,"(np.float64(545767.9591), np.float64(6449347.4), np.float64(23.96199999999999))",FP,
7,,,,,,,,,,"(np.float64(545816.5821), np.float64(6449301.855), np.float64(13.465000000000003))",FP,
7,,,,,,,,,,"(np.float64(545786.3861), np.float64(6449369.157), np.float64(25.885999999999996))",FP,
7,,,,,,,,,,"(np.float64(545791.0211), np.float64(6449354.281), np.float64(14.044999999999987))",FP,
7,,,,,,,,,,"(np.float64(545768.8551), np.float64(6449370.41), np.float64(14.77600000000001))",FP,
7,,,,,,,,,,"(np.float64(545777.4671), np.float64(6449305.706), np.float64(27.551000000000016))",FP,
7,,,,,,,,,,"(np.float64(545797.6051), np.float64(6449338.425), np.float64(25.226))",FP,
7,,,,,,,,,,"(np.float64(545757.9751), np.float64(6449359.294), np.float64(14.002999999999986))",FP,
7,,,,,,,,,,"(np.float64(545792.0981), np.float64(6449345.954), np.float64(15.087999999999994))",FP,
7,,,,,,,,,,"(np.float64(545788.9011), np.float64(6449348.241), np.float64(15.557000000000016))",FP,
7,,,,,,,,,,"(np.float64(545815.7341), np.float64(6449301.044), np.float64(26.025999999999982))",FP,
7,,,,,,,,,,"(np.float64(545788.6741), np.float64(6449349.812), np.float64(27.486999999999995))",FP,
7,,,,,,,,,,"(np.float64(545774.8401), np.float64(6449346.302), np.float64(16.14100000000002))",FP,
7,,,,,,,,,,"(np.float64(545820.0671), np.float64(6449294.697), np.float64(13.625))",FP,
7,,,,,,,,,,"(np.float64(545783.2561), np.float64(6449312.348), np.float64(25.942999999999984))",FP,
7,,,,,,,,,,"(np.float64(545776.5061), np.float64(6449315.465), np.float64(27.27600000000001))",FP,
7,,,,,,,,,,"(np.float64(545755.1201), np.float64(6449359.607), np.float64(17.716000000000008))",FP,
7,,,,,,,,,,"(np.float64(545803.7021), np.float64(6449289.347), np.float64(14.073000000000008))",FP,
7,,,,,,,,,,"(np.float64(545765.9041), np.float64(6449316.543), np.float64(27.656000000000006))",FP,
7,,,,,,,,,,"(np.float64(545776.0801), np.float64(6449367.636), np.float64(25.217000000000013))",FP,
7,,,,,,,,,,"(np.float64(545819.0651), np.float64(6449301.941), np.float64(24.973000000000013))",FP,
7,,,,,,,,,,"(np.float64(545775.7391), np.float64(6449341.735), np.float64(18.740999999999985))",FP,
7,,,,,,,,,,"(np.float64(545818.5141), np.float64(6449301.189), np.float64(13.719999999999999))",FP,
7,,,,,,,,,,"(np.float64(545783.7151), np.float64(6449310.866), np.float64(14.822000000000003))",FP,
7,,,,,,,,,,"(np.float64(545760.7541), np.float64(6449370.252), np.float64(15.381))",FP,
7,,,,,,,,,,"(np.float64(545781.4381), np.float64(6449336.048), np.float64(15.008999999999986))",FP,
7,,,,,,,,,,"(np.float64(545775.8621), np.float64(6449366.484), np.float64(15.081999999999994))",FP,
7,,,,,,,,,,"(np.float64(545785.2281), np.float64(6449363.334), np.float64(14.688000000000017))",FP,
7,,,,,,,,,,"(np.float64(545799.6101), np.float64(6449281.864), np.float64(14.385999999999996))",FP,
7,,,,,,,,,,"(np.float64(545749.7981), np.float64(6449339.201), np.float64(13.5))",FP,
7,,,,,,,,,,"(np.float64(545787.2621), np.float64(6449325.243), np.float64(14.573000000000008))",FP,
7,,,,,,,,,,"(np.float64(545802.4621), np.float64(6449345.807), np.float64(18.61100000000002))",FP,
7,,,,,,,,,,"(np.float64(545787.1441), np.float64(6449317.718), np.float64(17.977000000000004))",FP,
7,,,,,,,,,,"(np.float64(545795.3231), np.float64(6449348.482), np.float64(25.400000000000006))",FP,
7,,,,,,,,,,"(np.float64(545761.9721), np.float64(6449368.499), np.float64(14.441999999999979))",FP,
7,,,,,,,,,,"(np.float64(545783.8611), np.float64(6449298.161), np.float64(17.38300000000001))",FP,
7,,,,,,,,,,"(np.float64(545823.5281), np.float64(6449298.496), np.float64(17.025000000000006))",FP,
7,,,,,,,,,,"(np.float64(545764.8481), np.float64(6449339.477), np.float64(24.173000000000002))",FP,
7,,,,,,,,,,"(np.float64(545821.7721), np.float64(6449297.772), np.float64(24.600000000000023))",FP,
7,,,,,,,,,,"(np.float64(545800.8101), np.float64(6449324.294), np.float64(14.050999999999988))",FP,
7,,,,,,,,,,"(np.float64(545778.6121), np.float64(6449377.518), np.float64(15.673000000000002))",FP,
7,,,,,,,,,,"(np.float64(545782.8451), np.float64(6449289.814), np.float64(17.13300000000001))",FP,
7,,,,,,,,,,"(np.float64(545774.9341), np.float64(6449362.453), np.float64(13.695999999999998))",FP,
7,,,,,,,,,,"(np.float64(545798.7911), np.float64(6449306.286), np.float64(14.555999999999983))",FP,
7,,,,,,,,,,"(np.float64(545798.8541), np.float64(6449306.121), np.float64(17.218999999999994))",FP,
7,,,,,,,,,,"(np.float64(545794.4531), np.float64(6449306.417), np.float64(19.233000000000004))",FP,
7,,,,,,,,,,"(np.float64(545816.9831), np.float64(6449320.607), np.float64(20.185000000000002))",FP,
8,309.0,Alder,11.5,,,0.0,,POINT (545710.109 6449116.899),"(np.float64(545710.109), np.float64(6449116.899))",,FN,
8,308.0,Alder,26.75,,,0.0,,POINT (545711.935 6449113.96499999),"(np.float64(545711.935), np.float64(6449113.96499999))",,FN,
8,310.0,Spruce,34.7,,,0.0,,POINT (545713.662 6449116.247),"(np.float64(545713.662), np.float64(6449116.247))","(np.float64(545714.2981), np.float64(6449115.817), np.float64(25.201000000000022))",TP,0.7678041485619251
8,311.0,Spruce,21.65,,,0.0,,POINT (545719.141999999 6449120.79),"(np.float64(545719.141999999), np.float64(6449120.79))","(np.float64(545719.6851), np.float64(6449120.156), np.float64(22.671999999999997))",TP,0.8348135184923124
8,307.0,Spruce,41.4,,,0.0,,POINT (545720.824 6449111.514),"(np.float64(545720.824), np.float64(6449111.514))","(np.float64(545720.7521), np.float64(6449111.663), np.float64(26.77600000000001))",TP,0.16544065335302166
8,302.0,Spruce,23.35,,,80.0,,POINT (545720.961 6449103.404),"(np.float64(545720.961), np.float64(6449103.404))",,FN,
8,312.0,Spruce,26.55,,,0.0,,POINT (545721.346999999 6449122.508),"(np.float64(545721.346999999), np.float64(6449122.508))","(np.float64(545721.6341), np.float64(6449121.863), np.float64(22.699000000000012))",TP,0.7060109143646888
8,301.0,Fir,24.6,,,70.0,,POINT (545721.359 6449101.71899999),"(np.float64(545721.359), np.float64(6449101.71899999))",,FN,
8,313.0,Fir,14.15,,,0.0,,POINT (545721.503 6449123.417),"(np.float64(545721.503), np.float64(6449123.417))",,FN,
8,315.0,Fir,10.5,,,80.0,,POINT (545723.111999999 6449119.66799999),"(np.float64(545723.111999999), np.float64(6449119.66799999))",,FN,
8,314.0,Spruce,30.9,95.0,26.4,0.0,,POINT (545723.265999999 6449120.74799999),"(np.float64(545723.265999999), np.float64(6449120.74799999))",,FN,
8,316.0,Spruce,23.8,,,0.0,,POINT (545724.084999999 6449119.314),"(np.float64(545724.084999999), np.float64(6449119.314))","(np.float64(545723.9221), np.float64(6449120.082), np.float64(25.168000000000006))",TP,0.7850862436290075
8,306.0,Spruce,36.8,,,0.0,,POINT (545724.155999999 6449113.279),"(np.float64(545724.155999999), np.float64(6449113.279))","(np.float64(545724.6301), np.float64(6449113.484), np.float64(25.485000000000014))",TP,0.5165228077308974
8,300.0,Alder,16.4,,,0.0,,POINT (545724.273 6449105.02099999),"(np.float64(545724.273), np.float64(6449105.02099999))","(np.float64(545722.3841), np.float64(6449105.072), np.float64(20.19500000000002))",TP,1.889588370789512
8,317.0,Fir,24.35,,,0.0,,POINT (545724.283999999 6449121.59399999),"(np.float64(545724.283999999), np.float64(6449121.59399999))",,FN,
8,286.0,Fir,12.05,,,0.0,,POINT (545724.932999999 6449090.11),"(np.float64(545724.932999999), np.float64(6449090.11))","(np.float64(545724.8441), np.float64(6449090.527), np.float64(11.238))",TP,0.4263709762137045
8,303.0,Birch,25.35,,25.7,0.0,,POINT (545726.467999999 6449109.042),"(np.float64(545726.467999999), np.float64(6449109.042))",,FN,
8,299.0,Spruce,30.9,,,0.0,Two tops,POINT (545727.043999999 6449106.411),"(np.float64(545727.043999999), np.float64(6449106.411))",,FN,
8,319.0,Fir,12.8,,,0.0,,POINT (545727.270999999 6449117.28199999),"(np.float64(545727.270999999), np.float64(6449117.28199999))",,FN,
8,304.0,Birch,19.0,,,0.0,,POINT (545727.407 6449109.25),"(np.float64(545727.407), np.float64(6449109.25))","(np.float64(545725.7761), np.float64(6449110.288), np.float64(9.919000000000011))",TP,1.9332042854705067
8,285.0,Tilia,13.2,,,0.0,,POINT (545727.62 6449089.973),"(np.float64(545727.62), np.float64(6449089.973))","(np.float64(545728.6291), np.float64(6449090.254), np.float64(10.274000000000001))",TP,1.0474940619236301
8,305.0,Fir,24.0,,25.1,0.0,,POINT (545727.694999999 6449111.735),"(np.float64(545727.694999999), np.float64(6449111.735))","(np.float64(545728.2931), np.float64(6449111.155), np.float64(24.69500000000002))",TP,0.8331408111919355
8,318.0,Fir,12.4,,,0.0,,POINT (545727.729 6449115.588),"(np.float64(545727.729), np.float64(6449115.588))","(np.float64(545727.9551), np.float64(6449115.723), np.float64(13.72199999999998))",TP,0.2633366854929757
8,298.0,Birch,33.7,100.0,27.0,0.0,Rotten,POINT (545728.3 6449105.68699999),"(np.float64(545728.3), np.float64(6449105.68699999))","(np.float64(545727.6981), np.float64(6449105.958), np.float64(25.235000000000014))",TP,0.6600943988624898
8,297.0,Birch,12.5,,,0.0,,POINT (545729.192999999 6449106.45899999),"(np.float64(545729.192999999), np.float64(6449106.45899999))",,FN,
8,296.0,Birch,22.0,,,0.0,,POINT (545729.31 6449108.07),"(np.float64(545729.31), np.float64(6449108.07))","(np.float64(545730.9791), np.float64(6449107.92), np.float64(25.105999999999995))",TP,1.67582660496683
8,284.0,Spruce,28.35,,,0.0,,POINT (545729.594 6449089.588),"(np.float64(545729.594), np.float64(6449089.588))","(np.float64(545729.9621), np.float64(6449090.115), np.float64(20.617999999999995))",TP,0.6428270449580863
8,283.0,Tilia,13.15,,,0.0,,POINT (545730.047 6449084.957),"(np.float64(545730.047), np.float64(6449084.957))","(np.float64(545729.5451), np.float64(6449084.701), np.float64(10.240000000000009))",TP,0.5634177935234759
8,282.0,Spruce,31.95,,,0.0,,POINT (545730.751 6449083.23699999),"(np.float64(545730.751), np.float64(6449083.23699999))","(np.float64(545731.1941), np.float64(6449082.575), np.float64(25.046999999999997))",TP,0.7966062998707487
8,291.0,Spruce,23.65,,,0.0,,POINT (545730.77 6449104.841),"(np.float64(545730.77), np.float64(6449104.841))",,FN,
8,322.0,Alder,27.75,,,70.0,Two tops,POINT (545731.314999999 6449123.051),"(np.float64(545731.314999999), np.float64(6449123.051))","(np.float64(545730.8871), np.float64(6449121.636), np.float64(7.608000000000004))",TP,1.478283940661286
8,320.0,Birch,34.0,100.0,26.4,0.0,Rotten,POINT (545731.576 6449112.51499999),"(np.float64(545731.576), np.float64(6449112.51499999))","(np.float64(545732.1541), np.float64(6449112.716), np.float64(25.17500000000001))",TP,0.6120462514661698
8,295.0,Birch,19.65,,23.4,0.0,,POINT (545731.824 6449110.29999999),"(np.float64(545731.824), np.float64(6449110.29999999))",,FN,
8,169.0,Birch,19.7,,22.3,0.0,,POINT (545732.484 6449074.159),"(np.float64(545732.484), np.float64(6449074.159))","(np.float64(545732.9571), np.float64(6449073.002), np.float64(21.62099999999998))",TP,1.2499890436138175
8,172.0,Spruce,37.1,,,0.0,,POINT (545732.603 6449079.335),"(np.float64(545732.603), np.float64(6449079.335))","(np.float64(545732.6061), np.float64(6449078.905), np.float64(27.711000000000013))",TP,0.4300111739752006
8,288.0,Fir,14.25,,,0.0,,POINT (545732.638 6449100.5),"(np.float64(545732.638), np.float64(6449100.5))","(np.float64(545731.0601), np.float64(6449101.367), np.float64(6.246999999999986))",TP,1.800404790441627
8,173.0,Fir,12.25,,,0.0,,POINT (545732.65 6449079.97599999),"(np.float64(545732.65), np.float64(6449079.97599999))",,FN,
8,321.0,Spruce,14.0,,,0.0,,POINT (545732.711 6449113.42499999),"(np.float64(545732.711), np.float64(6449113.42499999))",,FN,
8,290.0,Fir,22.25,,,0.0,,POINT (545732.773999999 6449103.991),"(np.float64(545732.773999999), np.float64(6449103.991))",,FN,
8,170.0,Tilia,10.6,,,0.0,,POINT (545733.001999999 6449077.269),"(np.float64(545733.001999999), np.float64(6449077.269))","(np.float64(545733.1261), np.float64(6449076.39), np.float64(7.5))",TP,0.8877171911074078
8,276.0,Spruce,35.35,83.0,28.4,0.0,,POINT (545733.464999999 6449092.058),"(np.float64(545733.464999999), np.float64(6449092.058))","(np.float64(545734.0941), np.float64(6449091.75), np.float64(27.238))",TP,0.7004504345893642
8,293.0,Birch,28.4,,,0.0,,POINT (545733.795999999 6449110.78899999),"(np.float64(545733.795999999), np.float64(6449110.78899999))",,FN,
8,294.0,Birch,11.2,,,80.0,,POINT (545733.817999999 6449111.546),"(np.float64(545733.817999999), np.float64(6449111.546))","(np.float64(545733.1001), np.float64(6449111.316), np.float64(10.686000000000007))",TP,0.7538437562046186
8,162.0,Spruce,11.75,,,80.0,,POINT (545734.047999999 6449070.052),"(np.float64(545734.047999999), np.float64(6449070.052))","(np.float64(545733.2581), np.float64(6449071.723), np.float64(6.506))",TP,1.8482919165507614
8,292.0,Birch,25.45,,,0.0,,POINT (545734.467999999 6449107.638),"(np.float64(545734.467999999), np.float64(6449107.638))","(np.float64(545733.4271), np.float64(6449107.266), np.float64(13.343999999999994))",TP,1.105376319717063
8,281.0,Fir,11.15,,,0.0,,POINT (545734.728 6449085.02699999),"(np.float64(545734.728), np.float64(6449085.02699999))",,FN,
8,287.0,Spruce,28.35,,,0.0,,POINT (545734.839 6449098.58299999),"(np.float64(545734.839), np.float64(6449098.58299999))","(np.float64(545735.5151), np.float64(6449097.931), np.float64(25.399))",TP,0.9392631140696741
8,171.0,Fir,14.15,,,0.0,,POINT (545734.927999999 6449077.109),"(np.float64(545734.927999999), np.float64(6449077.109))","(np.float64(545735.0411), np.float64(6449077.2), np.float64(10.507000000000005))",TP,0.14516408037237308
8,280.0,Fir,26.25,,,0.0,Frost crack,POINT (545735.721999999 6449085.52699999),"(np.float64(545735.721999999), np.float64(6449085.52699999))","(np.float64(545735.3721), np.float64(6449085.069), np.float64(6.271000000000015))",TP,0.5763627333742032
8,289.0,Fir,35.15,,,0.0,,POINT (545736.356 6449103.88499999),"(np.float64(545736.356), np.float64(6449103.88499999))","(np.float64(545736.2891), np.float64(6449103.239), np.float64(27.351))",TP,0.6494548464661178
8,279.0,Fir,16.3,,,0.0,,POINT (545736.564 6449085.859),"(np.float64(545736.564), np.float64(6449085.859))",,FN,
8,161.0,Spruce,47.35,,31.2,0.0,,POINT (545736.665 6449067.318),"(np.float64(545736.665), np.float64(6449067.318))","(np.float64(545736.8371), np.float64(6449066.639), np.float64(30.60900000000001))",TP,0.7004708483308517
8,168.0,Spruce,38.85,,,0.0,,POINT (545736.922999999 6449076.74299999),"(np.float64(545736.922999999), np.float64(6449076.74299999))","(np.float64(545736.8011), np.float64(6449076.447), np.float64(26.510999999999996))",TP,0.32011810904632276
8,174.0,Fir,14.1,,,0.0,,POINT (545737.082 6449079.88499999),"(np.float64(545737.082), np.float64(6449079.88499999))","(np.float64(545736.9431), np.float64(6449079.826), np.float64(10.86099999999999))",TP,0.15091126147136974
8,275.0,Spruce,20.35,,,0.0,,POINT (545737.106999999 6449093.40799999),"(np.float64(545737.106999999), np.float64(6449093.40799999))",,FN,
8,278.0,Fir,18.4,,,0.0,,POINT (545737.167999999 6449087.06699999),"(np.float64(545737.167999999), np.float64(6449087.06699999))",,FN,
8,261.0,Birch,28.2,,,0.0,Damaged bark,POINT (545737.192 6449111.449),"(np.float64(545737.192), np.float64(6449111.449))","(np.float64(545736.5871), np.float64(6449109.853), np.float64(15.718999999999994))",TP,1.70678645698077
8,277.0,Fir,17.25,,,0.0,,POINT (545737.212999999 6449088.154),"(np.float64(545737.212999999), np.float64(6449088.154))",,FN,
8,265.0,Spruce,24.95,,,0.0,,POINT (545737.236 6449101.676),"(np.float64(545737.236), np.float64(6449101.676))","(np.float64(545737.5991), np.float64(6449101.671), np.float64(11.346000000000004))",TP,0.363134424103325
8,324.0,Birch,41.5,,26.2,0.0,,POINT (545737.591999999 6449124.28899999),"(np.float64(545737.591999999), np.float64(6449124.28899999))","(np.float64(545738.0681), np.float64(6449124.308), np.float64(26.168000000000006))",TP,0.47647897264336597
8,167.0,Spruce,16.35,,,0.0,,POINT (545737.628 6449075.525),"(np.float64(545737.628), np.float64(6449075.525))",,FN,
8,259.0,Spruce,40.85,117.0,28.6,0.0,,POINT (545737.741999999 6449117.216),"(np.float64(545737.741999999), np.float64(6449117.216))","(np.float64(545738.8641), np.float64(6449117.688), np.float64(28.613))",TP,1.217330034229067
8,323.0,Fir,19.4,,,0.0,,POINT (545737.743999999 6449120.518),"(np.float64(545737.743999999), np.float64(6449120.518))",,FN,
8,266.0,Spruce,53.05,,,0.0,,POINT (545737.842999999 6449099.48799999),"(np.float64(545737.842999999), np.float64(6449099.48799999))","(np.float64(545737.7891), np.float64(6449099.226), np.float64(6.673000000000002))",TP,0.2674868306425251
8,258.0,Birch,29.6,93.0,26.4,0.0,,POINT (545738.461 6449115.741),"(np.float64(545738.461), np.float64(6449115.741))",,FN,
8,272.0,Fir,23.0,,,0.0,,POINT (545738.836 6449089.574),"(np.float64(545738.836), np.float64(6449089.574))","(np.float64(545739.7151), np.float64(6449088.423), np.float64(21.024))",TP,1.4483155074521412
8,274.0,Fir,14.95,,,0.0,,POINT (545738.871999999 6449093.88399999),"(np.float64(545738.871999999), np.float64(6449093.88399999))",,FN,
8,326.0,Birch,16.4,,20.8,0.0,,POINT (545738.903 6449132.73599999),"(np.float64(545738.903), np.float64(6449132.73599999))",,FN,
8,159.0,Spruce,25.15,,,0.0,,POINT (545739.043999999 6449066.70299999),"(np.float64(545739.043999999), np.float64(6449066.70299999))",,FN,
8,325.0,Birch,30.05,,24.8,0.0,,POINT (545739.081 6449132.205),"(np.float64(545739.081), np.float64(6449132.205))","(np.float64(545740.4331), np.float64(6449130.375), np.float64(22.584000000000003))",TP,2.2753185294200136
8,165.0,Tilia,10.15,,,0.0,,POINT (545739.167999999 6449073.239),"(np.float64(545739.167999999), np.float64(6449073.239))",,FN,
8,163.0,Spruce,25.4,,,0.0,,POINT (545739.469 6449070.53199999),"(np.float64(545739.469), np.float64(6449070.53199999))",,FN,
8,166.0,Spruce,35.25,,,0.0,,POINT (545739.560999999 6449074.768),"(np.float64(545739.560999999), np.float64(6449074.768))","(np.float64(545738.7121), np.float64(6449074.908), np.float64(15.293000000000006))",TP,0.8603669033008609
8,178.0,Spruce,29.35,,,0.0,,POINT (545739.628999999 6449085.267),"(np.float64(545739.628999999), np.float64(6449085.267))","(np.float64(545739.9191), np.float64(6449084.962), np.float64(26.10499999999999))",TP,0.4209311231266954
8,273.0,Fir,20.65,,,0.0,,POINT (545739.716999999 6449092.332),"(np.float64(545739.716999999), np.float64(6449092.332))",,FN,
8,262.0,Birch,18.15,,,80.0,,POINT (545739.724999999 6449108.30399999),"(np.float64(545739.724999999), np.float64(6449108.30399999))","(np.float64(545741.0961), np.float64(6449108.04), np.float64(5.86699999999999))",TP,1.3962847873352355
8,160.0,Spruce,10.9,,,80.0,,POINT (545740.045 6449066.83399999),"(np.float64(545740.045), np.float64(6449066.83399999))",,FN,
8,260.0,Spruce,19.0,,,0.0,,POINT (545740.114999999 6449112.405),"(np.float64(545740.114999999), np.float64(6449112.405))",,FN,
8,179.0,Tilia,10.6,,,0.0,,POINT (545740.216 6449085.27699999),"(np.float64(545740.216), np.float64(6449085.27699999))",,FN,
8,175.0,Spruce,27.45,,,0.0,,POINT (545740.253 6449077.31199999),"(np.float64(545740.253), np.float64(6449077.31199999))","(np.float64(545739.8791), np.float64(6449077.7), np.float64(8.314999999999998))",TP,0.5388369123977739
8,180.0,Spruce,14.05,,,0.0,,POINT (545740.451 6449086.91799999),"(np.float64(545740.451), np.float64(6449086.91799999))","(np.float64(545740.2561), np.float64(6449087.338), np.float64(9.014999999999986))",TP,0.4630183781921697
8,177.0,Fir,19.25,,,0.0,,POINT (545740.533 6449082.308),"(np.float64(545740.533), np.float64(6449082.308))",,FN,
8,264.0,Spruce,42.7,,,0.0,,POINT (545740.910999999 6449103.16999999),"(np.float64(545740.910999999), np.float64(6449103.16999999))","(np.float64(545739.8821), np.float64(6449102.868), np.float64(8.649000000000001))",TP,1.072305554313471
8,176.0,Spruce,21.1,,,0.0,,POINT (545741.094 6449078.12999999),"(np.float64(545741.094), np.float64(6449078.12999999))","(np.float64(545740.2911), np.float64(6449078.686), np.float64(11.927999999999997))",TP,0.9766188720572424
8,256.0,Fir,16.35,,,0.0,,POINT (545741.192 6449114.485),"(np.float64(545741.192), np.float64(6449114.485))",,FN,
8,255.0,Fir,23.55,,,0.0,,POINT (545741.258999999 6449113.205),"(np.float64(545741.258999999), np.float64(6449113.205))","(np.float64(545741.6101), np.float64(6449112.814), np.float64(25.711000000000013))",TP,0.5255018654402481
8,270.0,Spruce,13.0,,,0.0,,POINT (545741.446 6449091.23799999),"(np.float64(545741.446), np.float64(6449091.23799999))",,FN,
8,268.0,Birch,26.25,91.0,24.6,0.0,Rotten,POINT (545741.464 6449094.069),"(np.float64(545741.464), np.float64(6449094.069))",,FN,
8,267.0,Fir,13.6,,,0.0,,POINT (545741.484999999 6449094.32799999),"(np.float64(545741.484999999), np.float64(6449094.32799999))","(np.float64(545740.1371), np.float64(6449095.077), np.float64(10.97399999999999))",TP,1.5420231583929827
8,164.0,Spruce,42.45,,,0.0,,POINT (545741.662999999 6449071.717),"(np.float64(545741.662999999), np.float64(6449071.717))","(np.float64(545741.8761), np.float64(6449070.946), np.float64(29.69199999999998))",TP,0.7999078759347383
8,269.0,Fir,14.9,,,0.0,,POINT (545741.721 6449093.093),"(np.float64(545741.721), np.float64(6449093.093))","(np.float64(545741.4971), np.float64(6449092.568), np.float64(23.662000000000006))",TP,0.5707505675716831
8,156.0,Birch,24.85,,,0.0,,POINT (545741.851999999 6449060.092),"(np.float64(545741.851999999), np.float64(6449060.092))","(np.float64(545741.4271), np.float64(6449059.973), np.float64(23.074000000000012))",TP,0.4412493730105688
8,271.0,Spruce,10.9,,,0.0,,POINT (545742.001 6449090.729),"(np.float64(545742.001), np.float64(6449090.729))","(np.float64(545740.8371), np.float64(6449089.493), np.float64(6.882999999999981))",TP,1.6977512218621984
8,157.0,Spruce,11.45,,,0.0,,POINT (545742.219999999 6449060.608),"(np.float64(545742.219999999), np.float64(6449060.608))",,FN,
8,155.0,Birch,15.55,,23.0,0.0,,POINT (545742.236 6449058.019),"(np.float64(545742.236), np.float64(6449058.019))","(np.float64(545742.1031), np.float64(6449057.61), np.float64(22.800999999999988))",TP,0.4300504737937036
8,263.0,Fir,14.65,,,0.0,,POINT (545742.381 6449106.212),"(np.float64(545742.381), np.float64(6449106.212))","(np.float64(545742.1851), np.float64(6449105.289), np.float64(15.954000000000008))",TP,0.9435601786795034
8,181.0,Spruce,17.2,,,0.0,,POINT (545744.067999999 6449089.17499999),"(np.float64(545744.067999999), np.float64(6449089.17499999))","(np.float64(545744.4531), np.float64(6449086.113), np.float64(12.100000000000023))",TP,3.0861215056334794
8,328.0,Spruce,12.15,,,0.0,,POINT (545744.172999999 6449133.917),"(np.float64(545744.172999999), np.float64(6449133.917))","(np.float64(545742.8521), np.float64(6449133.361), np.float64(9.59299999999999))",TP,1.43314786684765
8,184.0,Tilia,9.85,,,0.0,,POINT (545744.26 6449075.60699999),"(np.float64(545744.26), np.float64(6449075.60699999))","(np.float64(545742.7731), np.float64(6449073.929), np.float64(15.761000000000024))",TP,2.241998121475171
8,327.0,Birch,29.8,,,0.0,,POINT (545744.314 6449134.143),"(np.float64(545744.314), np.float64(6449134.143))",,FN,
8,154.0,Birch,16.2,,,0.0,,POINT (545744.452999999 6449058.831),"(np.float64(545744.452999999), np.float64(6449058.831))","(np.float64(545744.1921), np.float64(6449059.239), np.float64(8.658000000000015))",TP,0.4842858756611804
8,329.0,Fir,25.65,,,0.0,,POINT (545745.06 6449122.064),"(np.float64(545745.06), np.float64(6449122.064))","(np.float64(545745.3131), np.float64(6449122.105), np.float64(6.099000000000018))",TP,0.2563993174769297
8,72.0,Fir,17.8,,,0.0,,POINT (545745.322 6449053.11299999),"(np.float64(545745.322), np.float64(6449053.11299999))",,FN,
8,257.0,Spruce,35.25,,,0.0,,POINT (545745.331 6449117.34399999),"(np.float64(545745.331), np.float64(6449117.34399999))","(np.float64(545745.3811), np.float64(6449117.285), np.float64(13.903999999999996))",TP,0.07740160742938694
8,183.0,Spruce,39.3,,,0.0,,POINT (545745.339 6449080.65099999),"(np.float64(545745.339), np.float64(6449080.65099999))","(np.float64(545745.0581), np.float64(6449080.138), np.float64(28.548000000000002))",TP,0.5848707547580912
8,70.0,Birch,23.95,,,0.0,Two tops,POINT (545745.503999999 6449051.648),"(np.float64(545745.503999999), np.float64(6449051.648))",,FN,
8,330.0,Spruce,36.95,,,80.0,,POINT (545745.87 6449120.18599999),"(np.float64(545745.87), np.float64(6449120.18599999))",,FN,
8,158.0,Spruce,10.3,,,0.0,,POINT (545746.201 6449066.348),"(np.float64(545746.201), np.float64(6449066.348))","(np.float64(545745.8001), np.float64(6449065.872), np.float64(9.89500000000001))",TP,0.6223317522091171
8,71.0,Spruce,37.25,,,0.0,,POINT (545746.285999999 6449052.405),"(np.float64(545746.285999999), np.float64(6449052.405))","(np.float64(545746.1701), np.float64(6449052.385), np.float64(8.649999999999977))",TP,0.11761296611236584
8,185.0,Fir,27.2,,,0.0,,POINT (545746.824999999 6449080.06099999),"(np.float64(545746.824999999), np.float64(6449080.06099999))",,FN,
8,250.0,Spruce,13.05,,,0.0,,POINT (545746.925 6449108.678),"(np.float64(545746.925), np.float64(6449108.678))",,FN,
8,254.0,Birch,30.75,,,0.0,Multiple tops,POINT (545747.243999999 6449113.377),"(np.float64(545747.243999999), np.float64(6449113.377))","(np.float64(545747.2811), np.float64(6449113.368), np.float64(26.00800000000001))",TP,0.03817604071135309
8,333.0,Birch,15.75,,,80.0,,POINT (545747.704999999 6449127.553),"(np.float64(545747.704999999), np.float64(6449127.553))",,FN,
8,331.0,Spruce,12.45,,,0.0,,POINT (545747.778999999 6449120.74299999),"(np.float64(545747.778999999), np.float64(6449120.74299999))","(np.float64(545748.9601), np.float64(6449121.843), np.float64(10.692999999999984))",TP,1.614000382922582
8,253.0,Birch,16.75,,,80.0,,POINT (545747.844 6449112.03199999),"(np.float64(545747.844), np.float64(6449112.03199999))",,FN,
8,252.0,Birch,20.2,,,0.0,,POINT (545747.895 6449111.235),"(np.float64(545747.895), np.float64(6449111.235))",,FN,
8,186.0,Fir,25.65,,,0.0,,POINT (545748.190999999 6449080.43499999),"(np.float64(545748.190999999), np.float64(6449080.43499999))","(np.float64(545747.9751), np.float64(6449079.916), np.float64(12.52000000000001))",TP,0.5621154678760799
8,335.0,Birch,15.55,,,80.0,,POINT (545748.356999999 6449130.31599999),"(np.float64(545748.356999999), np.float64(6449130.31599999))","(np.float64(545747.4971), np.float64(6449130.311), np.float64(9.975999999999999))",TP,0.8599145353881176
8,182.0,Spruce,62.5,,,0.0,,POINT (545748.528999999 6449084.93099999),"(np.float64(545748.528999999), np.float64(6449084.93099999))","(np.float64(545749.0021), np.float64(6449084.569), np.float64(33.03400000000002))",TP,0.5957076492103995
8,149.0,Fir,16.95,,,0.0,,POINT (545748.549 6449075.945),"(np.float64(545748.549), np.float64(6449075.945))",,FN,
8,190.0,Fir,21.0,,,80.0,Frost crack,POINT (545748.576 6449088.575),"(np.float64(545748.576), np.float64(6449088.575))","(np.float64(545747.8221), np.float64(6449088.955), np.float64(8.781000000000006))",TP,0.8442542329956492
8,332.0,Birch,30.85,,,0.0,Two tops,POINT (545748.581 6449127.216),"(np.float64(545748.581), np.float64(6449127.216))","(np.float64(545749.9341), np.float64(6449125.601), np.float64(6.856999999999999))",TP,2.1069182733520666
8,249.0,Spruce,21.9,,,0.0,,POINT (545748.93 6449106.26599999),"(np.float64(545748.93), np.float64(6449106.26599999))",,FN,
8,153.0,Spruce,37.95,111.0,28.8,0.0,,POINT (545749.060999999 6449061.836),"(np.float64(545749.060999999), np.float64(6449061.836))","(np.float64(545749.3491), np.float64(6449060.85), np.float64(27.825000000000017))",TP,1.0272281204893263
8,251.0,Fir,21.1,,,0.0,,POINT (545749.089 6449109.94),"(np.float64(545749.089), np.float64(6449109.94))","(np.float64(545750.4871), np.float64(6449111.456), np.float64(13.798000000000002))",TP,2.0622656495844436
8,248.0,Birch,34.75,107.0,28.5,0.0,,POINT (545749.192999999 6449105.76099999),"(np.float64(545749.192999999), np.float64(6449105.76099999))",,FN,
8,74.0,Spruce,16.75,,,0.0,,POINT (545749.234999999 6449057.79299999),"(np.float64(545749.234999999), np.float64(6449057.79299999))","(np.float64(545749.3401), np.float64(6449058.139), np.float64(6.031000000000006))",TP,0.3616103112845159
8,334.0,Birch,25.65,,,0.0,,POINT (545749.439999999 6449129.285),"(np.float64(545749.439999999), np.float64(6449129.285))","(np.float64(545750.8551), np.float64(6449128.781), np.float64(24.851))",TP,1.5021730967640072
8,199.0,Spruce,30.45,,,0.0,,POINT (545749.447999999 6449095.99),"(np.float64(545749.447999999), np.float64(6449095.99))","(np.float64(545749.5561), np.float64(6449095.046), np.float64(26.346000000000004))",TP,0.9501692535910508
8,247.0,Spruce,14.2,,,0.0,,POINT (545749.788999999 6449105.47599999),"(np.float64(545749.788999999), np.float64(6449105.47599999))",,FN,
8,150.0,Fir,17.3,,,0.0,,POINT (545750.143999999 6449071.93699999),"(np.float64(545750.143999999), np.float64(6449071.93699999))",,FN,
8,148.0,Spruce,35.8,,,0.0,,POINT (545750.165999999 6449074.79),"(np.float64(545750.165999999), np.float64(6449074.79))","(np.float64(545750.3821), np.float64(6449074.737), np.float64(26.670000000000016))",TP,0.22250440550368505
8,246.0,Spruce,57.7,,,0.0,,POINT (545750.283 6449099.852),"(np.float64(545750.283), np.float64(6449099.852))","(np.float64(545752.1141), np.float64(6449099.027), np.float64(32.622000000000014))",TP,2.008370536064505
8,75.0,Spruce,22.55,,24.2,0.0,,POINT (545750.479999999 6449058.34999999),"(np.float64(545750.479999999), np.float64(6449058.34999999))",,FN,
8,73.0,Spruce,51.15,,,0.0,,POINT (545750.856 6449053.932),"(np.float64(545750.856), np.float64(6449053.932))","(np.float64(545751.3991), np.float64(6449053.236), np.float64(30.62900000000002))",TP,0.8828213922723769
8,151.0,Birch,22.5,91.0,24.8,0.0,,POINT (545750.917 6449068.25899999),"(np.float64(545750.917), np.float64(6449068.25899999))","(np.float64(545749.8841), np.float64(6449068.92), np.float64(23.228999999999985))",TP,1.2262966291673891
8,240.0,Fir,10.5,,,0.0,,POINT (545751.199999999 6449119.571),"(np.float64(545751.199999999), np.float64(6449119.571))","(np.float64(545750.9331), np.float64(6449119.293), np.float64(11.566000000000003))",TP,0.38538242039020004
8,187.0,Fir,14.65,,,0.0,,POINT (545751.212 6449080.69699999),"(np.float64(545751.212), np.float64(6449080.69699999))","(np.float64(545754.0391), np.float64(6449081.166), np.float64(13.83499999999998))",TP,2.8657381979487586
8,189.0,Spruce,11.5,,,0.0,,POINT (545751.233 6449083.457),"(np.float64(545751.233), np.float64(6449083.457))",,FN,
8,239.0,Birch,26.2,,,80.0,,POINT (545751.285999999 6449117.45799999),"(np.float64(545751.285999999), np.float64(6449117.45799999))",,FN,
8,67.0,Spruce,14.0,,,0.0,,POINT (545751.297 6449043.582),"(np.float64(545751.297), np.float64(6449043.582))",,FN,
8,188.0,Birch,22.8,,,0.0,,POINT (545751.37 6449082.985),"(np.float64(545751.37), np.float64(6449082.985))",,FN,
8,241.0,Fir,26.2,,,0.0,,POINT (545751.515 6449113.60099999),"(np.float64(545751.515), np.float64(6449113.60099999))","(np.float64(545752.8381), np.float64(6449113.187), np.float64(26.435000000000002))",TP,1.3863583957666563
8,68.0,Spruce,27.65,,,0.0,,POINT (545751.603 6449045.375),"(np.float64(545751.603), np.float64(6449045.375))","(np.float64(545751.7371), np.float64(6449045.023), np.float64(24.679000000000002))",TP,0.37667865611841206
8,66.0,Spruce,29.15,,,0.0,,POINT (545752.072999999 6449041.68599999),"(np.float64(545752.072999999), np.float64(6449041.68599999))","(np.float64(545752.0981), np.float64(6449041.378), np.float64(24.98400000000001))",TP,0.3090210420466851
8,152.0,Spruce,40.8,118.0,31.0,0.0,,POINT (545752.381999999 6449064.31199999),"(np.float64(545752.381999999), np.float64(6449064.31199999))","(np.float64(545752.9551), np.float64(6449063.86), np.float64(29.197000000000003))",TP,0.7298956099830797
8,242.0,Fir,20.25,,,0.0,,POINT (545752.873999999 6449110.48699999),"(np.float64(545752.873999999), np.float64(6449110.48699999))",,FN,
8,336.0,Fir,29.0,,26.6,0.0,,POINT (545752.954999999 6449129.274),"(np.float64(545752.954999999), np.float64(6449129.274))",,FN,
8,236.0,Spruce,51.7,,29.6,0.0,,POINT (545753.314999999 6449118.53899999),"(np.float64(545753.314999999), np.float64(6449118.53899999))",,FN,
8,79.0,Birch,11.35,,,0.0,,POINT (545753.38 6449058.48799999),"(np.float64(545753.38), np.float64(6449058.48799999))","(np.float64(545753.8521), np.float64(6449058.398), np.float64(12.62700000000001))",TP,0.480602130813002
8,337.0,Spruce,30.35,,,0.0,,POINT (545753.39 6449126.694),"(np.float64(545753.39), np.float64(6449126.694))","(np.float64(545754.3411), np.float64(6449125.922), np.float64(26.498999999999995))",TP,1.2249796772665351
8,76.0,Birch,23.2,76.0,25.8,0.0,,POINT (545753.486999999 6449056.462),"(np.float64(545753.486999999), np.float64(6449056.462))",,FN,
8,244.0,Spruce,24.6,,,0.0,,POINT (545753.647 6449107.678),"(np.float64(545753.647), np.float64(6449107.678))",,FN,
8,146.0,Spruce,41.75,,,0.0,,POINT (545753.682 6449074.332),"(np.float64(545753.682), np.float64(6449074.332))","(np.float64(545753.5411), np.float64(6449074.351), np.float64(7.072000000000003))",TP,0.14217527906202285
8,144.0,Birch,18.1,,,0.0,,POINT (545753.734 6449068.536),"(np.float64(545753.734), np.float64(6449068.536))",,FN,
8,145.0,Spruce,30.4,,,0.0,,POINT (545753.76 6449072.09399999),"(np.float64(545753.76), np.float64(6449072.09399999))",,FN,
8,78.0,Birch,17.3,,,0.0,Bended,POINT (545754.057999999 6449056.39699999),"(np.float64(545754.057999999), np.float64(6449056.39699999))","(np.float64(545752.9211), np.float64(6449056.247), np.float64(14.310000000000002))",TP,1.1467526343857575
8,341.0,Aspen,36.1,,,0.0,,POINT (545754.302999999 6449132.61699999),"(np.float64(545754.302999999), np.float64(6449132.61699999))",,FN,
8,243.0,Spruce,34.7,,,0.0,,POINT (545754.312999999 6449109.388),"(np.float64(545754.312999999), np.float64(6449109.388))","(np.float64(545755.2961), np.float64(6449109.848), np.float64(13.706999999999994))",TP,1.085396522905491
8,77.0,Fir,22.95,,,0.0,,POINT (545754.315999999 6449055.83299999),"(np.float64(545754.315999999), np.float64(6449055.83299999))",,FN,
8,143.0,Spruce,24.1,,,0.0,Two tops,POINT (545754.488 6449068.478),"(np.float64(545754.488), np.float64(6449068.478))","(np.float64(545754.4971), np.float64(6449068.696), np.float64(8.263999999999982))",TP,0.2181898488699227
8,338.0,Spruce,15.5,,,0.0,,POINT (545754.589999999 6449128.256),"(np.float64(545754.589999999), np.float64(6449128.256))","(np.float64(545754.2411), np.float64(6449128.335), np.float64(8.908000000000015))",TP,0.3577320356410774
8,61.0,Fir,22.6,,,0.0,,POINT (545754.647 6449035.207),"(np.float64(545754.647), np.float64(6449035.207))",,FN,
8,60.0,Spruce,19.05,,,0.0,,POINT (545754.670999999 6449033.99299999),"(np.float64(545754.670999999), np.float64(6449033.99299999))","(np.float64(545753.9701), np.float64(6449034.101), np.float64(10.176000000000016))",TP,0.7091719190872942
8,59.0,Fir,29.5,,,0.0,,POINT (545754.758 6449032.37999999),"(np.float64(545754.758), np.float64(6449032.37999999))",,FN,
8,147.0,Spruce,14.7,,,0.0,,POINT (545754.765999999 6449075.78299999),"(np.float64(545754.765999999), np.float64(6449075.78299999))",,FN,
8,191.0,Spruce,28.55,,25.0,0.0,,POINT (545754.918999999 6449089.997),"(np.float64(545754.918999999), np.float64(6449089.997))",,FN,
8,86.0,Birch,18.1,,,0.0,,POINT (545754.976999999 6449061.622),"(np.float64(545754.976999999), np.float64(6449061.622))",,FN,
8,69.0,Birch,30.45,92.0,25.4,0.0,,POINT (545755.035999999 6449045.12899999),"(np.float64(545755.035999999), np.float64(6449045.12899999))","(np.float64(545754.7021), np.float64(6449044.622), np.float64(24.58099999999999))",TP,0.6070734709969507
8,192.0,Fir,11.75,,,0.0,,POINT (545755.074999999 6449088.64099999),"(np.float64(545755.074999999), np.float64(6449088.64099999))","(np.float64(545755.2591), np.float64(6449089.233), np.float64(24.679000000000002))",TP,0.6199651786273493
8,80.0,Fir,16.9,,,0.0,,POINT (545755.109999999 6449058.39499999),"(np.float64(545755.109999999), np.float64(6449058.39499999))",,FN,
8,62.0,Fir,14.3,,,0.0,,POINT (545755.136 6449034.93099999),"(np.float64(545755.136), np.float64(6449034.93099999))",,FN,
8,198.0,Birch,13.35,,,80.0,Frost crack,POINT (545755.207999999 6449095.433),"(np.float64(545755.207999999), np.float64(6449095.433))","(np.float64(545754.8061), np.float64(6449095.99), np.float64(10.409999999999997))",TP,0.686857051529279
8,238.0,Spruce,38.9,,,0.0,,POINT (545755.297 6449113.364),"(np.float64(545755.297), np.float64(6449113.364))","(np.float64(545756.3871), np.float64(6449112.904), np.float64(29.308999999999997))",TP,1.1831813090274543
8,235.0,Spruce,26.3,,,0.0,,POINT (545755.452 6449125.14599999),"(np.float64(545755.452), np.float64(6449125.14599999))","(np.float64(545755.6851), np.float64(6449124.871), np.float64(12.115000000000009))",TP,0.3605004917457685
8,197.0,Spruce,25.8,,,0.0,,POINT (545755.538999999 6449095.517),"(np.float64(545755.538999999), np.float64(6449095.517))",,FN,
8,65.0,Fir,28.2,,,0.0,Frost crack,POINT (545755.670999999 6449040.00899999),"(np.float64(545755.670999999), np.float64(6449040.00899999))",,FN,
8,196.0,Fir,17.35,,,0.0,,POINT (545755.709 6449093.915),"(np.float64(545755.709), np.float64(6449093.915))","(np.float64(545755.1471), np.float64(6449094.481), np.float64(25.819999999999993))",TP,0.7975510075813121
8,340.0,Spruce,25.85,,,0.0,,POINT (545755.746 6449129.62899999),"(np.float64(545755.746), np.float64(6449129.62899999))","(np.float64(545756.3321), np.float64(6449128.974), np.float64(13.512))",TP,0.8789415207342274
8,82.0,Fir,13.9,,,0.0,,POINT (545755.964 6449060.28),"(np.float64(545755.964), np.float64(6449060.28))","(np.float64(545755.2391), np.float64(6449060.483), np.float64(24.661))",TP,0.7527874932149841
8,233.0,Fir,32.4,,,0.0,,POINT (545756.253 6449122.087),"(np.float64(545756.253), np.float64(6449122.087))","(np.float64(545755.9521), np.float64(6449122.118), np.float64(8.652999999999992))",TP,0.30249266104702116
8,245.0,Spruce,57.1,,30.8,0.0,,POINT (545756.302999999 6449103.17999999),"(np.float64(545756.302999999), np.float64(6449103.17999999))",,FN,
8,81.0,Fir,21.55,,,0.0,,POINT (545756.363 6449057.075),"(np.float64(545756.363), np.float64(6449057.075))","(np.float64(545757.7071), np.float64(6449055.264), np.float64(10.494999999999976))",TP,2.255288409289578
8,142.0,Spruce,24.65,,,0.0,,POINT (545756.376 6449070.581),"(np.float64(545756.376), np.float64(6449070.581))","(np.float64(545757.1051), np.float64(6449071.594), np.float64(25.22))",TP,1.2481008807992802
8,87.0,Spruce,17.2,,,0.0,,POINT (545756.837999999 6449064.79),"(np.float64(545756.837999999), np.float64(6449064.79))",,FN,
8,40.0,Tilia,16.35,,,0.0,,POINT (545756.856 6449048.87999999),"(np.float64(545756.856), np.float64(6449048.87999999))",,FN,
8,63.0,Birch,26.15,,,0.0,,POINT (545757.175999999 6449037.26499999),"(np.float64(545757.175999999), np.float64(6449037.26499999))","(np.float64(545756.3421), np.float64(6449037.096), np.float64(26.26400000000001))",TP,0.8508526342241028
8,137.0,Spruce,27.75,,,0.0,,POINT (545757.297999999 6449076.04499999),"(np.float64(545757.297999999), np.float64(6449076.04499999))","(np.float64(545757.3081), np.float64(6449076.296), np.float64(13.37899999999999))",TP,0.251203135420958
8,234.0,Birch,16.4,,,0.0,Two tops,POINT (545757.542999999 6449125.17899999),"(np.float64(545757.542999999), np.float64(6449125.17899999))","(np.float64(545756.8361), np.float64(6449124.958), np.float64(25.667999999999978))",TP,0.7406406716553462
8,139.0,Birch,21.9,,,0.0,,POINT (545757.594 6449072.79999999),"(np.float64(545757.594), np.float64(6449072.79999999))","(np.float64(545756.9591), np.float64(6449073.191), np.float64(13.468999999999994))",TP,0.7456400056038688
8,339.0,Birch,14.7,,,0.0,,POINT (545757.699 6449128.639),"(np.float64(545757.699), np.float64(6449128.639))",,FN,
8,41.0,Spruce,14.05,,,0.0,,POINT (545757.812999999 6449047.27799999),"(np.float64(545757.812999999), np.float64(6449047.27799999))","(np.float64(545756.9751), np.float64(6449046.927), np.float64(8.107))",TP,0.9084477976069597
8,237.0,Fir,19.85,,,0.0,,POINT (545757.841 6449117.661),"(np.float64(545757.841), np.float64(6449117.661))","(np.float64(545757.9271), np.float64(6449117.548), np.float64(6.260000000000019))",TP,0.1420641051391414
8,85.0,Spruce,17.45,,,0.0,,POINT (545757.890999999 6449060.95399999),"(np.float64(545757.890999999), np.float64(6449060.95399999))",,FN,
8,55.0,Fir,23.8,,,0.0,,POINT (545757.949999999 6449027.57899999),"(np.float64(545757.949999999), np.float64(6449027.57899999))",,FN,
8,200.0,Spruce,20.25,,,0.0,,POINT (545757.957 6449100.773),"(np.float64(545757.957), np.float64(6449100.773))","(np.float64(545759.3541), np.float64(6449100.709), np.float64(23.277000000000015))",TP,1.3985651253603788
8,138.0,Spruce,14.05,,,0.0,,POINT (545758.143 6449073.434),"(np.float64(545758.143), np.float64(6449073.434))",,FN,
8,39.0,Fir,23.0,,,0.0,,POINT (545758.229999999 6449051.36299999),"(np.float64(545758.229999999), np.float64(6449051.36299999))",,FN,
8,83.0,Spruce,28.4,,,0.0,,POINT (545758.233 6449059.115),"(np.float64(545758.233), np.float64(6449059.115))","(np.float64(545758.3421), np.float64(6449058.384), np.float64(25.816000000000003))",TP,0.7390966181045144
8,140.0,Birch,13.05,,,80.0,,POINT (545758.312 6449072.428),"(np.float64(545758.312), np.float64(6449072.428))",,FN,
8,42.0,Birch,17.15,,,0.0,,POINT (545758.346 6449045.81199999),"(np.float64(545758.346), np.float64(6449045.81199999))",,FN,
8,195.0,Spruce,31.1,112.0,27.4,0.0,,POINT (545758.476 6449092.125),"(np.float64(545758.476), np.float64(6449092.125))","(np.float64(545758.7291), np.float64(6449091.907), np.float64(26.729000000000013))",TP,0.33404132998113967
8,56.0,Fir,25.75,,,0.0,,POINT (545758.508 6449029.542),"(np.float64(545758.508), np.float64(6449029.542))","(np.float64(545758.3801), np.float64(6449029.219), np.float64(25.804000000000002))",TP,0.34740093628332525
8,84.0,Spruce,19.2,,,0.0,,POINT (545758.515999999 6449060.07699999),"(np.float64(545758.515999999), np.float64(6449060.07699999))","(np.float64(545758.1661), np.float64(6449060.003), np.float64(6.9529999999999745))",TP,0.3576394943415228
8,136.0,Birch,25.35,,,80.0,,POINT (545758.547 6449076.90699999),"(np.float64(545758.547), np.float64(6449076.90699999))","(np.float64(545758.6971), np.float64(6449076.865), np.float64(8.54000000000002))",TP,0.15586535587187467
8,88.0,Fir,32.35,,29.2,0.0,Rotten,POINT (545758.614999999 6449064.37999999),"(np.float64(545758.614999999), np.float64(6449064.37999999))","(np.float64(545758.8321), np.float64(6449064.164), np.float64(28.466999999999985))",TP,0.3062489282260468
8,201.0,Spruce,21.6,,,0.0,,POINT (545758.924 6449094.922),"(np.float64(545758.924), np.float64(6449094.922))",,FN,
8,58.0,Fir,13.35,,,0.0,,POINT (545758.925 6449034.12899999),"(np.float64(545758.925), np.float64(6449034.12899999))","(np.float64(545757.3691), np.float64(6449033.502), np.float64(13.714999999999975))",TP,1.6774843658513532
8,64.0,Spruce,35.0,,,0.0,,POINT (545759.456 6449038.109),"(np.float64(545759.456), np.float64(6449038.109))","(np.float64(545759.3921), np.float64(6449037.974), np.float64(29.492999999999995))",TP,0.14935933159086734
8,193.0,Spruce,48.7,,,0.0,,POINT (545759.68 6449089.46999999),"(np.float64(545759.68), np.float64(6449089.46999999))","(np.float64(545759.6721), np.float64(6449088.455), np.float64(30.722999999999985))",TP,1.0150307337292164
8,57.0,Spruce,24.1,,,0.0,,POINT (545760.148999999 6449033.33),"(np.float64(545760.148999999), np.float64(6449033.33))",,FN,
8,194.0,Birch,14.15,,,0.0,,POINT (545760.177 6449091.50999999),"(np.float64(545760.177), np.float64(6449091.50999999))",,FN,
8,231.0,Spruce,27.45,,,0.0,,POINT (545760.513 6449116.893),"(np.float64(545760.513), np.float64(6449116.893))",,FN,
8,232.0,Spruce,19.05,,,0.0,,POINT (545760.814999999 6449121.967),"(np.float64(545760.814999999), np.float64(6449121.967))","(np.float64(545760.5751), np.float64(6449121.009), np.float64(11.890000000000015))",TP,0.9875808881319037
8,37.0,Spruce,29.75,,,0.0,,POINT (545760.856999999 6449050.818),"(np.float64(545760.856999999), np.float64(6449050.818))","(np.float64(545760.5271), np.float64(6449051.078), np.float64(13.342000000000013))",TP,0.42004048528314974
8,141.0,Birch,36.8,,29.3,0.0,,POINT (545760.966999999 6449071.388),"(np.float64(545760.966999999), np.float64(6449071.388))","(np.float64(545762.1961), np.float64(6449070.579), np.float64(27.754999999999995))",TP,1.471450920982496
8,54.0,Fir,19.5,,24.6,0.0,,POINT (545760.974999999 6449029.218),"(np.float64(545760.974999999), np.float64(6449029.218))",,FN,
8,210.0,Fir,22.2,,,0.0,Cancer,POINT (545761.069999999 6449106.796),"(np.float64(545761.069999999), np.float64(6449106.796))",,FN,
8,89.0,Fir,27.2,94.0,25.8,0.0,Rotten,POINT (545761.15 6449054.484),"(np.float64(545761.15), np.float64(6449054.484))","(np.float64(545761.3071), np.float64(6449053.978), np.float64(25.60300000000001))",TP,0.5298267736138217
8,134.0,Fir,22.1,,,0.0,,POINT (545761.39 6449079.66299999),"(np.float64(545761.39), np.float64(6449079.66299999))","(np.float64(545759.2481), np.float64(6449080.401), np.float64(19.983000000000004))",TP,2.265475584461119
8,36.0,Fir,13.35,,,0.0,,POINT (545761.391999999 6449049.99899999),"(np.float64(545761.391999999), np.float64(6449049.99899999))",,FN,
8,38.0,Fir,15.05,,,0.0,,POINT (545761.562999999 6449051.73099999),"(np.float64(545761.562999999), np.float64(6449051.73099999))",,FN,
8,43.0,Fir,15.0,,,0.0,,POINT (545761.572999999 6449048.063),"(np.float64(545761.572999999), np.float64(6449048.063))",,FN,
8,202.0,Birch,22.8,87.0,24.5,0.0,,POINT (545761.606 6449087.552),"(np.float64(545761.606), np.float64(6449087.552))",,FN,
8,44.0,Fir,13.2,,,0.0,,POINT (545761.667 6449045.372),"(np.float64(545761.667), np.float64(6449045.372))",,FN,
8,229.0,Spruce,20.9,,,0.0,,POINT (545761.734999999 6449113.75299999),"(np.float64(545761.734999999), np.float64(6449113.75299999))",,FN,
8,209.0,Fir,28.6,,,0.0,Frost crack,POINT (545761.756 6449106.15099999),"(np.float64(545761.756), np.float64(6449106.15099999))","(np.float64(545761.2221), np.float64(6449105.8), np.float64(12.662000000000006))",TP,0.6389446011641682
8,91.0,Spruce,36.55,,,0.0,,POINT (545761.766999999 6449063.775),"(np.float64(545761.766999999), np.float64(6449063.775))","(np.float64(545761.4771), np.float64(6449063.361), np.float64(12.043999999999983))",TP,0.5054087554088065
8,35.0,Fir,18.3,,,0.0,,POINT (545762.050999999 6449049.47599999),"(np.float64(545762.050999999), np.float64(6449049.47599999))",,FN,
8,212.0,Fir,14.55,,,0.0,,POINT (545762.111 6449109.42999999),"(np.float64(545762.111), np.float64(6449109.42999999))",,FN,
8,211.0,Fir,31.4,,,0.0,Frost crack,POINT (545762.388999999 6449108.11),"(np.float64(545762.388999999), np.float64(6449108.11))",,FN,
8,206.0,Fir,25.9,,,0.0,Frost crack,POINT (545762.498999999 6449100.565),"(np.float64(545762.498999999), np.float64(6449100.565))","(np.float64(545762.1161), np.float64(6449100.273), np.float64(10.687000000000012))",TP,0.48153547063048435
8,49.0,Spruce,44.5,118.0,33.4,0.0,,POINT (545762.587 6449035.764),"(np.float64(545762.587), np.float64(6449035.764))","(np.float64(545762.7311), np.float64(6449035.199), np.float64(31.433999999999997))",TP,0.5830864519428713
8,46.0,Spruce,51.2,,,0.0,,POINT (545762.736 6449040.76999999),"(np.float64(545762.736), np.float64(6449040.76999999))","(np.float64(545762.7721), np.float64(6449040.506), np.float64(32.548))",TP,0.26645675974267025
8,205.0,Spruce,36.35,,,0.0,Frost crack,POINT (545762.810999999 6449096.34499999),"(np.float64(545762.810999999), np.float64(6449096.34499999))","(np.float64(545762.6661), np.float64(6449095.8), np.float64(27.75))",TP,0.5639335062617119
8,50.0,Spruce,35.45,119.0,31.1,0.0,,POINT (545762.812 6449032.399),"(np.float64(545762.812), np.float64(6449032.399))","(np.float64(545762.7321), np.float64(6449031.762), np.float64(30.05000000000001))",TP,0.6419914408578467
8,230.0,Spruce,47.9,,32.2,0.0,,POINT (545763.062999999 6449116.32699999),"(np.float64(545763.062999999), np.float64(6449116.32699999))","(np.float64(545764.0311), np.float64(6449115.365), np.float64(31.358000000000004))",TP,1.364793608118478
8,92.0,Fir,33.65,,,0.0,,POINT (545763.082999999 6449066.77599999),"(np.float64(545763.082999999), np.float64(6449066.77599999))","(np.float64(545763.2051), np.float64(6449066.503), np.float64(8.875))",TP,0.29906087202411163
8,34.0,Spruce,26.0,,,0.0,,POINT (545763.101999999 6449048.38599999),"(np.float64(545763.101999999), np.float64(6449048.38599999))","(np.float64(545762.3841), np.float64(6449048.66), np.float64(5.769999999999982))",TP,0.7684116177488383
8,135.0,Fir,16.1,,,0.0,,POINT (545763.128 6449081.224),"(np.float64(545763.128), np.float64(6449081.224))",,FN,
8,133.0,Spruce,33.65,,,0.0,,POINT (545763.251999999 6449077.60699999),"(np.float64(545763.251999999), np.float64(6449077.60699999))","(np.float64(545762.9671), np.float64(6449077.331), np.float64(6.215000000000003))",TP,0.39666611095361787
8,208.0,Spruce,15.0,,,0.0,,POINT (545763.496999999 6449103.336),"(np.float64(545763.496999999), np.float64(6449103.336))","(np.float64(545761.6921), np.float64(6449103.853), np.float64(13.435000000000002))",TP,1.8774858206090528
8,204.0,Spruce,47.2,,,0.0,,POINT (545763.653999999 6449090.502),"(np.float64(545763.653999999), np.float64(6449090.502))","(np.float64(545764.8191), np.float64(6449089.898), np.float64(30.927999999999997))",TP,1.3123543776261115
8,53.0,Fir,23.2,104.0,27.4,0.0,,POINT (545763.711 6449029.547),"(np.float64(545763.711), np.float64(6449029.547))",,FN,
8,203.0,Spruce,24.9,,,0.0,,POINT (545763.726999999 6449087.728),"(np.float64(545763.726999999), np.float64(6449087.728))","(np.float64(545763.5431), np.float64(6449087.689), np.float64(8.201999999999998))",TP,0.18798991895180767
8,213.0,Spruce,10.7,,,0.0,,POINT (545763.751999999 6449106.478),"(np.float64(545763.751999999), np.float64(6449106.478))","(np.float64(545764.5491), np.float64(6449106.614), np.float64(27.851))",TP,0.8086188294962856
8,45.0,Fir,24.6,,,0.0,,POINT (545763.875 6449045.50999999),"(np.float64(545763.875), np.float64(6449045.50999999))",,FN,
8,51.0,Fir,23.35,,,0.0,,POINT (545763.973 6449030.91799999),"(np.float64(545763.973), np.float64(6449030.91799999))","(np.float64(545764.6441), np.float64(6449030.845), np.float64(11.12700000000001))",TP,0.6750586705374964
8,207.0,Spruce,22.45,,,0.0,,POINT (545764.484 6449102.995),"(np.float64(545764.484), np.float64(6449102.995))","(np.float64(545765.5281), np.float64(6449102.129), np.float64(25.161))",TP,1.3565031553769897
8,33.0,Spruce,19.25,,,0.0,,POINT (545764.565999999 6449048.904),"(np.float64(545764.565999999), np.float64(6449048.904))",,FN,
8,132.0,Spruce,30.2,,,0.0,,POINT (545764.88 6449075.205),"(np.float64(545764.88), np.float64(6449075.205))","(np.float64(545765.1361), np.float64(6449074.313), np.float64(29.212999999999994))",TP,0.9280362115704539
8,90.0,Spruce,40.85,,,0.0,,POINT (545764.966999999 6449057.985),"(np.float64(545764.966999999), np.float64(6449057.985))","(np.float64(545765.3761), np.float64(6449057.815), np.float64(29.887999999999977))",TP,0.44301558750905795
8,93.0,Spruce,29.85,,,0.0,,POINT (545765.226 6449070.729),"(np.float64(545765.226), np.float64(6449070.729))","(np.float64(545764.7541), np.float64(6449070.698), np.float64(6.090000000000003))",TP,0.4729171280786919
8,47.0,Spruce,35.7,,,0.0,,POINT (545765.674 6449040.56699999),"(np.float64(545765.674), np.float64(6449040.56699999))","(np.float64(545765.3441), np.float64(6449040.467), np.float64(10.159999999999997))",TP,0.34472308870193813
8,52.0,Fir,19.2,,,0.0,,POINT (545765.733 6449031.745),"(np.float64(545765.733), np.float64(6449031.745))","(np.float64(545766.0341), np.float64(6449031.404), np.float64(13.683999999999997))",TP,0.45490901291864433
8,48.0,Fir,36.15,,,0.0,,POINT (545765.905 6449038.166),"(np.float64(545765.905), np.float64(6449038.166))","(np.float64(545765.6191), np.float64(6449037.301), np.float64(28.986999999999995))",TP,0.9110234960726774
8,129.0,Fir,16.55,,20.8,0.0,,POINT (545766.011 6449077.963),"(np.float64(545766.011), np.float64(6449077.963))",,FN,
8,217.0,Birch,14.2,,,80.0,,POINT (545766.02 6449093.081),"(np.float64(545766.02), np.float64(6449093.081))","(np.float64(545765.5681), np.float64(6449093.347), np.float64(15.843999999999994))",TP,0.524375447456976
8,32.0,Spruce,29.7,,,0.0,,POINT (545766.15 6449049.792),"(np.float64(545766.15), np.float64(6449049.792))","(np.float64(545766.3101), np.float64(6449049.536), np.float64(26.727000000000004))",TP,0.30194040806096656
8,216.0,Fir,29.85,95.0,28.4,0.0,Rotten,POINT (545766.197 6449095.723),"(np.float64(545766.197), np.float64(6449095.723))","(np.float64(545765.9281), np.float64(6449095.104), np.float64(27.25200000000001))",TP,0.674883849227892
8,128.0,Birch,27.7,,26.8,0.0,Rotten,POINT (545766.839999999 6449082.23199999),"(np.float64(545766.839999999), np.float64(6449082.23199999))","(np.float64(545765.8841), np.float64(6449080.881), np.float64(24.805000000000007))",TP,1.6549760662515238
8,218.0,Fir,16.7,,19.8,0.0,,POINT (545766.952 6449087.71999999),"(np.float64(545766.952), np.float64(6449087.71999999))",,FN,
8,25.0,Fir,16.1,,,0.0,,POINT (545767.172999999 6449043.268),"(np.float64(545767.172999999), np.float64(6449043.268))","(np.float64(545766.8991), np.float64(6449043.791), np.float64(11.066000000000003))",TP,0.5903814101822894
8,31.0,Spruce,19.45,,,0.0,,POINT (545767.557999999 6449052.16899999),"(np.float64(545767.557999999), np.float64(6449052.16899999))","(np.float64(545766.7031), np.float64(6449052.838), np.float64(8.807000000000016))",TP,1.0855482585570917
8,22.0,Spruce,14.85,,,0.0,,POINT (545767.636999999 6449036.85099999),"(np.float64(545767.636999999), np.float64(6449036.85099999))","(np.float64(545768.4491), np.float64(6449036.436), np.float64(7.484000000000009))",TP,0.911993093729191
8,24.0,Fir,24.4,,26.4,0.0,Rotten,POINT (545767.908999999 6449041.836),"(np.float64(545767.908999999), np.float64(6449041.836))",,FN,
8,214.0,Fir,25.0,78.0,25.6,0.0,,POINT (545767.920999999 6449106.944),"(np.float64(545767.920999999), np.float64(6449106.944))",,FN,
8,26.0,Fir,28.85,,,0.0,,POINT (545768.373999999 6449046.102),"(np.float64(545768.373999999), np.float64(6449046.102))","(np.float64(545767.9481), np.float64(6449045.703), np.float64(21.37899999999999))",TP,0.583602441136523
8,127.0,Fir,11.75,,16.8,0.0,,POINT (545768.648999999 6449079.27599999),"(np.float64(545768.648999999), np.float64(6449079.27599999))",,FN,
8,215.0,Fir,39.15,,28.7,0.0,,POINT (545769.221999999 6449104.81099999),"(np.float64(545769.221999999), np.float64(6449104.81099999))","(np.float64(545769.6811), np.float64(6449103.656), np.float64(27.379999999999995))",TP,1.242898945159861
8,94.0,Fir,37.7,,29.4,0.0,,POINT (545769.327999999 6449070.836),"(np.float64(545769.327999999), np.float64(6449070.836))","(np.float64(545769.3281), np.float64(6449070.433), np.float64(28.931999999999988))",TP,0.4030000123401392
8,219.0,Fir,15.6,,,0.0,,POINT (545769.400999999 6449087.724),"(np.float64(545769.400999999), np.float64(6449087.724))","(np.float64(545769.8421), np.float64(6449088.223), np.float64(11.950000000000017))",TP,0.6660106686128792
8,131.0,Spruce,38.1,,,0.0,,POINT (545769.473 6449072.892),"(np.float64(545769.473), np.float64(6449072.892))","(np.float64(545770.9401), np.float64(6449073.026), np.float64(5.612000000000023))",TP,1.4732068455998981
8,130.0,Spruce,14.3,,,0.0,,POINT (545769.665 6449076.07299999),"(np.float64(545769.665), np.float64(6449076.07299999))","(np.float64(545769.5601), np.float64(6449075.896), np.float64(6.626000000000005))",TP,0.20574986374442691
8,228.0,Spruce,31.7,,,0.0,,POINT (545769.768 6449093.967),"(np.float64(545769.768), np.float64(6449093.967))","(np.float64(545769.7441), np.float64(6449093.9), np.float64(10.738))",TP,0.07113515288125849
8,126.0,Spruce,46.2,,,0.0,,POINT (545769.966 6449080.73099999),"(np.float64(545769.966), np.float64(6449080.73099999))","(np.float64(545770.2281), np.float64(6449080.366), np.float64(30.473000000000013))",TP,0.44935665417380694
8,23.0,Fir,23.55,,,0.0,Damaged bark,POINT (545770.001999999 6449042.337),"(np.float64(545770.001999999), np.float64(6449042.337))","(np.float64(545769.0501), np.float64(6449042.467), np.float64(6.527999999999992))",TP,0.9607359721433517
8,96.0,Birch,20.8,,24.6,0.0,,POINT (545770.008 6449059.775),"(np.float64(545770.008), np.float64(6449059.775))","(np.float64(545769.1721), np.float64(6449059.14), np.float64(23.29000000000002))",TP,1.0497398777818294
8,29.0,Fir,18.15,,,0.0,,POINT (545770.457999999 6449052.18099999),"(np.float64(545770.457999999), np.float64(6449052.18099999))","(np.float64(545771.7631), np.float64(6449051.314), np.float64(13.14500000000001))",TP,1.5668359818443578
8,30.0,Spruce,22.55,,,0.0,,POINT (545770.731999999 6449053.991),"(np.float64(545770.731999999), np.float64(6449053.991))","(np.float64(545770.3191), np.float64(6449053.937), np.float64(23.278999999999996))",TP,0.4164161491561894
8,95.0,Fir,28.7,105.0,25.3,0.0,,POINT (545770.800999999 6449065.44),"(np.float64(545770.800999999), np.float64(6449065.44))","(np.float64(545770.3011), np.float64(6449064.777), np.float64(24.367999999999995))",TP,0.830342706269859
8,220.0,Birch,34.7,,29.2,0.0,,POINT (545770.915999999 6449089.531),"(np.float64(545770.915999999), np.float64(6449089.531))","(np.float64(545771.4001), np.float64(6449088.437), np.float64(27.906000000000006))",TP,1.196323038318529
8,21.0,Spruce,25.5,,,0.0,,POINT (545770.964 6449037.769),"(np.float64(545770.964), np.float64(6449037.769))","(np.float64(545770.4551), np.float64(6449037.203), np.float64(8.442999999999984))",TP,0.7611407298686413
8,226.0,Spruce,42.2,,,0.0,,POINT (545771.248999999 6449096.365),"(np.float64(545771.248999999), np.float64(6449096.365))","(np.float64(545771.0431), np.float64(6449096.531), np.float64(7.865000000000009))",TP,0.26448215376399903
8,27.0,Fir,22.4,,,0.0,,POINT (545771.506 6449048.699),"(np.float64(545771.506), np.float64(6449048.699))","(np.float64(545770.6981), np.float64(6449048.232), np.float64(23.412000000000006))",TP,0.9331620492659282
8,225.0,Fir,14.4,,,0.0,,POINT (545771.88 6449095.871),"(np.float64(545771.88), np.float64(6449095.871))","(np.float64(545772.1071), np.float64(6449096.16), np.float64(30.816000000000003))",TP,0.3675532749617143
8,20.0,Fir,37.15,,,0.0,,POINT (545772.099 6449040.008),"(np.float64(545772.099), np.float64(6449040.008))","(np.float64(545772.2321), np.float64(6449041.03), np.float64(9.875))",TP,1.030630685430182
8,227.0,Fir,21.85,,,0.0,A hollow,POINT (545772.824999999 6449097.16399999),"(np.float64(545772.824999999), np.float64(6449097.16399999))","(np.float64(545772.4941), np.float64(6449097.055), np.float64(9.264999999999986))",TP,0.34839030863347703
8,98.0,Fir,20.3,,,80.0,,POINT (545772.883999999 6449058.49399999),"(np.float64(545772.883999999), np.float64(6449058.49399999))","(np.float64(545773.6561), np.float64(6449058.366), np.float64(8.163000000000011))",TP,0.782638108448544
8,97.0,Fir,23.0,,,0.0,,POINT (545772.993 6449057.597),"(np.float64(545772.993), np.float64(6449057.597))",,FN,
8,105.0,Fir,33.6,,,0.0,,POINT (545773.136 6449068.069),"(np.float64(545773.136), np.float64(6449068.069))","(np.float64(545773.0971), np.float64(6449067.706), np.float64(27.34699999999998))",TP,0.36507836135223665
8,104.0,Spruce,26.15,,,0.0,,POINT (545773.312 6449063.53699999),"(np.float64(545773.312), np.float64(6449063.53699999))","(np.float64(545772.9421), np.float64(6449063.418), np.float64(6.8089999999999975))",TP,0.3885704669775392
8,224.0,Fir,14.9,,,0.0,,POINT (545773.687 6449095.06599999),"(np.float64(545773.687), np.float64(6449095.06599999))",,FN,
8,28.0,Fir,24.9,,,0.0,,POINT (545773.827999999 6449049.59399999),"(np.float64(545773.827999999), np.float64(6449049.59399999))","(np.float64(545775.3851), np.float64(6449050.607), np.float64(28.376000000000005))",TP,1.8576139082809073
8,106.0,Fir,11.25,,,0.0,,POINT (545773.939 6449069.03199999),"(np.float64(545773.939), np.float64(6449069.03199999))",,FN,
8,125.0,Spruce,39.95,,,0.0,Damaged bark,POINT (545774.150999999 6449078.723),"(np.float64(545774.150999999), np.float64(6449078.723))","(np.float64(545774.3731), np.float64(6449077.786), np.float64(24.706000000000017))",TP,0.962962829119664
8,19.0,Spruce,42.7,,,0.0,,POINT (545774.342999999 6449039.091),"(np.float64(545774.342999999), np.float64(6449039.091))","(np.float64(545774.0971), np.float64(6449038.859), np.float64(7.838999999999999))",TP,0.3380692375863718
8,102.0,Fir,13.4,,,0.0,,POINT (545774.464 6449061.71999999),"(np.float64(545774.464), np.float64(6449061.71999999))",,FN,
8,221.0,Fir,30.15,106.0,27.4,0.0,,POINT (545774.905999999 6449087.457),"(np.float64(545774.905999999), np.float64(6449087.457))","(np.float64(545775.3241), np.float64(6449086.939), np.float64(26.75))",TP,0.665681313354312
8,107.0,Fir,24.3,,,0.0,,POINT (545775.055 6449072.031),"(np.float64(545775.055), np.float64(6449072.031))","(np.float64(545774.6721), np.float64(6449071.438), np.float64(21.476))",TP,0.7058763421952515
8,101.0,Spruce,18.05,,,80.0,,POINT (545775.336 6449059.223),"(np.float64(545775.336), np.float64(6449059.223))",,FN,
8,223.0,Spruce,42.3,103.0,23.3,0.0,,POINT (545775.606 6449093.68099999),"(np.float64(545775.606), np.float64(6449093.68099999))",,FN,
8,109.0,Fir,18.6,,,0.0,,POINT (545775.890999999 6449065.54899999),"(np.float64(545775.890999999), np.float64(6449065.54899999))","(np.float64(545776.1211), np.float64(6449065.828), np.float64(8.781000000000006))",TP,0.3616448751189796
8,99.0,Spruce,12.65,,,0.0,,POINT (545776.049 6449057.89499999),"(np.float64(545776.049), np.float64(6449057.89499999))",,FN,
8,14.0,Birch,44.4,,,0.0,Two tops,POINT (545776.229999999 6449054.07),"(np.float64(545776.229999999), np.float64(6449054.07))","(np.float64(545775.7021), np.float64(6449053.786), np.float64(8.12700000000001))",TP,0.5994450842186377
8,100.0,Fir,25.75,108.0,26.1,0.0,,POINT (545776.685999999 6449058.627),"(np.float64(545776.685999999), np.float64(6449058.627))","(np.float64(545776.7401), np.float64(6449058.148), np.float64(25.96199999999999))",TP,0.48204544430915963
8,103.0,Spruce,36.55,,,0.0,,POINT (545777.094999999 6449061.90799999),"(np.float64(545777.094999999), np.float64(6449061.90799999))","(np.float64(545777.1591), np.float64(6449061.883), np.float64(7.927000000000021))",TP,0.06880268591393257
8,16.0,Fir,27.9,,,0.0,,POINT (545777.768999999 6449048.815),"(np.float64(545777.768999999), np.float64(6449048.815))","(np.float64(545777.2391), np.float64(6449047.617), np.float64(14.644000000000005))",TP,1.309961072272051
8,222.0,Tilia,18.35,,,0.0,,POINT (545778.442 6449086.73799999),"(np.float64(545778.442), np.float64(6449086.73799999))","(np.float64(545779.8661), np.float64(6449085.356), np.float64(18.352000000000004))",TP,1.9844356331527526
8,108.0,Spruce,21.05,,,0.0,,POINT (545778.761 6449064.888),"(np.float64(545778.761), np.float64(6449064.888))","(np.float64(545779.2571), np.float64(6449066.866), np.float64(6.623000000000019))",TP,2.039264379736246
8,17.0,Spruce,21.1,,25.5,0.0,,POINT (545779.035 6449047.28),"(np.float64(545779.035), np.float64(6449047.28))","(np.float64(545779.5351), np.float64(6449047.285), np.float64(24.645999999999987))",TP,0.5001249943218332
8,13.0,Spruce,50.95,,30.5,0.0,,POINT (545779.180999999 6449056.52799999),"(np.float64(545779.180999999), np.float64(6449056.52799999))","(np.float64(545780.2541), np.float64(6449055.382), np.float64(28.989000000000004))",TP,1.5699871298678012
8,124.0,Spruce,49.85,,,0.0,Damaged bark & frost crack,POINT (545779.272 6449082.29399999),"(np.float64(545779.272), np.float64(6449082.29399999))","(np.float64(545779.3431), np.float64(6449082.036), np.float64(29.615999999999985))",TP,0.2676176468738664
8,15.0,Spruce,22.4,,,0.0,,POINT (545779.907 6449051.585),"(np.float64(545779.907), np.float64(6449051.585))",,FN,
8,117.0,Fir,22.0,,23.8,0.0,,POINT (545781.177999999 6449075.12899999),"(np.float64(545781.177999999), np.float64(6449075.12899999))","(np.float64(545781.4941), np.float64(6449074.339), np.float64(23.28200000000001))",TP,0.8508931754146626
8,18.0,Spruce,48.55,,33.6,0.0,,POINT (545781.454 6449042.15099999),"(np.float64(545781.454), np.float64(6449042.15099999))","(np.float64(545782.4231), np.float64(6449042.106), np.float64(33.55099999999999))",TP,0.9701442207893196
8,115.0,Spruce,20.55,,,0.0,Damaged bark,POINT (545782.461 6449068.155),"(np.float64(545782.461), np.float64(6449068.155))","(np.float64(545781.3501), np.float64(6449067.604), np.float64(7.016999999999996))",TP,1.2400402452783463
8,123.0,Spruce,29.3,,,0.0,,POINT (545782.957 6449078.73),"(np.float64(545782.957), np.float64(6449078.73))","(np.float64(545783.2541), np.float64(6449078.957), np.float64(28.575000000000017))",TP,0.3738949183395176
8,116.0,Spruce,41.25,110.0,28.8,0.0,,POINT (545783.611 6449070.18599999),"(np.float64(545783.611), np.float64(6449070.18599999))","(np.float64(545784.4881), np.float64(6449070.713), np.float64(29.348000000000013))",TP,1.0232465100956671
8,113.0,Spruce,33.65,,,0.0,,POINT (545783.675999999 6449064.98599999),"(np.float64(545783.675999999), np.float64(6449064.98599999))","(np.float64(545783.6191), np.float64(6449064.54), np.float64(6.453000000000003))",TP,0.44961494766539106
8,114.0,Spruce,29.05,,,0.0,,POINT (545784.067 6449066.262),"(np.float64(545784.067), np.float64(6449066.262))",,FN,
8,122.0,Spruce,28.4,,26.1,0.0,,POINT (545784.219 6449077.462),"(np.float64(545784.219), np.float64(6449077.462))",,FN,
8,118.0,Fir,20.6,,,0.0,,POINT (545784.451 6449073.058),"(np.float64(545784.451), np.float64(6449073.058))","(np.float64(545784.7691), np.float64(6449073.349), np.float64(7.560000000000002))",TP,0.43112481967311006
8,110.0,Fir,21.8,,,0.0,,POINT (545784.528 6449059.944),"(np.float64(545784.528), np.float64(6449059.944))",,FN,
8,12.0,Fir,36.4,,29.3,0.0,,POINT (545784.812 6449052.502),"(np.float64(545784.812), np.float64(6449052.502))","(np.float64(545785.7031), np.float64(6449052.302), np.float64(28.578000000000003))",TP,0.9132684217078679
8,10.0,Spruce,48.3,,,0.0,,POINT (545784.839 6449047.63499999),"(np.float64(545784.839), np.float64(6449047.63499999))","(np.float64(545785.8141), np.float64(6449047.978), np.float64(31.112000000000023))",TP,1.0336677495570437
8,11.0,Fir,21.75,,,0.0,,POINT (545785.397 6449050.94099999),"(np.float64(545785.397), np.float64(6449050.94099999))","(np.float64(545785.7511), np.float64(6449050.529), np.float64(7.8629999999999995))",TP,0.543259424169672
8,119.0,Spruce,21.6,,,0.0,,POINT (545785.420999999 6449069.12899999),"(np.float64(545785.420999999), np.float64(6449069.12899999))",,FN,
8,112.0,Spruce,29.2,,,0.0,,POINT (545786.069999999 6449063.86),"(np.float64(545786.069999999), np.float64(6449063.86))","(np.float64(545786.1191), np.float64(6449063.927), np.float64(8.006))",TP,0.08306509538662445
8,111.0,Spruce,39.4,,,0.0,,POINT (545786.886999999 6449061.31099999),"(np.float64(545786.886999999), np.float64(6449061.31099999))","(np.float64(545787.0631), np.float64(6449061.158), np.float64(8.061000000000007))",TP,0.23328139118229563
8,9.0,Spruce,27.55,,,0.0,,POINT (545787.785 6449043.63499999),"(np.float64(545787.785), np.float64(6449043.63499999))",,FN,
8,121.0,Spruce,15.4,,,0.0,,POINT (545787.79 6449072.57699999),"(np.float64(545787.79), np.float64(6449072.57699999))",,FN,
8,4.0,Spruce,28.75,,,0.0,,POINT (545788.538999999 6449056.12899999),"(np.float64(545788.538999999), np.float64(6449056.12899999))","(np.float64(545788.9601), np.float64(6449055.94), np.float64(7.878999999999991))",TP,0.4615692874674186
8,5.0,Spruce,22.05,,,0.0,,POINT (545788.861999999 6449053.149),"(np.float64(545788.861999999), np.float64(6449053.149))","(np.float64(545788.3921), np.float64(6449053.34), np.float64(25.885999999999996))",TP,0.5072346684747644
8,120.0,Fir,23.15,,,0.0,,POINT (545789.405999999 6449070.388),"(np.float64(545789.405999999), np.float64(6449070.388))",,FN,
8,6.0,Fir,38.3,,,0.0,,POINT (545789.522 6449052.01599999),"(np.float64(545789.522), np.float64(6449052.01599999))","(np.float64(545790.2961), np.float64(6449052.008), np.float64(14.057999999999993))",TP,0.7741413371518459
8,7.0,Fir,19.85,,,0.0,,POINT (545790.464999999 6449049.064),"(np.float64(545790.464999999), np.float64(6449049.064))","(np.float64(545790.3591), np.float64(6449049.213), np.float64(13.772999999999996))",TP,0.18279991755384908
8,8.0,Fir,22.1,,,0.0,,POINT (545791.334999999 6449047.126),"(np.float64(545791.334999999), np.float64(6449047.126))",,FN,
8,3.0,Fir,43.55,,31.3,0.0,,POINT (545794.537999999 6449055.904),"(np.float64(545794.537999999), np.float64(6449055.904))",,FN,
8,2.0,Tilia,15.3,,,0.0,,POINT (545795.03 6449054.631),"(np.float64(545795.03), np.float64(6449054.631))","(np.float64(545795.3551), np.float64(6449055.431), np.float64(30.226))",TP,0.8635334444667643
8,1.0,Spruce,44.35,,,0.0,Two tops,POINT (545797.506999999 6449052.956),"(np.float64(545797.506999999), np.float64(6449052.956))",,FN,
8,,,,,,,,,,"(np.float64(545777.1751), np.float64(6449061.991), np.float64(12.367999999999995))",FP,
8,,,,,,,,,,"(np.float64(545746.2221), np.float64(6449052.231), np.float64(26.992999999999995))",FP,
8,,,,,,,,,,"(np.float64(545745.5541), np.float64(6449117.39), np.float64(8.431999999999988))",FP,
8,,,,,,,,,,"(np.float64(545786.3451), np.float64(6449063.898), np.float64(17.100000000000023))",FP,
8,,,,,,,,,,"(np.float64(545738.1931), np.float64(6449099.513), np.float64(9.823000000000008))",FP,
8,,,,,,,,,,"(np.float64(545737.0411), np.float64(6449076.412), np.float64(7.896000000000015))",FP,
8,,,,,,,,,,"(np.float64(545777.4371), np.float64(6449061.748), np.float64(29.932000000000016))",FP,
8,,,,,,,,,,"(np.float64(545749.7711), np.float64(6449074.696), np.float64(6.259999999999991))",FP,
8,,,,,,,,,,"(np.float64(545737.4081), np.float64(6449079.634), np.float64(13.058000000000021))",FP,
8,,,,,,,,,,"(np.float64(545758.1411), np.float64(6449029.332), np.float64(9.367999999999995))",FP,
8,,,,,,,,,,"(np.float64(545765.9431), np.float64(6449040.193), np.float64(28.46799999999999))",FP,
8,,,,,,,,,,"(np.float64(545744.8271), np.float64(6449121.661), np.float64(10.359000000000009))",FP,
8,,,,,,,,,,"(np.float64(545769.8431), np.float64(6449093.473), np.float64(29.80600000000001))",FP,
8,,,,,,,,,,"(np.float64(545755.9501), np.float64(6449125.203), np.float64(15.720999999999975))",FP,
8,,,,,,,,,,"(np.float64(545789.0461), np.float64(6449056.184), np.float64(25.644999999999982))",FP,
8,,,,,,,,,,"(np.float64(545740.7321), np.float64(6449085.107), np.float64(8.113))",FP,
8,,,,,,,,,,"(np.float64(545787.0901), np.float64(6449060.806), np.float64(11.585000000000008))",FP,
8,,,,,,,,,,"(np.float64(545745.5951), np.float64(6449122.17), np.float64(22.87899999999999))",FP,
8,,,,,,,,,,"(np.float64(545762.7881), np.float64(6449077.304), np.float64(11.59899999999999))",FP,
8,,,,,,,,,,"(np.float64(545762.2081), np.float64(6449040.981), np.float64(11.91500000000002))",FP,
8,,,,,,,,,,"(np.float64(545754.2721), np.float64(6449074.33), np.float64(29.164000000000016))",FP,
8,,,,,,,,,,"(np.float64(545773.1111), np.float64(6449062.982), np.float64(25.24000000000001))",FP,
8,,,,,,,,,,"(np.float64(545784.9301), np.float64(6449073.44), np.float64(13.938000000000017))",FP,
8,,,,,,,,,,"(np.float64(545762.8231), np.float64(6449100.037), np.float64(25.855999999999995))",FP,
8,,,,,,,,,,"(np.float64(545760.6371), np.float64(6449050.228), np.float64(26.959000000000003))",FP,
8,,,,,,,,,,"(np.float64(545723.5261), np.float64(6449113.345), np.float64(8.269999999999982))",FP,
8,,,,,,,,,,"(np.float64(545786.5551), np.float64(6449063.442), np.float64(31.180000000000007))",FP,
8,,,,,,,,,,"(np.float64(545745.5601), np.float64(6449116.685), np.float64(25.468000000000018))",FP,
8,,,,,,,,,,"(np.float64(545772.6171), np.float64(6449097.832), np.float64(11.811999999999983))",FP,
8,,,,,,,,,,"(np.float64(545758.8271), np.float64(6449037.789), np.float64(12.238))",FP,
8,,,,,,,,,,"(np.float64(545737.5021), np.float64(6449076.332), np.float64(5.7029999999999745))",FP,
8,,,,,,,,,,"(np.float64(545772.1591), np.float64(6449096.572), np.float64(14.771000000000015))",FP,
8,,,,,,,,,,"(np.float64(545755.0921), np.float64(6449094.679), np.float64(14.884999999999991))",FP,
8,,,,,,,,,,"(np.float64(545770.9561), np.float64(6449036.992), np.float64(25.13900000000001))",FP,
8,,,,,,,,,,"(np.float64(545761.9081), np.float64(6449100.041), np.float64(13.432999999999993))",FP,
8,,,,,,,,,,"(np.float64(545754.0551), np.float64(6449128.838), np.float64(17.760999999999996))",FP,
8,,,,,,,,,,"(np.float64(545762.8651), np.float64(6449047.628), np.float64(25.194000000000017))",FP,
8,,,,,,,,,,"(np.float64(545787.4311), np.float64(6449060.728), np.float64(30.998999999999995))",FP,
8,,,,,,,,,,"(np.float64(545767.5921), np.float64(6449045.94), np.float64(10.316999999999979))",FP,
8,,,,,,,,,,"(np.float64(545737.4381), np.float64(6449080.694), np.float64(7.525000000000006))",FP,
8,,,,,,,,,,"(np.float64(545736.1971), np.float64(6449084.773), np.float64(25.212000000000018))",FP,
8,,,,,,,,,,"(np.float64(545755.4351), np.float64(6449130.476), np.float64(10.822000000000003))",FP,
8,,,,,,,,,,"(np.float64(545738.9191), np.float64(6449074.13), np.float64(25.412999999999982))",FP,
8,,,,,,,,,,"(np.float64(545757.7981), np.float64(6449036.607), np.float64(16.743000000000023))",FP,
8,,,,,,,,,,"(np.float64(545765.1221), np.float64(6449039.842), np.float64(7.141999999999996))",FP,
8,,,,,,,,,,"(np.float64(545741.7861), np.float64(6449112.461), np.float64(11.62899999999999))",FP,
8,,,,,,,,,,"(np.float64(545738.7131), np.float64(6449075.179), np.float64(8.378000000000014))",FP,
8,,,,,,,,,,"(np.float64(545734.4501), np.float64(6449084.12), np.float64(14.545999999999992))",FP,
8,,,,,,,,,,"(np.float64(545723.4081), np.float64(6449120.571), np.float64(6.945999999999998))",FP,
8,,,,,,,,,,"(np.float64(545763.2731), np.float64(6449107.334), np.float64(12.000999999999976))",FP,
8,,,,,,,,,,"(np.float64(545770.6131), np.float64(6449048.252), np.float64(12.357))",FP,
8,,,,,,,,,,"(np.float64(545740.9641), np.float64(6449076.61), np.float64(25.966999999999985))",FP,
8,,,,,,,,,,"(np.float64(545775.2561), np.float64(6449038.596), np.float64(31.813999999999993))",FP,
8,,,,,,,,,,"(np.float64(545766.7571), np.float64(6449032.054), np.float64(8.627999999999986))",FP,
8,,,,,,,,,,"(np.float64(545772.5611), np.float64(6449062.763), np.float64(10.192999999999984))",FP,
8,,,,,,,,,,"(np.float64(545749.8741), np.float64(6449053.421), np.float64(9.701000000000022))",FP,
8,,,,,,,,,,"(np.float64(545772.2961), np.float64(6449067.347), np.float64(11.446999999999974))",FP,
8,,,,,,,,,,"(np.float64(545763.6021), np.float64(6449076.499), np.float64(28.873999999999995))",FP,
8,,,,,,,,,,"(np.float64(545768.6511), np.float64(6449094.311), np.float64(12.828000000000003))",FP,
8,,,,,,,,,,"(np.float64(545755.2341), np.float64(6449089.81), np.float64(10.835999999999984))",FP,
8,,,,,,,,,,"(np.float64(545785.4631), np.float64(6449052.124), np.float64(10.887))",FP,
8,,,,,,,,,,"(np.float64(545775.9801), np.float64(6449052.898), np.float64(28.300999999999988))",FP,
8,,,,,,,,,,"(np.float64(545790.6941), np.float64(6449051.677), np.float64(29.909999999999997))",FP,
8,,,,,,,,,,"(np.float64(545754.9671), np.float64(6449089.867), np.float64(6.872000000000014))",FP,
8,,,,,,,,,,"(np.float64(545747.1311), np.float64(6449130.076), np.float64(7.479000000000013))",FP,
8,,,,,,,,,,"(np.float64(545741.1771), np.float64(6449106.558), np.float64(22.84899999999999))",FP,
8,,,,,,,,,,"(np.float64(545745.6531), np.float64(6449050.39), np.float64(9.745999999999981))",FP,
8,,,,,,,,,,"(np.float64(545794.1321), np.float64(6449055.531), np.float64(10.894000000000005))",FP,
8,,,,,,,,,,"(np.float64(545765.8061), np.float64(6449069.593), np.float64(28.82899999999998))",FP,
8,,,,,,,,,,"(np.float64(545740.9131), np.float64(6449059.205), np.float64(11.322000000000003))",FP,
8,,,,,,,,,,"(np.float64(545774.0751), np.float64(6449067.156), np.float64(6.275999999999982))",FP,
8,,,,,,,,,,"(np.float64(545782.9111), np.float64(6449080.043), np.float64(6.367999999999995))",FP,
8,,,,,,,,,,"(np.float64(545743.1921), np.float64(6449059.209), np.float64(5.656000000000006))",FP,
8,,,,,,,,,,"(np.float64(545757.4451), np.float64(6449121.468), np.float64(26.50200000000001))",FP,
8,,,,,,,,,,"(np.float64(545733.3061), np.float64(6449109.532), np.float64(15.472000000000008))",FP,
8,,,,,,,,,,"(np.float64(545743.7341), np.float64(6449106.287), np.float64(8.298000000000002))",FP,
8,,,,,,,,,,"(np.float64(545748.4431), np.float64(6449131.676), np.float64(11.694000000000017))",FP,
8,,,,,,,,,,"(np.float64(545758.5311), np.float64(6449075.441), np.float64(27.488))",FP,
8,,,,,,,,,,"(np.float64(545795.1221), np.float64(6449056.029), np.float64(5.905000000000001))",FP,
8,,,,,,,,,,"(np.float64(545763.3171), np.float64(6449065.387), np.float64(26.12900000000002))",FP,
8,,,,,,,,,,"(np.float64(545769.7661), np.float64(6449046.342), np.float64(13.304000000000002))",FP,
8,,,,,,,,,,"(np.float64(545761.7351), np.float64(6449066.313), np.float64(6.494))",FP,
8,,,,,,,,,,"(np.float64(545739.5311), np.float64(6449103.576), np.float64(12.789000000000016))",FP,
8,,,,,,,,,,"(np.float64(545761.7261), np.float64(6449062.33), np.float64(28.131))",FP,
8,,,,,,,,,,"(np.float64(545737.9481), np.float64(6449072.418), np.float64(7.5660000000000025))",FP,
8,,,,,,,,,,"(np.float64(545753.0461), np.float64(6449067.23), np.float64(8.504999999999995))",FP,
8,,,,,,,,,,"(np.float64(545739.2751), np.float64(6449099.018), np.float64(30.143))",FP,
8,,,,,,,,,,"(np.float64(545772.1021), np.float64(6449041.516), np.float64(12.094999999999999))",FP,
8,,,,,,,,,,"(np.float64(545758.9311), np.float64(6449062.11), np.float64(15.912999999999982))",FP,
8,,,,,,,,,,"(np.float64(545762.6861), np.float64(6449097.902), np.float64(6.253000000000014))",FP,
8,,,,,,,,,,"(np.float64(545773.4961), np.float64(6449040.711), np.float64(13.301000000000016))",FP,
8,,,,,,,,,,"(np.float64(545769.0701), np.float64(6449074.626), np.float64(14.653999999999996))",FP,
8,,,,,,,,,,"(np.float64(545757.6461), np.float64(6449102.312), np.float64(30.47))",FP,
8,,,,,,,,,,"(np.float64(545783.4941), np.float64(6449071.811), np.float64(7.187999999999988))",FP,
8,,,,,,,,,,"(np.float64(545756.8421), np.float64(6449038.816), np.float64(12.080000000000013))",FP,
8,,,,,,,,,,"(np.float64(545739.2641), np.float64(6449083.711), np.float64(6.247000000000014))",FP,
8,,,,,,,,,,"(np.float64(545785.9061), np.float64(6449052.457), np.float64(17.215000000000003))",FP,
8,,,,,,,,,,"(np.float64(545735.7961), np.float64(6449106.744), np.float64(26.550999999999988))",FP,
8,,,,,,,,,,"(np.float64(545757.7631), np.float64(6449078.305), np.float64(26.519000000000005))",FP,
8,,,,,,,,,,"(np.float64(545772.1111), np.float64(6449053.083), np.float64(17.371999999999986))",FP,
8,,,,,,,,,,"(np.float64(545747.6051), np.float64(6449057.396), np.float64(9.269999999999982))",FP,
8,,,,,,,,,,"(np.float64(545756.7971), np.float64(6449034.628), np.float64(16.860000000000014))",FP,
8,,,,,,,,,,"(np.float64(545750.9461), np.float64(6449121.242), np.float64(26.24799999999999))",FP,
8,,,,,,,,,,"(np.float64(545763.4781), np.float64(6449063.65), np.float64(11.85499999999999))",FP,
8,,,,,,,,,,"(np.float64(545781.9521), np.float64(6449065.172), np.float64(10.365999999999985))",FP,
8,,,,,,,,,,"(np.float64(545762.5311), np.float64(6449031.893), np.float64(14.65100000000001))",FP,
8,,,,,,,,,,"(np.float64(545715.0131), np.float64(6449117.387), np.float64(9.221000000000004))",FP,
8,,,,,,,,,,"(np.float64(545793.7201), np.float64(6449055.861), np.float64(13.757000000000005))",FP,
8,,,,,,,,,,"(np.float64(545769.0151), np.float64(6449047.806), np.float64(5.864000000000004))",FP,
8,,,,,,,,,,"(np.float64(545783.8001), np.float64(6449080.351), np.float64(11.945999999999998))",FP,
8,,,,,,,,,,"(np.float64(545751.7621), np.float64(6449125.845), np.float64(7.7949999999999875))",FP,
8,,,,,,,,,,"(np.float64(545738.5941), np.float64(6449110.262), np.float64(24.877999999999986))",FP,
8,,,,,,,,,,"(np.float64(545752.2341), np.float64(6449073.196), np.float64(15.109000000000009))",FP,
8,,,,,,,,,,"(np.float64(545759.3991), np.float64(6449123.166), np.float64(9.792999999999978))",FP,
8,,,,,,,,,,"(np.float64(545720.9081), np.float64(6449109.652), np.float64(6.8940000000000055))",FP,
8,,,,,,,,,,"(np.float64(545735.6501), np.float64(6449109.081), np.float64(17.435000000000002))",FP,
8,,,,,,,,,,"(np.float64(545755.9911), np.float64(6449108.54), np.float64(27.52000000000001))",FP,
8,,,,,,,,,,"(np.float64(545732.0091), np.float64(6449110.183), np.float64(12.292000000000002))",FP,
8,,,,,,,,,,"(np.float64(545757.5731), np.float64(6449039.735), np.float64(14.615000000000009))",FP,
8,,,,,,,,,,"(np.float64(545731.0801), np.float64(6449077.529), np.float64(9.218000000000018))",FP,
8,,,,,,,,,,"(np.float64(545760.9841), np.float64(6449095.692), np.float64(9.347999999999985))",FP,
8,,,,,,,,,,"(np.float64(545722.6121), np.float64(6449106.04), np.float64(8.382999999999981))",FP,
8,,,,,,,,,,"(np.float64(545746.4101), np.float64(6449058.878), np.float64(8.560000000000002))",FP,
8,,,,,,,,,,"(np.float64(545722.7031), np.float64(6449110.938), np.float64(7.527999999999992))",FP,
8,,,,,,,,,,"(np.float64(545717.5771), np.float64(6449119.6), np.float64(7.796999999999997))",FP,
8,,,,,,,,,,"(np.float64(545737.5191), np.float64(6449097.537), np.float64(11.730999999999995))",FP,
8,,,,,,,,,,"(np.float64(545775.1711), np.float64(6449093.756), np.float64(14.40300000000002))",FP,
8,,,,,,,,,,"(np.float64(545752.7661), np.float64(6449124.807), np.float64(11.910000000000025))",FP,
8,,,,,,,,,,"(np.float64(545767.5721), np.float64(6449091.814), np.float64(11.305000000000007))",FP,
8,,,,,,,,,,"(np.float64(545758.2031), np.float64(6449091.857), np.float64(11.185000000000002))",FP,
8,,,,,,,,,,"(np.float64(545748.5291), np.float64(6449122.679), np.float64(13.620000000000005))",FP,
8,,,,,,,,,,"(np.float64(545779.1881), np.float64(6449061.845), np.float64(5.760000000000019))",FP,
8,,,,,,,,,,"(np.float64(545742.9321), np.float64(6449102.598), np.float64(29.390000000000015))",FP,
8,,,,,,,,,,"(np.float64(545776.0671), np.float64(6449068.818), np.float64(5.60499999999999))",FP,
8,,,,,,,,,,"(np.float64(545750.9381), np.float64(6449056.484), np.float64(13.003000000000014))",FP,
8,,,,,,,,,,"(np.float64(545721.3501), np.float64(6449118.43), np.float64(6.742999999999995))",FP,
8,,,,,,,,,,"(np.float64(545776.4171), np.float64(6449087.471), np.float64(6.054000000000002))",FP,
8,,,,,,,,,,"(np.float64(545767.2421), np.float64(6449087.507), np.float64(9.435000000000002))",FP,
8,,,,,,,,,,"(np.float64(545739.7811), np.float64(6449060.781), np.float64(5.652999999999992))",FP,
8,,,,,,,,,,"(np.float64(545736.2071), np.float64(6449069.554), np.float64(9.982))",FP,
8,,,,,,,,,,"(np.float64(545742.3601), np.float64(6449083.565), np.float64(7.352000000000004))",FP,
8,,,,,,,,,,"(np.float64(545780.7401), np.float64(6449078.612), np.float64(11.552999999999997))",FP,
8,,,,,,,,,,"(np.float64(545751.7951), np.float64(6449047.592), np.float64(10.15300000000002))",FP,
8,,,,,,,,,,"(np.float64(545772.4821), np.float64(6449093.182), np.float64(14.454000000000008))",FP,
8,,,,,,,,,,"(np.float64(545771.0651), np.float64(6449092.143), np.float64(5.764999999999986))",FP,
8,,,,,,,,,,"(np.float64(545770.9771), np.float64(6449098.6), np.float64(5.609000000000009))",FP,
8,,,,,,,,,,"(np.float64(545718.6341), np.float64(6449110.968), np.float64(7.5330000000000155))",FP,
8,,,,,,,,,,"(np.float64(545741.8521), np.float64(6449110.963), np.float64(9.569000000000017))",FP,
8,,,,,,,,,,"(np.float64(545766.0501), np.float64(6449035.215), np.float64(13.360000000000014))",FP,
8,,,,,,,,,,"(np.float64(545772.1041), np.float64(6449081.563), np.float64(5.85299999999998))",FP,
8,,,,,,,,,,"(np.float64(545760.6441), np.float64(6449028.697), np.float64(13.62299999999999))",FP,
8,,,,,,,,,,"(np.float64(545767.1091), np.float64(6449087.564), np.float64(7.088999999999999))",FP,
8,,,,,,,,,,"(np.float64(545731.3871), np.float64(6449109.058), np.float64(14.962000000000018))",FP,
8,,,,,,,,,,"(np.float64(545769.6961), np.float64(6449098.083), np.float64(12.50800000000001))",FP,
8,,,,,,,,,,"(np.float64(545779.3941), np.float64(6449061.43), np.float64(16.912000000000006))",FP,
8,,,,,,,,,,"(np.float64(545760.9821), np.float64(6449076.987), np.float64(13.899000000000001))",FP,
8,,,,,,,,,,"(np.float64(545736.8321), np.float64(6449072.855), np.float64(10.454000000000008))",FP,
8,,,,,,,,,,"(np.float64(545755.5841), np.float64(6449118.376), np.float64(34.31100000000001))",FP,
8,,,,,,,,,,"(np.float64(545786.7071), np.float64(6449054.618), np.float64(6.825999999999993))",FP,
8,,,,,,,,,,"(np.float64(545755.3301), np.float64(6449119.898), np.float64(17.269000000000005))",FP,
8,,,,,,,,,,"(np.float64(545752.5291), np.float64(6449129.486), np.float64(7.742000000000019))",FP,
8,,,,,,,,,,"(np.float64(545746.6971), np.float64(6449133.749), np.float64(23.499000000000024))",FP,
8,,,,,,,,,,"(np.float64(545761.3671), np.float64(6449087.186), np.float64(6.307999999999993))",FP,
8,,,,,,,,,,"(np.float64(545781.2071), np.float64(6449080.832), np.float64(11.156000000000006))",FP,
8,,,,,,,,,,"(np.float64(545778.5631), np.float64(6449046.519), np.float64(10.354000000000013))",FP,
8,,,,,,,,,,"(np.float64(545733.4341), np.float64(6449087.104), np.float64(6.61699999999999))",FP,
8,,,,,,,,,,"(np.float64(545767.7001), np.float64(6449091.239), np.float64(14.018))",FP,
8,,,,,,,,,,"(np.float64(545752.6831), np.float64(6449105.365), np.float64(26.96799999999999))",FP,
8,,,,,,,,,,"(np.float64(545733.4181), np.float64(6449115.839), np.float64(12.442999999999984))",FP,
8,,,,,,,,,,"(np.float64(545730.5301), np.float64(6449077.91), np.float64(5.593999999999994))",FP,
8,,,,,,,,,,"(np.float64(545771.6341), np.float64(6449074.467), np.float64(13.314000000000021))",FP,
8,,,,,,,,,,"(np.float64(545736.5181), np.float64(6449067.009), np.float64(8.812999999999988))",FP,
8,,,,,,,,,,"(np.float64(545737.2751), np.float64(6449113.997), np.float64(14.603999999999985))",FP,
8,,,,,,,,,,"(np.float64(545760.5561), np.float64(6449067.131), np.float64(13.886000000000024))",FP,
8,,,,,,,,,,"(np.float64(545762.7001), np.float64(6449070.353), np.float64(13.835999999999984))",FP,
8,,,,,,,,,,"(np.float64(545750.7681), np.float64(6449047.792), np.float64(15.977000000000004))",FP,
8,,,,,,,,,,"(np.float64(545791.0241), np.float64(6449055.52), np.float64(6.34099999999998))",FP,
8,,,,,,,,,,"(np.float64(545730.1121), np.float64(6449080.748), np.float64(8.402999999999992))",FP,
8,,,,,,,,,,"(np.float64(545726.4921), np.float64(6449112.173), np.float64(9.459000000000003))",FP,
8,,,,,,,,,,"(np.float64(545767.0211), np.float64(6449095.47), np.float64(7.9480000000000075))",FP,
8,,,,,,,,,,"(np.float64(545741.8891), np.float64(6449100.742), np.float64(14.092000000000013))",FP,
8,,,,,,,,,,"(np.float64(545741.7321), np.float64(6449110.288), np.float64(13.164000000000016))",FP,
8,,,,,,,,,,"(np.float64(545730.1291), np.float64(6449116.917), np.float64(12.280000000000001))",FP,
8,,,,,,,,,,"(np.float64(545794.4451), np.float64(6449051.911), np.float64(6.313999999999993))",FP,
8,,,,,,,,,,"(np.float64(545755.7881), np.float64(6449042.832), np.float64(14.833999999999975))",FP,
8,,,,,,,,,,"(np.float64(545729.8291), np.float64(6449120.641), np.float64(21.994))",FP,
8,,,,,,,,,,"(np.float64(545753.8861), np.float64(6449120.516), np.float64(13.272999999999996))",FP,
8,,,,,,,,,,"(np.float64(545785.5851), np.float64(6449075.673), np.float64(8.210000000000008))",FP,
8,,,,,,,,,,"(np.float64(545752.2411), np.float64(6449088.039), np.float64(9.418000000000006))",FP,
8,,,,,,,,,,"(np.float64(545736.1491), np.float64(6449066.923), np.float64(11.919999999999987))",FP,
8,,,,,,,,,,"(np.float64(545789.6171), np.float64(6449060.319), np.float64(9.278999999999996))",FP,
8,,,,,,,,,,"(np.float64(545775.8611), np.float64(6449093.131), np.float64(31.52000000000001))",FP,
8,,,,,,,,,,"(np.float64(545781.4641), np.float64(6449084.23), np.float64(10.433999999999997))",FP,
8,,,,,,,,,,"(np.float64(545762.1711), np.float64(6449035.465), np.float64(8.402999999999992))",FP,
8,,,,,,,,,,"(np.float64(545750.4941), np.float64(6449069.003), np.float64(10.091999999999985))",FP,
8,,,,,,,,,,"(np.float64(545764.9551), np.float64(6449083.548), np.float64(14.36499999999998))",FP,
8,,,,,,,,,,"(np.float64(545754.5871), np.float64(6449044.872), np.float64(8.400999999999982))",FP,
8,,,,,,,,,,"(np.float64(545759.0161), np.float64(6449069.079), np.float64(16.623999999999995))",FP,
8,,,,,,,,,,"(np.float64(545766.0931), np.float64(6449096.13), np.float64(15.64500000000001))",FP,
8,,,,,,,,,,"(np.float64(545743.9031), np.float64(6449096.206), np.float64(7.808000000000021))",FP,
8,,,,,,,,,,"(np.float64(545744.0011), np.float64(6449103.37), np.float64(15.492999999999995))",FP,
8,,,,,,,,,,"(np.float64(545759.0111), np.float64(6449068.887), np.float64(12.218999999999994))",FP,
8,,,,,,,,,,"(np.float64(545762.2951), np.float64(6449035.648), np.float64(14.617999999999995))",FP,
8,,,,,,,,,,"(np.float64(545770.9571), np.float64(6449084.972), np.float64(17.25800000000001))",FP,
8,,,,,,,,,,"(np.float64(545764.1391), np.float64(6449061.075), np.float64(12.72399999999999))",FP,
8,,,,,,,,,,"(np.float64(545761.2171), np.float64(6449083.792), np.float64(12.006999999999977))",FP,
8,,,,,,,,,,"(np.float64(545781.6781), np.float64(6449084.429), np.float64(7.597000000000008))",FP,
8,,,,,,,,,,"(np.float64(545752.3521), np.float64(6449051.084), np.float64(14.060000000000002))",FP,
8,,,,,,,,,,"(np.float64(545780.3111), np.float64(6449061.354), np.float64(11.986999999999995))",FP,
8,,,,,,,,,,"(np.float64(545732.6171), np.float64(6449088.313), np.float64(9.232999999999976))",FP,
8,,,,,,,,,,"(np.float64(545757.5831), np.float64(6449109.657), np.float64(16.90299999999999))",FP,
8,,,,,,,,,,"(np.float64(545762.6171), np.float64(6449035.498), np.float64(18.138000000000005))",FP,
8,,,,,,,,,,"(np.float64(545726.9501), np.float64(6449103.107), np.float64(7.936000000000007))",FP,
8,,,,,,,,,,"(np.float64(545761.5701), np.float64(6449072.959), np.float64(14.655000000000001))",FP,
8,,,,,,,,,,"(np.float64(545781.2391), np.float64(6449072.127), np.float64(7.932999999999993))",FP,
8,,,,,,,,,,"(np.float64(545767.7961), np.float64(6449103.672), np.float64(13.001000000000005))",FP,
8,,,,,,,,,,"(np.float64(545789.7261), np.float64(6449063.162), np.float64(6.689999999999998))",FP,
8,,,,,,,,,,"(np.float64(545743.8311), np.float64(6449101.339), np.float64(15.234000000000009))",FP,
8,,,,,,,,,,"(np.float64(545761.7251), np.float64(6449071.876), np.float64(8.810000000000002))",FP,
8,,,,,,,,,,"(np.float64(545732.7641), np.float64(6449088.054), np.float64(14.308999999999997))",FP,
8,,,,,,,,,,"(np.float64(545779.3031), np.float64(6449055.896), np.float64(11.926000000000016))",FP,
8,,,,,,,,,,"(np.float64(545741.3681), np.float64(6449098.775), np.float64(6.14500000000001))",FP,
8,,,,,,,,,,"(np.float64(545768.9211), np.float64(6449069.338), np.float64(6.581999999999994))",FP,
8,,,,,,,,,,"(np.float64(545727.7151), np.float64(6449123.286), np.float64(7.8440000000000225))",FP,
8,,,,,,,,,,"(np.float64(545736.5871), np.float64(6449124.044), np.float64(14.935000000000002))",FP,
8,,,,,,,,,,"(np.float64(545771.9721), np.float64(6449083.871), np.float64(29.592000000000013))",FP,
8,,,,,,,,,,"(np.float64(545744.1241), np.float64(6449101.258), np.float64(12.540999999999997))",FP,
8,,,,,,,,,,"(np.float64(545717.9891), np.float64(6449113.985), np.float64(8.931000000000012))",FP,
8,,,,,,,,,,"(np.float64(545777.9921), np.float64(6449074.592), np.float64(7.864000000000004))",FP,
8,,,,,,,,,,"(np.float64(545779.3651), np.float64(6449070.599), np.float64(8.209000000000003))",FP,
8,,,,,,,,,,"(np.float64(545790.5281), np.float64(6449062.867), np.float64(10.163000000000011))",FP,
8,,,,,,,,,,"(np.float64(545769.3011), np.float64(6449063.723), np.float64(9.858000000000004))",FP,
8,,,,,,,,,,"(np.float64(545790.0501), np.float64(6449064.681), np.float64(13.195999999999998))",FP,
8,,,,,,,,,,"(np.float64(545744.9081), np.float64(6449102.422), np.float64(17.161))",FP,
8,,,,,,,,,,"(np.float64(545740.6051), np.float64(6449123.497), np.float64(12.712999999999994))",FP,
8,,,,,,,,,,"(np.float64(545750.7341), np.float64(6449049.622), np.float64(14.615000000000009))",FP,
8,,,,,,,,,,"(np.float64(545747.3861), np.float64(6449046.482), np.float64(14.994))",FP,
8,,,,,,,,,,"(np.float64(545792.3931), np.float64(6449058.219), np.float64(6.3799999999999955))",FP,
8,,,,,,,,,,"(np.float64(545776.1781), np.float64(6449091.453), np.float64(11.211999999999989))",FP,
8,,,,,,,,,,"(np.float64(545735.3381), np.float64(6449124.838), np.float64(13.158999999999992))",FP,
8,,,,,,,,,,"(np.float64(545746.5771), np.float64(6449102.304), np.float64(5.905000000000001))",FP,
8,,,,,,,,,,"(np.float64(545792.6001), np.float64(6449058.418), np.float64(9.183999999999997))",FP,
8,,,,,,,,,,"(np.float64(545755.7371), np.float64(6449080.916), np.float64(6.2520000000000095))",FP,
8,,,,,,,,,,"(np.float64(545732.5491), np.float64(6449118.067), np.float64(16.789000000000016))",FP,
8,,,,,,,,,,"(np.float64(545768.4461), np.float64(6449106.677), np.float64(8.031999999999982))",FP,
8,,,,,,,,,,"(np.float64(545774.0111), np.float64(6449085.157), np.float64(12.158999999999992))",FP,
8,,,,,,,,,,"(np.float64(545769.1021), np.float64(6449103.916), np.float64(10.264999999999986))",FP,
8,,,,,,,,,,"(np.float64(545769.0191), np.float64(6449104.899), np.float64(6.574999999999989))",FP,
8,,,,,,,,,,"(np.float64(545737.4501), np.float64(6449125.471), np.float64(9.792000000000002))",FP,
8,,,,,,,,,,"(np.float64(545782.8791), np.float64(6449040.799), np.float64(10.665999999999997))",FP,
8,,,,,,,,,,"(np.float64(545779.2161), np.float64(6449042.564), np.float64(12.574999999999989))",FP,
8,,,,,,,,,,"(np.float64(545781.4111), np.float64(6449042.16), np.float64(5.925999999999988))",FP,
8,,,,,,,,,,"(np.float64(545781.7251), np.float64(6449042.168), np.float64(8.506))",FP,
8,,,,,,,,,,"(np.float64(545769.9621), np.float64(6449102.16), np.float64(13.890000000000015))",FP,
8,,,,,,,,,,"(np.float64(545724.0371), np.float64(6449097.039), np.float64(19.074000000000012))",FP,
8,,,,,,,,,,"(np.float64(545767.4551), np.float64(6449110.421), np.float64(6.661000000000001))",FP,
8,,,,,,,,,,"(np.float64(545736.4131), np.float64(6449129.377), np.float64(5.917000000000002))",FP,
8,,,,,,,,,,"(np.float64(545793.8181), np.float64(6449060.173), np.float64(6.640999999999991))",FP,
8,,,,,,,,,,"(np.float64(545739.5461), np.float64(6449131.688), np.float64(12.256))",FP,
9,426.0,Spruce,17.4,,,0.0,,POINT (546182.395 6449115.03299999),"(np.float64(546182.395), np.float64(6449115.03299999))",,FN,
9,427.0,Spruce,19.25,,,0.0,,POINT (546182.89 6449111.064),"(np.float64(546182.89), np.float64(6449111.064))","(np.float64(546183.9211), np.float64(6449111.133), np.float64(12.671999999999997))",TP,1.0334061205856258
9,428.0,Spruce,11.95,,,0.0,,POINT (546183.037 6449108.30599999),"(np.float64(546183.037), np.float64(6449108.30599999))","(np.float64(546183.9061), np.float64(6449108.422), np.float64(12.186000000000007))",TP,0.8768071694993133
9,423.0,Spruce,20.45,,,0.0,,POINT (546183.062999999 6449118.746),"(np.float64(546183.062999999), np.float64(6449118.746))",,FN,
9,425.0,Birch,17.6,,,0.0,,POINT (546183.295 6449116.43699999),"(np.float64(546183.295), np.float64(6449116.43699999))","(np.float64(546183.1491), np.float64(6449116.478), np.float64(22.608000000000004))",TP,0.15155134726379915
9,424.0,Fir,11.65,,,0.0,,POINT (546183.672999999 6449117.10099999),"(np.float64(546183.672999999), np.float64(6449117.10099999))",,FN,
9,432.0,Aspen,29.5,,,0.0,Two tops,POINT (546183.765999999 6449105.40199999),"(np.float64(546183.765999999), np.float64(6449105.40199999))",,FN,
9,433.0,Aspen,30.2,,,0.0,Bended,POINT (546184.332999999 6449105.26599999),"(np.float64(546184.332999999), np.float64(6449105.26599999))","(np.float64(546185.2511), np.float64(6449104.545), np.float64(24.721000000000004))",TP,1.1673682353121977
9,332.0,Spruce,27.5,,,0.0,,POINT (546185.413999999 6449120.432),"(np.float64(546185.413999999), np.float64(6449120.432))","(np.float64(546186.2391), np.float64(6449120.548), np.float64(23.723000000000013))",TP,0.83321426526789
9,422.0,Birch,9.1,,,0.0,,POINT (546185.56 6449117.779),"(np.float64(546185.56), np.float64(6449117.779))",,FN,
9,431.0,Spruce,15.7,,,0.0,,POINT (546185.984999999 6449106.605),"(np.float64(546185.984999999), np.float64(6449106.605))",,FN,
9,435.0,Birch,11.55,,,80.0,,POINT (546186.408 6449102.42999999),"(np.float64(546186.408), np.float64(6449102.42999999))",,FN,
9,434.0,Spruce,17.65,,,0.0,,POINT (546186.452999999 6449104.00299999),"(np.float64(546186.452999999), np.float64(6449104.00299999))",,FN,
9,430.0,Spruce,31.65,,,0.0,,POINT (546186.584999999 6449109.176),"(np.float64(546186.584999999), np.float64(6449109.176))","(np.float64(546187.1301), np.float64(6449109.172), np.float64(24.49000000000001))",TP,0.5451146769263624
9,429.0,Spruce,16.2,,,0.0,,POINT (546186.868 6449110.27699999),"(np.float64(546186.868), np.float64(6449110.27699999))",,FN,
9,326.0,Fir,21.3,,,0.0,,POINT (546187.136999999 6449132.502),"(np.float64(546187.136999999), np.float64(6449132.502))","(np.float64(546189.0821), np.float64(6449130.708), np.float64(9.114000000000004))",TP,2.646100908158043
9,436.0,Birch,21.1,,,80.0,,POINT (546187.851999999 6449104.78899999),"(np.float64(546187.851999999), np.float64(6449104.78899999))",,FN,
9,421.0,Birch,29.5,,,0.0,,POINT (546187.859999999 6449116.77799999),"(np.float64(546187.859999999), np.float64(6449116.77799999))","(np.float64(546188.6241), np.float64(6449116.081), np.float64(23.877999999999986))",TP,1.0342426198728667
9,329.0,Fir,13.3,,,0.0,,POINT (546187.947999999 6449126.536),"(np.float64(546187.947999999), np.float64(6449126.536))","(np.float64(546186.8211), np.float64(6449126.019), np.float64(25.171999999999997))",TP,1.2398357181358695
9,328.0,Birch,26.25,,,0.0,,POINT (546188.437 6449126.552),"(np.float64(546188.437), np.float64(6449126.552))","(np.float64(546189.3621), np.float64(6449126.369), np.float64(23.359999999999985))",TP,0.9430265160949338
9,420.0,Fir,16.55,,,0.0,,POINT (546188.471 6449114.906),"(np.float64(546188.471), np.float64(6449114.906))",,FN,
9,334.0,Birch,24.85,,,0.0,Two tops,POINT (546188.574999999 6449119.207),"(np.float64(546188.574999999), np.float64(6449119.207))",,FN,
9,437.0,Spruce,17.05,,,0.0,,POINT (546188.66 6449106.093),"(np.float64(546188.66), np.float64(6449106.093))",,FN,
9,333.0,Birch,21.7,,,0.0,,POINT (546188.78 6449118.099),"(np.float64(546188.78), np.float64(6449118.099))",,FN,
9,335.0,Birch,18.6,,,70.0,,POINT (546189.327 6449119.73),"(np.float64(546189.327), np.float64(6449119.73))","(np.float64(546189.5311), np.float64(6449119.925), np.float64(23.051999999999992))",TP,0.282279665831984
9,438.0,Spruce,11.85,,,70.0,,POINT (546189.38 6449103.506),"(np.float64(546189.38), np.float64(6449103.506))",,FN,
9,419.0,Spruce,12.2,,,0.0,,POINT (546189.386999999 6449108.926),"(np.float64(546189.386999999), np.float64(6449108.926))",,FN,
9,330.0,Fir,15.0,,,0.0,,POINT (546189.483 6449124.93699999),"(np.float64(546189.483), np.float64(6449124.93699999))","(np.float64(546188.3691), np.float64(6449125.084), np.float64(11.262))",TP,1.1235578369489398
9,418.0,Spruce,40.25,,,0.0,,POINT (546190.712999999 6449111.456),"(np.float64(546190.712999999), np.float64(6449111.456))","(np.float64(546191.7661), np.float64(6449112.094), np.float64(26.785000000000025))",TP,1.231285349200518
9,336.0,Fir,21.55,,,0.0,,POINT (546190.817 6449118.661),"(np.float64(546190.817), np.float64(6449118.661))",,FN,
9,327.0,Spruce,40.15,,,0.0,,POINT (546190.917999999 6449133.332),"(np.float64(546190.917999999), np.float64(6449133.332))","(np.float64(546191.4651), np.float64(6449132.92), np.float64(25.702000000000027))",TP,0.6848813119827947
9,331.0,Spruce,38.1,,22.1,0.0,,POINT (546191.027 6449123.58399999),"(np.float64(546191.027), np.float64(6449123.58399999))","(np.float64(546191.4671), np.float64(6449123.447), np.float64(21.90700000000001))",TP,0.4609305882969847
9,417.0,Aspen,28.45,,,80.0,Two tops,POINT (546191.660999999 6449107.477),"(np.float64(546191.660999999), np.float64(6449107.477))",,FN,
9,325.0,Fir,14.65,,,0.0,,POINT (546191.799 6449135.29299999),"(np.float64(546191.799), np.float64(6449135.29299999))",,FN,
9,439.0,Fir,15.0,,,0.0,,POINT (546192.109 6449106.125),"(np.float64(546192.109), np.float64(6449106.125))",,FN,
9,441.0,Birch,24.75,,,0.0,,POINT (546192.236999999 6449105.35099999),"(np.float64(546192.236999999), np.float64(6449105.35099999))",,FN,
9,440.0,Birch,18.5,,,0.0,,POINT (546192.256999999 6449105.67399999),"(np.float64(546192.256999999), np.float64(6449105.67399999))",,FN,
9,322.0,Spruce,22.75,,,0.0,,POINT (546192.467999999 6449130.808),"(np.float64(546192.467999999), np.float64(6449130.808))",,FN,
9,443.0,Fir,11.0,,,0.0,,POINT (546193.221999999 6449102.83899999),"(np.float64(546193.221999999), np.float64(6449102.83899999))",,FN,
9,337.0,Spruce,21.95,,,0.0,,POINT (546193.376999999 6449120.20399999),"(np.float64(546193.376999999), np.float64(6449120.20399999))","(np.float64(546191.4731), np.float64(6449120.74), np.float64(23.088000000000022))",TP,1.9779108215236616
9,239.0,Birch,20.7,,,0.0,,POINT (546193.623999999 6449140.16799999),"(np.float64(546193.623999999), np.float64(6449140.16799999))","(np.float64(546193.5261), np.float64(6449140.204), np.float64(21.655))",TP,0.10430920619982771
9,238.0,Fir,17.7,,,0.0,,POINT (546193.986999999 6449142.99799999),"(np.float64(546193.986999999), np.float64(6449142.99799999))",,FN,
9,321.0,Fir,36.0,,,0.0,,POINT (546194.147 6449131.246),"(np.float64(546194.147), np.float64(6449131.246))","(np.float64(546194.4451), np.float64(6449130.435), np.float64(26.415999999999997))",TP,0.8640512780619374
9,416.0,Spruce,20.45,,,0.0,,POINT (546194.319999999 6449108.75),"(np.float64(546194.319999999), np.float64(6449108.75))","(np.float64(546193.1681), np.float64(6449109.506), np.float64(15.65100000000001))",TP,1.3778278585485655
9,444.0,Aspen,29.45,,,80.0,,POINT (546194.545999999 6449101.63999999),"(np.float64(546194.545999999), np.float64(6449101.63999999))",,FN,
9,320.0,Birch,23.4,,,0.0,Two tops,POINT (546194.564 6449127.019),"(np.float64(546194.564), np.float64(6449127.019))",,FN,
9,323.0,Spruce,13.6,,12.8,0.0,,POINT (546194.574999999 6449134.977),"(np.float64(546194.574999999), np.float64(6449134.977))","(np.float64(546194.8641), np.float64(6449133.918), np.float64(14.469999999999999))",TP,1.0977521629796159
9,442.0,Birch,14.95,,,0.0,,POINT (546194.603 6449104.733),"(np.float64(546194.603), np.float64(6449104.733))",,FN,
9,237.0,Fir,12.45,,,0.0,,POINT (546195.121 6449144.91),"(np.float64(546195.121), np.float64(6449144.91))",,FN,
9,324.0,Birch,26.7,,,0.0,,POINT (546195.268 6449135.843),"(np.float64(546195.268), np.float64(6449135.843))","(np.float64(546195.8431), np.float64(6449134.052), np.float64(22.552999999999997))",TP,1.8810691137593614
9,446.0,Fir,22.65,,,70.0,,POINT (546195.574 6449098.70199999),"(np.float64(546195.574), np.float64(6449098.70199999))","(np.float64(546197.5561), np.float64(6449097.748), np.float64(8.625))",TP,2.1997355277738726
9,240.0,Fir,10.95,,,0.0,,POINT (546195.766999999 6449141.176),"(np.float64(546195.766999999), np.float64(6449141.176))",,FN,
9,338.0,Spruce,33.5,,,0.0,,POINT (546195.773999999 6449119.383),"(np.float64(546195.773999999), np.float64(6449119.383))",,FN,
9,236.0,Birch,21.9,,,0.0,,POINT (546196.319 6449145.52099999),"(np.float64(546196.319), np.float64(6449145.52099999))","(np.float64(546196.5651), np.float64(6449145.358), np.float64(23.951999999999998))",TP,0.2951850383470275
9,241.0,Spruce,11.15,,,0.0,,POINT (546196.461 6449142.968),"(np.float64(546196.461), np.float64(6449142.968))",,FN,
9,319.0,Birch,19.55,,,0.0,,POINT (546196.537999999 6449125.855),"(np.float64(546196.537999999), np.float64(6449125.855))",,FN,
9,339.0,Birch,20.75,,,80.0,,POINT (546197.194 6449119.091),"(np.float64(546197.194), np.float64(6449119.091))","(np.float64(546196.6711), np.float64(6449119.008), np.float64(24.805000000000007))",TP,0.5294463239274658
9,342.0,Fir,24.1,,24.2,0.0,Rotten,POINT (546197.312 6449112.428),"(np.float64(546197.312), np.float64(6449112.428))","(np.float64(546197.7401), np.float64(6449112.532), np.float64(23.73400000000001))",TP,0.44055148380365344
9,445.0,Aspen,30.6,,,0.0,Bended,POINT (546197.336 6449104.131),"(np.float64(546197.336), np.float64(6449104.131))",,FN,
9,318.0,Spruce,26.2,,,0.0,,POINT (546197.518 6449124.79899999),"(np.float64(546197.518), np.float64(6449124.79899999))","(np.float64(546197.9991), np.float64(6449125.664), np.float64(23.774))",TP,0.9897889807807058
9,230.0,Spruce,14.95,,,0.0,,POINT (546197.623999999 6449151.06699999),"(np.float64(546197.623999999), np.float64(6449151.06699999))","(np.float64(546195.9381), np.float64(6449150.424), np.float64(14.867000000000019))",TP,1.8043580004063067
9,234.0,Birch,20.0,,,0.0,,POINT (546197.660999999 6449146.871),"(np.float64(546197.660999999), np.float64(6449146.871))",,FN,
9,235.0,Spruce,18.6,,,0.0,,POINT (546197.67 6449145.91),"(np.float64(546197.67), np.float64(6449145.91))",,FN,
9,341.0,Spruce,30.45,,,0.0,,POINT (546197.962 6449113.35599999),"(np.float64(546197.962), np.float64(6449113.35599999))","(np.float64(546198.1591), np.float64(6449113.207), np.float64(8.141999999999996))",TP,0.2470817820185742
9,316.0,Birch,11.15,,,0.0,,POINT (546197.966 6449130.849),"(np.float64(546197.966), np.float64(6449130.849))","(np.float64(546197.7131), np.float64(6449131.792), np.float64(8.238))",TP,0.9763234146148185
9,340.0,Fir,21.35,,,80.0,,POINT (546198.253999999 6449120.627),"(np.float64(546198.253999999), np.float64(6449120.627))",,FN,
9,315.0,Fir,12.25,,,0.0,,POINT (546198.297 6449134.78199999),"(np.float64(546198.297), np.float64(6449134.78199999))",,FN,
9,229.0,Fir,15.1,,,0.0,,POINT (546198.337999999 6449153.012),"(np.float64(546198.337999999), np.float64(6449153.012))","(np.float64(546197.1971), np.float64(6449153.429), np.float64(26.601))",TP,1.2147188182453008
9,343.0,Spruce,24.5,,,0.0,,POINT (546198.351 6449110.763),"(np.float64(546198.351), np.float64(6449110.763))",,FN,
9,232.0,Aspen,36.7,,,80.0,,POINT (546198.690999999 6449148.279),"(np.float64(546198.690999999), np.float64(6449148.279))",,FN,
9,414.0,Fir,21.6,,,0.0,,POINT (546198.829 6449105.792),"(np.float64(546198.829), np.float64(6449105.792))","(np.float64(546199.5421), np.float64(6449105.375), np.float64(25.095))",TP,0.8260754264667934
9,317.0,Fir,23.75,,,80.0,,POINT (546199.089999999 6449127.42499999),"(np.float64(546199.089999999), np.float64(6449127.42499999))",,FN,
9,231.0,Birch,11.75,,,0.0,,POINT (546199.111999999 6449149.19099999),"(np.float64(546199.111999999), np.float64(6449149.19099999))","(np.float64(546199.9921), np.float64(6449149.256), np.float64(25.869))",TP,0.8824970328688473
9,314.0,Spruce,15.3,,,0.0,,POINT (546199.314 6449135.18099999),"(np.float64(546199.314), np.float64(6449135.18099999))","(np.float64(546198.5601), np.float64(6449136.494), np.float64(10.613))",TP,1.5140456522619818
9,233.0,Birch,12.6,,,80.0,,POINT (546199.41 6449147.991),"(np.float64(546199.41), np.float64(6449147.991))",,FN,
9,242.0,Birch,27.3,,,0.0,,POINT (546199.454 6449144.696),"(np.float64(546199.454), np.float64(6449144.696))","(np.float64(546199.9841), np.float64(6449143.832), np.float64(24.012999999999977))",TP,1.013657738132523
9,447.0,Fir,28.45,,,80.0,,POINT (546199.947999999 6449099.58899999),"(np.float64(546199.947999999), np.float64(6449099.58899999))",,FN,
9,415.0,Spruce,22.25,,,70.0,,POINT (546200.037 6449108.462),"(np.float64(546200.037), np.float64(6449108.462))",,FN,
9,344.0,Spruce,41.95,,,0.0,,POINT (546200.42 6449112.70799999),"(np.float64(546200.42), np.float64(6449112.70799999))","(np.float64(546201.0671), np.float64(6449112.205), np.float64(26.589))",TP,0.8196019766422431
9,413.0,Spruce,21.15,,,0.0,,POINT (546200.469 6449103.082),"(np.float64(546200.469), np.float64(6449103.082))","(np.float64(546199.9231), np.float64(6449102.122), np.float64(11.034999999999997))",TP,1.1043580986063135
9,225.0,Birch,14.5,,,80.0,,POINT (546200.567999999 6449154.67899999),"(np.float64(546200.567999999), np.float64(6449154.67899999))",,FN,
9,226.0,Birch,17.6,,,0.0,Bended,POINT (546200.886 6449155.50999999),"(np.float64(546200.886), np.float64(6449155.50999999))",,FN,
9,244.0,Spruce,13.25,,,0.0,,POINT (546201.155 6449141.109),"(np.float64(546201.155), np.float64(6449141.109))","(np.float64(546199.9581), np.float64(6449140.935), np.float64(8.25200000000001))",TP,1.2094815460172648
9,346.0,Fir,14.0,,,0.0,,POINT (546201.592999999 6449120.31099999),"(np.float64(546201.592999999), np.float64(6449120.31099999))",,FN,
9,223.0,Birch,15.0,,21.4,0.0,,POINT (546201.633999999 6449151.58899999),"(np.float64(546201.633999999), np.float64(6449151.58899999))",,FN,
9,222.0,Birch,20.35,,,80.0,,POINT (546201.638 6449149.95899999),"(np.float64(546201.638), np.float64(6449149.95899999))","(np.float64(546202.3771), np.float64(6449149.707), np.float64(11.60499999999999))",TP,0.7808795070570563
9,345.0,Spruce,20.85,,15.9,0.0,,POINT (546201.645 6449118.199),"(np.float64(546201.645), np.float64(6449118.199))",,FN,
9,224.0,Birch,20.2,,,0.0,,POINT (546201.761 6449152.859),"(np.float64(546201.761), np.float64(6449152.859))","(np.float64(546203.1681), np.float64(6449153.662), np.float64(23.630000000000024))",TP,1.6201047524350987
9,227.0,Fir,17.05,,17.6,0.0,,POINT (546201.793999999 6449157.15299999),"(np.float64(546201.793999999), np.float64(6449157.15299999))",,FN,
9,412.0,Spruce,28.75,,,0.0,,POINT (546201.856999999 6449102.94),"(np.float64(546201.856999999), np.float64(6449102.94))","(np.float64(546202.6601), np.float64(6449102.996), np.float64(25.673000000000002))",TP,0.8050500677049132
9,245.0,Aspen,35.45,,,80.0,,POINT (546201.912 6449138.65199999),"(np.float64(546201.912), np.float64(6449138.65199999))",,FN,
9,246.0,Spruce,15.5,,,0.0,,POINT (546202.363999999 6449138.321),"(np.float64(546202.363999999), np.float64(6449138.321))",,FN,
9,228.0,Birch,33.6,,,0.0,,POINT (546202.479 6449158.38399999),"(np.float64(546202.479), np.float64(6449158.38399999))","(np.float64(546203.0061), np.float64(6449158.732), np.float64(25.394000000000005))",TP,0.6316157190795423
9,243.0,Birch,23.5,84.0,23.5,0.0,,POINT (546202.545 6449141.61199999),"(np.float64(546202.545), np.float64(6449141.61199999))",,FN,
9,411.0,Spruce,29.7,,,0.0,,POINT (546202.560999999 6449101.461),"(np.float64(546202.560999999), np.float64(6449101.461))",,FN,
9,409.0,Fir,23.3,,,0.0,,POINT (546202.667 6449104.81699999),"(np.float64(546202.667), np.float64(6449104.81699999))",,FN,
9,354.0,Birch,22.0,,,0.0,,POINT (546202.969999999 6449114.06199999),"(np.float64(546202.969999999), np.float64(6449114.06199999))",,FN,
9,247.0,Birch,23.65,,,0.0,,POINT (546203.202 6449139.126),"(np.float64(546203.202), np.float64(6449139.126))","(np.float64(546203.8591), np.float64(6449138.271), np.float64(7.222000000000008))",TP,1.0783345541633833
9,311.0,Birch,19.5,,21.7,0.0,,POINT (546203.973 6449130.791),"(np.float64(546203.973), np.float64(6449130.791))","(np.float64(546204.4881), np.float64(6449130.677), np.float64(21.14099999999999))",TP,0.5275642235528384
9,410.0,Fir,26.05,,,0.0,,POINT (546204.101999999 6449100.93599999),"(np.float64(546204.101999999), np.float64(6449100.93599999))","(np.float64(546205.4671), np.float64(6449102.012), np.float64(7.405000000000001))",TP,1.7381812429907302
9,309.0,Fir,25.5,,,0.0,,POINT (546204.229999999 6449128.37),"(np.float64(546204.229999999), np.float64(6449128.37))","(np.float64(546204.7461), np.float64(6449128.255), np.float64(21.909999999999997))",TP,0.5287572325944937
9,308.0,Spruce,24.8,,,0.0,,POINT (546204.417999999 6449126.35599999),"(np.float64(546204.417999999), np.float64(6449126.35599999))",,FN,
9,347.0,Spruce,12.05,,,0.0,,POINT (546204.430999999 6449120.227),"(np.float64(546204.430999999), np.float64(6449120.227))","(np.float64(546204.7301), np.float64(6449118.648), np.float64(8.590000000000003))",TP,1.6070786571639466
9,448.0,Tilia,10.35,,,0.0,,POINT (546204.473 6449094.97599999),"(np.float64(546204.473), np.float64(6449094.97599999))","(np.float64(546204.9871), np.float64(6449094.467), np.float64(11.981000000000023))",TP,0.7234499286107545
9,248.0,Fir,13.7,,,0.0,,POINT (546204.66 6449139.621),"(np.float64(546204.66), np.float64(6449139.621))",,FN,
9,118.0,Fir,14.8,,,0.0,,POINT (546204.839 6449163.474),"(np.float64(546204.839), np.float64(6449163.474))","(np.float64(546204.3911), np.float64(6449162.328), np.float64(22.542))",TP,1.2304187951713992
9,251.0,Birch,16.35,,,0.0,,POINT (546205.035999999 6449137.366),"(np.float64(546205.035999999), np.float64(6449137.366))",,FN,
9,252.0,Birch,14.05,,,70.0,Two tops,POINT (546205.143999999 6449136.974),"(np.float64(546205.143999999), np.float64(6449136.974))","(np.float64(546203.6211), np.float64(6449136.287), np.float64(8.414000000000016))",TP,1.6706865080782838
9,116.0,Spruce,10.5,,,0.0,,POINT (546205.211 6449164.99199999),"(np.float64(546205.211), np.float64(6449164.99199999))",,FN,
9,355.0,Spruce,23.35,,,0.0,,POINT (546205.456 6449111.571),"(np.float64(546205.456), np.float64(6449111.571))",,FN,
9,449.0,Birch,22.6,,,80.0,Two tops,POINT (546205.515 6449095.678),"(np.float64(546205.515), np.float64(6449095.678))",,FN,
9,110.0,Spruce,40.35,,24.1,0.0,,POINT (546205.746999999 6449168.921),"(np.float64(546205.746999999), np.float64(6449168.921))","(np.float64(546205.5121), np.float64(6449168.795), np.float64(24.998999999999995))",TP,0.26655957977088396
9,249.0,Spruce,11.35,,,0.0,,POINT (546205.765 6449145.058),"(np.float64(546205.765), np.float64(6449145.058))","(np.float64(546204.7641), np.float64(6449146.938), np.float64(11.963999999999999))",TP,2.1298358644620574
9,117.0,Birch,18.05,,,80.0,Two tops,POINT (546205.792 6449163.82799999),"(np.float64(546205.792), np.float64(6449163.82799999))",,FN,
9,221.0,Fir,28.4,,,0.0,Bended,POINT (546205.834999999 6449149.439),"(np.float64(546205.834999999), np.float64(6449149.439))","(np.float64(546206.3061), np.float64(6449149.61), np.float64(25.439999999999998))",TP,0.501174830758504
9,352.0,Spruce,35.1,,,0.0,,POINT (546205.890999999 6449116.48199999),"(np.float64(546205.890999999), np.float64(6449116.48199999))","(np.float64(546206.7311), np.float64(6449116.56), np.float64(24.38300000000001))",TP,0.843713229228067
9,220.0,Spruce,27.65,,,0.0,Bended,POINT (546205.957999999 6449152.178),"(np.float64(546205.957999999), np.float64(6449152.178))","(np.float64(546206.4701), np.float64(6449152.223), np.float64(10.040999999999997))",TP,0.5140733517692158
9,310.0,Tilia,11.25,,,0.0,,POINT (546206.096999999 6449129.72599999),"(np.float64(546206.096999999), np.float64(6449129.72599999))",,FN,
9,250.0,Spruce,16.85,,,50.0,,POINT (546206.361 6449139.542),"(np.float64(546206.361), np.float64(6449139.542))",,FN,
9,313.0,Spruce,20.35,,,0.0,,POINT (546206.621999999 6449133.961),"(np.float64(546206.621999999), np.float64(6449133.961))",,FN,
9,356.0,Spruce,19.7,,,0.0,,POINT (546206.956 6449111.36899999),"(np.float64(546206.956), np.float64(6449111.36899999))","(np.float64(546207.3831), np.float64(6449111.153), np.float64(22.564999999999998))",TP,0.4786130018674882
9,348.0,Birch,26.5,80.0,22.5,0.0,Rotten,POINT (546207.047 6449119.767),"(np.float64(546207.047), np.float64(6449119.767))",,FN,
9,216.0,Spruce,32.2,,,0.0,,POINT (546207.099 6449147.59999999),"(np.float64(546207.099), np.float64(6449147.59999999))","(np.float64(546206.7761), np.float64(6449146.957), np.float64(8.055999999999983))",TP,0.71952303440891
9,312.0,Fir,11.85,,,0.0,,POINT (546207.170999999 6449131.632),"(np.float64(546207.170999999), np.float64(6449131.632))","(np.float64(546206.3951), np.float64(6449131.96), np.float64(7.628000000000014))",TP,0.842380441606247
9,109.0,Fir,20.6,,,0.0,,POINT (546207.223 6449169.752),"(np.float64(546207.223), np.float64(6449169.752))","(np.float64(546208.3911), np.float64(6449169.713), np.float64(9.288000000000011))",TP,1.1687508759411407
9,119.0,Fir,38.1,,26.4,0.0,,POINT (546207.26 6449159.76499999),"(np.float64(546207.26), np.float64(6449159.76499999))","(np.float64(546208.0111), np.float64(6449159.544), np.float64(26.106000000000023))",TP,0.7829381877465101
9,115.0,Birch,27.35,,,0.0,,POINT (546207.307 6449165.211),"(np.float64(546207.307), np.float64(6449165.211))","(np.float64(546206.5041), np.float64(6449164.805), np.float64(24.189999999999998))",TP,0.8997135157150836
9,351.0,Birch,24.5,88.0,22.5,0.0,Rotten,POINT (546207.397 6449117.39699999),"(np.float64(546207.397), np.float64(6449117.39699999))",,FN,
9,349.0,Fir,17.25,,,0.0,,POINT (546207.412999999 6449120.183),"(np.float64(546207.412999999), np.float64(6449120.183))","(np.float64(546208.0451), np.float64(6449120.665), np.float64(22.990999999999985))",TP,0.7949052843483595
9,253.0,Spruce,20.4,,,0.0,,POINT (546207.489999999 6449136.564),"(np.float64(546207.489999999), np.float64(6449136.564))",,FN,
9,217.0,Fir,29.5,,,0.0,Rotten,POINT (546207.685 6449150.036),"(np.float64(546207.685), np.float64(6449150.036))","(np.float64(546208.2221), np.float64(6449149.588), np.float64(13.869))",TP,0.6994143334445913
9,218.0,Birch,17.05,,,0.0,,POINT (546207.728 6449151.62),"(np.float64(546207.728), np.float64(6449151.62))",,FN,
9,120.0,Birch,10.8,,,0.0,,POINT (546207.846999999 6449161.194),"(np.float64(546207.846999999), np.float64(6449161.194))",,FN,
9,353.0,Spruce,11.15,,,0.0,,POINT (546207.88 6449116.27699999),"(np.float64(546207.88), np.float64(6449116.27699999))",,FN,
9,254.0,Spruce,33.75,,,0.0,,POINT (546208.165 6449137.96399999),"(np.float64(546208.165), np.float64(6449137.96399999))","(np.float64(546208.8691), np.float64(6449138.03), np.float64(23.352000000000004))",TP,0.7071865463000745
9,121.0,Spruce,31.8,88.0,26.6,0.0,,POINT (546208.366999999 6449163.058),"(np.float64(546208.366999999), np.float64(6449163.058))","(np.float64(546208.6541), np.float64(6449162.625), np.float64(25.622000000000014))",TP,0.5195338398459624
9,408.0,Spruce,16.8,,,0.0,,POINT (546208.415999999 6449104.035),"(np.float64(546208.415999999), np.float64(6449104.035))","(np.float64(546208.6411), np.float64(6449103.938), np.float64(16.857))",TP,0.24511020062443653
9,114.0,Birch,23.5,,,80.0,,POINT (546208.819 6449164.864),"(np.float64(546208.819), np.float64(6449164.864))",,FN,
9,255.0,Birch,16.95,,,0.0,,POINT (546208.844999999 6449136.643),"(np.float64(546208.844999999), np.float64(6449136.643))",,FN,
9,219.0,Birch,15.55,,,80.0,Bended,POINT (546208.861 6449154.076),"(np.float64(546208.861), np.float64(6449154.076))",,FN,
9,350.0,Fir,19.0,,,0.0,,POINT (546209.473 6449118.58899999),"(np.float64(546209.473), np.float64(6449118.58899999))",,FN,
9,113.0,Birch,25.55,,,0.0,,POINT (546209.761 6449167.041),"(np.float64(546209.761), np.float64(6449167.041))","(np.float64(546210.6331), np.float64(6449166.989), np.float64(25.962999999999994))",TP,0.8736489053824754
9,256.0,Birch,22.0,,,0.0,,POINT (546209.773 6449143.569),"(np.float64(546209.773), np.float64(6449143.569))",,FN,
9,111.0,Spruce,16.95,,,0.0,,POINT (546209.777 6449168.44199999),"(np.float64(546209.777), np.float64(6449168.44199999))",,FN,
9,214.0,Spruce,33.15,94.0,25.3,0.0,,POINT (546210.030999999 6449146.656),"(np.float64(546210.030999999), np.float64(6449146.656))","(np.float64(546210.1301), np.float64(6449146.475), np.float64(24.926999999999992))",TP,0.20635360542435013
9,122.0,Birch,15.1,,22.5,0.0,Damaged bark,POINT (546210.211 6449162.131),"(np.float64(546210.211), np.float64(6449162.131))",,FN,
9,306.0,Spruce,25.35,,,0.0,,POINT (546210.346 6449130.40199999),"(np.float64(546210.346), np.float64(6449130.40199999))",,FN,
9,108.0,Fir,26.3,,25.2,0.0,Rotten,POINT (546210.349999999 6449177.257),"(np.float64(546210.349999999), np.float64(6449177.257))",,FN,
9,305.0,Fir,24.2,86.0,22.0,0.0,Rotten,POINT (546210.368999999 6449131.79399999),"(np.float64(546210.368999999), np.float64(6449131.79399999))","(np.float64(546210.9171), np.float64(6449131.905), np.float64(21.27199999999999))",TP,0.5592267994429436
9,107.0,Tilia,19.0,,,0.0,,POINT (546210.393 6449179.621),"(np.float64(546210.393), np.float64(6449179.621))","(np.float64(546210.5621), np.float64(6449180.515), np.float64(13.663000000000011))",TP,0.909852080773384
9,215.0,Fir,20.4,,,0.0,,POINT (546210.604999999 6449147.889),"(np.float64(546210.604999999), np.float64(6449147.889))","(np.float64(546211.3801), np.float64(6449148.087), np.float64(12.837999999999994))",TP,0.7999900070256509
9,112.0,Fir,10.95,,,0.0,,POINT (546210.738999999 6449168.245),"(np.float64(546210.738999999), np.float64(6449168.245))",,FN,
9,257.0,Birch,34.5,,,80.0,,POINT (546210.819 6449143.94199999),"(np.float64(546210.819), np.float64(6449143.94199999))","(np.float64(546212.0511), np.float64(6449143.903), np.float64(25.831000000000017))",TP,1.2327170840251636
9,258.0,Spruce,14.9,,,0.0,,POINT (546211.273999999 6449142.45299999),"(np.float64(546211.273999999), np.float64(6449142.45299999))",,FN,
9,307.0,Tilia,11.7,,,0.0,,POINT (546211.667 6449127.416),"(np.float64(546211.667), np.float64(6449127.416))",,FN,
9,357.0,Birch,31.75,91.0,23.7,0.0,,POINT (546211.704999999 6449110.337),"(np.float64(546211.704999999), np.float64(6449110.337))","(np.float64(546211.3031), np.float64(6449110.475), np.float64(22.444000000000017))",TP,0.42493247583501886
9,104.0,Spruce,26.45,,,0.0,Single trunk,POINT (546211.807999999 6449175.656),"(np.float64(546211.807999999), np.float64(6449175.656))","(np.float64(546211.7391), np.float64(6449175.084), np.float64(28.66900000000001))",TP,0.5761347156537241
9,104.0,Spruce,26.45,,,0.0,Single trunk,POINT (546211.807999999 6449175.656),"(np.float64(546211.807999999), np.float64(6449175.656))",,FN,
9,105.0,Spruce,33.95,,,0.0,Single trunk,POINT (546211.807999999 6449175.656),"(np.float64(546211.807999999), np.float64(6449175.656))","(np.float64(546211.7391), np.float64(6449175.084), np.float64(28.66900000000001))",TP,0.5761347156537241
9,105.0,Spruce,33.95,,,0.0,Single trunk,POINT (546211.807999999 6449175.656),"(np.float64(546211.807999999), np.float64(6449175.656))",,FN,
9,259.0,Birch,12.4,,,80.0,,POINT (546211.954999999 6449140.711),"(np.float64(546211.954999999), np.float64(6449140.711))",,FN,
9,123.0,Birch,22.65,82.0,25.0,0.0,,POINT (546212 6449163.491),"(np.float64(546212.0), np.float64(6449163.491))",,FN,
9,213.0,Spruce,13.5,,,0.0,,POINT (546212.089999999 6449145.536),"(np.float64(546212.089999999), np.float64(6449145.536))",,FN,
9,396.0,Spruce,11.85,,,80.0,,POINT (546212.527 6449099.33399999),"(np.float64(546212.527), np.float64(6449099.33399999))",,FN,
9,103.0,Spruce,32.5,,,0.0,,POINT (546212.957 6449173.19199999),"(np.float64(546212.957), np.float64(6449173.19199999))","(np.float64(546213.2271), np.float64(6449172.66), np.float64(26.956999999999994))",TP,0.5966389182045733
9,260.0,Birch,24.6,,,0.0,,POINT (546212.991999999 6449138.275),"(np.float64(546212.991999999), np.float64(6449138.275))",,FN,
9,450.0,Spruce,13.75,,,0.0,,POINT (546213.04 6449097.46499999),"(np.float64(546213.04), np.float64(6449097.46499999))",,FN,
9,106.0,Fir,23.55,,23.6,0.0,Rotten,POINT (546213.050999999 6449176.841),"(np.float64(546213.050999999), np.float64(6449176.841))",,FN,
9,304.0,Spruce,32.0,96.0,23.8,0.0,,POINT (546213.221 6449127.92399999),"(np.float64(546213.221), np.float64(6449127.92399999))",,FN,
9,264.0,Fir,32.25,,22.8,0.0,,POINT (546213.25 6449133.388),"(np.float64(546213.25), np.float64(6449133.388))","(np.float64(546213.3901), np.float64(6449132.607), np.float64(22.316000000000003))",TP,0.7934664521278076
9,358.0,Birch,23.15,,,0.0,Two tops,POINT (546213.363999999 6449116.569),"(np.float64(546213.363999999), np.float64(6449116.569))",,FN,
9,261.0,Fir,19.35,,,0.0,,POINT (546213.424 6449143.23),"(np.float64(546213.424), np.float64(6449143.23))",,FN,
9,451.0,Birch,17.05,,,0.0,,POINT (546213.525999999 6449097.207),"(np.float64(546213.525999999), np.float64(6449097.207))",,FN,
9,452.0,Spruce,10.3,,,0.0,,POINT (546213.545 6449096.251),"(np.float64(546213.545), np.float64(6449096.251))",,FN,
9,212.0,Birch,21.85,86.0,24.5,0.0,,POINT (546213.858 6449146.46499999),"(np.float64(546213.858), np.float64(6449146.46499999))",,FN,
9,303.0,Spruce,18.55,,,0.0,,POINT (546213.886 6449126.801),"(np.float64(546213.886), np.float64(6449126.801))","(np.float64(546213.0031), np.float64(6449126.975), np.float64(21.965000000000003))",TP,0.899882442337222
9,407.0,Spruce,13.9,,,0.0,,POINT (546214.011999999 6449103.60699999),"(np.float64(546214.011999999), np.float64(6449103.60699999))",,FN,
9,211.0,Fir,14.25,,,0.0,,POINT (546214.131 6449146.32899999),"(np.float64(546214.131), np.float64(6449146.32899999))",,FN,
9,395.0,Aspen,36.45,,25.5,0.0,,POINT (546214.175 6449099.626),"(np.float64(546214.175), np.float64(6449099.626))","(np.float64(546213.9901), np.float64(6449099.15), np.float64(23.845))",TP,0.5106505750498865
9,263.0,Spruce,15.7,,,0.0,,POINT (546214.224 6449136.502),"(np.float64(546214.224), np.float64(6449136.502))",,FN,
9,210.0,Spruce,18.55,,,0.0,,POINT (546214.398 6449150.696),"(np.float64(546214.398), np.float64(6449150.696))",,FN,
9,359.0,Birch,24.5,,,0.0,,POINT (546214.614999999 6449118.002),"(np.float64(546214.614999999), np.float64(6449118.002))",,FN,
9,102.0,Spruce,30.45,,,0.0,Two tops,POINT (546214.672 6449171.296),"(np.float64(546214.672), np.float64(6449171.296))",,FN,
9,406.0,Birch,16.45,,,0.0,,POINT (546214.937999999 6449104.60099999),"(np.float64(546214.937999999), np.float64(6449104.60099999))","(np.float64(546213.1311), np.float64(6449105.912), np.float64(9.567999999999984))",TP,2.2323997475208395
9,404.0,Birch,32.0,,24.2,0.0,,POINT (546215.003999999 6449108.046),"(np.float64(546215.003999999), np.float64(6449108.046))",,FN,
9,360.0,Spruce,10.85,,,0.0,,POINT (546215.05 6449117.41999999),"(np.float64(546215.05), np.float64(6449117.41999999))",,FN,
9,397.0,Fir,13.15,,,0.0,,POINT (546215.064 6449100.70199999),"(np.float64(546215.064), np.float64(6449100.70199999))","(np.float64(546214.0091), np.float64(6449099.707), np.float64(12.87100000000001))",TP,1.4501168883269344
9,262.0,Fir,16.4,,,0.0,,POINT (546215.339 6449137.73),"(np.float64(546215.339), np.float64(6449137.73))",,FN,
9,40.0,Birch,39.45,,,0.0,Two tops,POINT (546215.775999999 6449193.514),"(np.float64(546215.775999999), np.float64(6449193.514))",,FN,
9,405.0,Fir,10.7,,,0.0,,POINT (546215.87 6449107.03199999),"(np.float64(546215.87), np.float64(6449107.03199999))","(np.float64(546216.3961), np.float64(6449107.541), np.float64(23.867999999999995))",TP,0.7320261061278984
9,454.0,Spruce,16.75,,,0.0,,POINT (546215.974999999 6449089.358),"(np.float64(546215.974999999), np.float64(6449089.358))",,FN,
9,268.0,Spruce,15.9,,,0.0,,POINT (546216.05 6449141.297),"(np.float64(546216.05), np.float64(6449141.297))",,FN,
9,199.0,Fir,18.9,,,0.0,,POINT (546216.12 6449145.267),"(np.float64(546216.12), np.float64(6449145.267))",,FN,
9,362.0,Spruce,13.1,,,0.0,,POINT (546216.236 6449118.768),"(np.float64(546216.236), np.float64(6449118.768))",,FN,
9,207.0,Spruce,12.75,,,0.0,,POINT (546216.243 6449155.68599999),"(np.float64(546216.243), np.float64(6449155.68599999))",,FN,
9,39.0,Fir,13.45,,,0.0,,POINT (546216.258999999 6449192.927),"(np.float64(546216.258999999), np.float64(6449192.927))",,FN,
9,209.0,Birch,23.85,,,0.0,Bended,POINT (546216.265 6449151.81099999),"(np.float64(546216.265), np.float64(6449151.81099999))","(np.float64(546216.6201), np.float64(6449151.873), np.float64(23.032999999999987))",TP,0.3604719283016129
9,301.0,Spruce,14.4,,,0.0,,POINT (546216.305999999 6449130.116),"(np.float64(546216.305999999), np.float64(6449130.116))",,FN,
9,201.0,Spruce,23.45,,,0.0,,POINT (546216.322999999 6449147.06199999),"(np.float64(546216.322999999), np.float64(6449147.06199999))",,FN,
9,265.0,Spruce,29.1,,,0.0,,POINT (546216.346999999 6449133.78199999),"(np.float64(546216.346999999), np.float64(6449133.78199999))","(np.float64(546217.2241), np.float64(6449133.976), np.float64(22.210000000000008))",TP,0.8982986226039517
9,200.0,Fir,28.35,,,0.0,,POINT (546216.346999999 6449145.51999999),"(np.float64(546216.346999999), np.float64(6449145.51999999))","(np.float64(546216.4141), np.float64(6449145.746), np.float64(24.22))",TP,0.235750746923362
9,361.0,Spruce,18.15,,,0.0,,POINT (546216.378999999 6449118.008),"(np.float64(546216.378999999), np.float64(6449118.008))","(np.float64(546215.9681), np.float64(6449117.772), np.float64(23.275000000000006))",TP,0.47385104135019984
9,208.0,Fir,26.75,,,0.0,A hollow,POINT (546216.633 6449154.71899999),"(np.float64(546216.633), np.float64(6449154.71899999))","(np.float64(546217.6431), np.float64(6449154.802), np.float64(23.543000000000006))",TP,1.0135043224134819
9,398.0,Birch,26.0,,,0.0,Bended,POINT (546216.724999999 6449101.96),"(np.float64(546216.724999999), np.float64(6449101.96))","(np.float64(546216.9191), np.float64(6449102.712), np.float64(23.87299999999999))",TP,0.7766458722518895
9,302.0,Fir,18.05,,,0.0,,POINT (546216.777 6449125.00399999),"(np.float64(546216.777), np.float64(6449125.00399999))","(np.float64(546217.0111), np.float64(6449124.947), np.float64(18.010999999999996))",TP,0.24093943002835275
9,269.0,Spruce,15.4,,,0.0,,POINT (546217.174 6449138.50299999),"(np.float64(546217.174), np.float64(6449138.50299999))",,FN,
9,453.0,Fir,19.9,,,0.0,,POINT (546217.295999999 6449093.18499999),"(np.float64(546217.295999999), np.float64(6449093.18499999))",,FN,
9,206.0,Spruce,10.15,,,0.0,,POINT (546217.309 6449155.932),"(np.float64(546217.309), np.float64(6449155.932))","(np.float64(546218.1801), np.float64(6449156.07), np.float64(9.685000000000002))",TP,0.8819632702417556
9,42.0,Spruce,15.8,,,0.0,,POINT (546217.535999999 6449186.00499999),"(np.float64(546217.535999999), np.float64(6449186.00499999))",,FN,
9,202.0,Birch,19.05,,,80.0,,POINT (546217.611999999 6449149.332),"(np.float64(546217.611999999), np.float64(6449149.332))",,FN,
9,43.0,Spruce,19.2,,,0.0,,POINT (546217.697999999 6449178.786),"(np.float64(546217.697999999), np.float64(6449178.786))",,FN,
9,363.0,Spruce,11.0,,,0.0,,POINT (546217.748 6449110.88999999),"(np.float64(546217.748), np.float64(6449110.88999999))","(np.float64(546218.4451), np.float64(6449110.928), np.float64(23.03800000000001))",TP,0.6981349516698031
9,394.0,Fir,34.05,,,0.0,A hollow,POINT (546217.875 6449097.75899999),"(np.float64(546217.875), np.float64(6449097.75899999))",,FN,
9,38.0,Spruce,16.2,,,0.0,,POINT (546217.993999999 6449191.338),"(np.float64(546217.993999999), np.float64(6449191.338))","(np.float64(546217.1151), np.float64(6449191.995), np.float64(27.253000000000014))",TP,1.0973213785061358
9,125.0,Spruce,24.8,84.0,24.2,0.0,,POINT (546218.092999999 6449159.069),"(np.float64(546218.092999999), np.float64(6449159.069))","(np.float64(546218.6851), np.float64(6449159.357), np.float64(23.37299999999999))",TP,0.6584272253514043
9,266.0,Fir,12.5,,,0.0,,POINT (546218.104 6449133.71999999),"(np.float64(546218.104), np.float64(6449133.71999999))",,FN,
9,364.0,Birch,25.35,,,0.0,,POINT (546218.168999999 6449110.052),"(np.float64(546218.168999999), np.float64(6449110.052))",,FN,
9,299.0,Birch,22.75,,,0.0,,POINT (546218.206 6449129.55399999),"(np.float64(546218.206), np.float64(6449129.55399999))","(np.float64(546219.2981), np.float64(6449130.478), np.float64(22.325999999999993))",TP,1.4305448012223616
9,296.0,Spruce,11.0,,,0.0,,POINT (546218.211 6449123.308),"(np.float64(546218.211), np.float64(6449123.308))",,FN,
9,126.0,Birch,16.75,,,0.0,,POINT (546218.412999999 6449157.875),"(np.float64(546218.412999999), np.float64(6449157.875))",,FN,
9,203.0,Spruce,11.75,,,0.0,,POINT (546218.464999999 6449149.474),"(np.float64(546218.464999999), np.float64(6449149.474))",,FN,
9,271.0,Spruce,15.9,,,0.0,,POINT (546218.533999999 6449141.83899999),"(np.float64(546218.533999999), np.float64(6449141.83899999))",,FN,
9,455.0,Spruce,15.95,,,0.0,,POINT (546218.785 6449087.91899999),"(np.float64(546218.785), np.float64(6449087.91899999))",,FN,
9,393.0,Spruce,11.9,,,0.0,,POINT (546218.793999999 6449097.84999999),"(np.float64(546218.793999999), np.float64(6449097.84999999))","(np.float64(546219.0591), np.float64(6449097.03), np.float64(25.198000000000008))",TP,0.8617876735149285
9,44.0,Fir,15.6,,,0.0,,POINT (546218.795999999 6449179.18499999),"(np.float64(546218.795999999), np.float64(6449179.18499999))","(np.float64(546219.7981), np.float64(6449178.948), np.float64(12.608000000000004))",TP,1.029744340799307
9,392.0,Fir,11.85,,,0.0,,POINT (546218.915999999 6449098.45299999),"(np.float64(546218.915999999), np.float64(6449098.45299999))",,FN,
9,365.0,Birch,11.05,,,80.0,,POINT (546218.949999999 6449110.24399999),"(np.float64(546218.949999999), np.float64(6449110.24399999))",,FN,
9,297.0,Spruce,20.8,,,0.0,,POINT (546218.967999999 6449127.29999999),"(np.float64(546218.967999999), np.float64(6449127.29999999))",,FN,
9,198.0,Birch,19.3,,,0.0,Bended,POINT (546218.974 6449146.48799999),"(np.float64(546218.974), np.float64(6449146.48799999))",,FN,
9,399.0,Fir,14.65,,,0.0,,POINT (546219.005 6449105.68099999),"(np.float64(546219.005), np.float64(6449105.68099999))",,FN,
9,127.0,Birch,18.9,,,80.0,Bended,POINT (546219.309 6449157.57299999),"(np.float64(546219.309), np.float64(6449157.57299999))",,FN,
9,267.0,Spruce,11.35,,,0.0,,POINT (546219.368999999 6449135.36199999),"(np.float64(546219.368999999), np.float64(6449135.36199999))",,FN,
9,41.0,Fir,35.25,,,0.0,,POINT (546219.376999999 6449187.36199999),"(np.float64(546219.376999999), np.float64(6449187.36199999))","(np.float64(546220.0781), np.float64(6449187.601), np.float64(27.393))",TP,0.7407173657176523
9,270.0,Spruce,14.6,,,0.0,,POINT (546219.388999999 6449139.801),"(np.float64(546219.388999999), np.float64(6449139.801))",,FN,
9,205.0,Birch,22.55,,,0.0,,POINT (546219.467999999 6449151.62999999),"(np.float64(546219.467999999), np.float64(6449151.62999999))",,FN,
9,298.0,Fir,14.85,,,0.0,,POINT (546219.518 6449127.91399999),"(np.float64(546219.518), np.float64(6449127.91399999))","(np.float64(546219.8321), np.float64(6449128.405), np.float64(10.338999999999999))",TP,0.5828720446334783
9,204.0,Birch,26.25,,,0.0,,POINT (546219.64 6449150.91199999),"(np.float64(546219.64), np.float64(6449150.91199999))","(np.float64(546220.0281), np.float64(6449150.806), np.float64(25.037000000000006))",TP,0.4023153091092267
9,124.0,Birch,33.95,,,0.0,,POINT (546219.763999999 6449163.23699999),"(np.float64(546219.763999999), np.float64(6449163.23699999))","(np.float64(546219.6901), np.float64(6449163.075), np.float64(26.36100000000002))",TP,0.17805955939407098
9,367.0,Spruce,25.2,,,0.0,,POINT (546219.790999999 6449115.08299999),"(np.float64(546219.790999999), np.float64(6449115.08299999))","(np.float64(546220.1561), np.float64(6449114.718), np.float64(21.948000000000008))",TP,0.5162586593984358
9,49.0,Fir,26.65,,,0.0,,POINT (546219.807664 6449174.0344),"(np.float64(546219.807664), np.float64(6449174.0344))",,FN,
9,128.0,Spruce,14.95,,,0.0,,POINT (546219.900999999 6449158.22499999),"(np.float64(546219.900999999), np.float64(6449158.22499999))",,FN,
9,366.0,Spruce,21.9,,,0.0,,POINT (546219.947 6449112.41799999),"(np.float64(546219.947), np.float64(6449112.41799999))","(np.float64(546218.3761), np.float64(6449112.689), np.float64(11.552999999999997))",TP,1.5941040792731642
9,101.0,Aspen,30.2,80.0,26.6,0.0,,POINT (546220.268 6449172.80599999),"(np.float64(546220.268), np.float64(6449172.80599999))",,FN,
9,45.0,Birch,34.5,,26.2,0.0,,POINT (546220.474999999 6449176.888),"(np.float64(546220.474999999), np.float64(6449176.888))","(np.float64(546221.2981), np.float64(6449176.723), np.float64(26.533999999999992))",TP,0.8394752001147396
9,195.0,Spruce,14.5,,,0.0,,POINT (546220.518999999 6449145.90699999),"(np.float64(546220.518999999), np.float64(6449145.90699999))",,FN,
9,403.0,Birch,14.25,,,0.0,,POINT (546220.533 6449108.319),"(np.float64(546220.533), np.float64(6449108.319))","(np.float64(546219.2101), np.float64(6449108.435), np.float64(9.511000000000024))",TP,1.3279760577467974
9,368.0,Birch,12.7,,,0.0,,POINT (546220.552999999 6449114.30599999),"(np.float64(546220.552999999), np.float64(6449114.30599999))",,FN,
9,36.0,Fir,28.0,,,0.0,,POINT (546220.594 6449193.637),"(np.float64(546220.594), np.float64(6449193.637))","(np.float64(546220.8691), np.float64(6449193.866), np.float64(7.1200000000000045))",TP,0.35793995322269867
9,135.0,Spruce,11.85,,,0.0,,POINT (546220.601999999 6449153.581),"(np.float64(546220.601999999), np.float64(6449153.581))",,FN,
9,37.0,Fir,25.0,,,0.0,,POINT (546220.697999999 6449190.29),"(np.float64(546220.697999999), np.float64(6449190.29))",,FN,
9,456.0,Birch,23.95,,25.8,0.0,,POINT (546220.819999999 6449095.342),"(np.float64(546220.819999999), np.float64(6449095.342))","(np.float64(546220.8491), np.float64(6449094.469), np.float64(23.834000000000003))",TP,0.8734848659882063
9,300.0,Spruce,19.4,,,0.0,,POINT (546220.822 6449130.17499999),"(np.float64(546220.822), np.float64(6449130.17499999))","(np.float64(546220.4261), np.float64(6449131.422), np.float64(11.28200000000001))",TP,1.3083370500940246
9,129.0,Fir,11.55,,,0.0,,POINT (546220.868 6449157.593),"(np.float64(546220.868), np.float64(6449157.593))",,FN,
9,46.0,Fir,11.9,,,0.0,,POINT (546220.932999999 6449174.593),"(np.float64(546220.932999999), np.float64(6449174.593))",,FN,
9,196.0,Spruce,14.4,,,0.0,,POINT (546221.084 6449144.03899999),"(np.float64(546221.084), np.float64(6449144.03899999))",,FN,
9,400.0,Fir,11.5,,,0.0,,POINT (546221.098 6449102.76499999),"(np.float64(546221.098), np.float64(6449102.76499999))",,FN,
9,390.0,Fir,13.15,,,0.0,,POINT (546221.101 6449099.167),"(np.float64(546221.101), np.float64(6449099.167))",,FN,
9,48.0,Fir,13.0,,,0.0,,POINT (546221.462999999 6449172.821),"(np.float64(546221.462999999), np.float64(6449172.821))","(np.float64(546222.7371), np.float64(6449173.021), np.float64(24.148000000000025))",TP,1.2897018307244112
9,272.0,Fir,13.8,,,0.0,,POINT (546221.628 6449142.29299999),"(np.float64(546221.628), np.float64(6449142.29299999))","(np.float64(546222.7841), np.float64(6449143.139), np.float64(24.158000000000015))",TP,1.4325792219701894
9,197.0,Birch,25.25,,,0.0,,POINT (546221.711 6449144.131),"(np.float64(546221.711), np.float64(6449144.131))",,FN,
9,47.0,Birch,21.9,,,0.0,,POINT (546221.81 6449174.03),"(np.float64(546221.81), np.float64(6449174.03))",,FN,
9,194.0,Birch,29.75,103.0,24.4,0.0,,POINT (546221.961 6449145.728),"(np.float64(546221.961), np.float64(6449145.728))","(np.float64(546222.1421), np.float64(6449146.453), np.float64(24.62899999999999))",TP,0.7472765281180902
9,458.0,Fir,10.5,,,0.0,,POINT (546221.973 6449092.955),"(np.float64(546221.973), np.float64(6449092.955))",,FN,
9,375.0,Spruce,10.6,,,0.0,,POINT (546222.013999999 6449111.78),"(np.float64(546222.013999999), np.float64(6449111.78))",,FN,
9,50.0,Fir,31.0,,,0.0,Frost crack,POINT (546222.113 6449178.178),"(np.float64(546222.113), np.float64(6449178.178))","(np.float64(546221.6461), np.float64(6449179.266), np.float64(9.727000000000004))",TP,1.1839508473589098
9,369.0,Birch,20.15,,,0.0,,POINT (546222.152 6449116.422),"(np.float64(546222.152), np.float64(6449116.422))","(np.float64(546220.7321), np.float64(6449118.353), np.float64(18.938999999999993))",TP,2.3968473062384037
9,274.0,Fir,15.0,,,0.0,,POINT (546222.177999999 6449135.4),"(np.float64(546222.177999999), np.float64(6449135.4))",,FN,
9,134.0,Birch,16.35,,,0.0,,POINT (546222.336 6449155.974),"(np.float64(546222.336), np.float64(6449155.974))","(np.float64(546221.9721), np.float64(6449155.775), np.float64(22.724999999999994))",TP,0.41475801379413496
9,100.0,Fir,27.7,,,0.0,A hollow,POINT (546222.358 6449170.76599999),"(np.float64(546222.358), np.float64(6449170.76599999))","(np.float64(546222.5041), np.float64(6449170.739), np.float64(23.74600000000001))",TP,0.1485739191043409
9,402.0,Fir,11.7,,,0.0,,POINT (546222.371 6449108.729),"(np.float64(546222.371), np.float64(6449108.729))",,FN,
9,401.0,Spruce,28.5,,,0.0,,POINT (546222.449999999 6449106.814),"(np.float64(546222.449999999), np.float64(6449106.814))","(np.float64(546222.3041), np.float64(6449107.026), np.float64(21.813000000000017))",TP,0.25735347181937546
9,35.0,Spruce,18.9,,,0.0,,POINT (546222.533999999 6449194.21499999),"(np.float64(546222.533999999), np.float64(6449194.21499999))","(np.float64(546222.6561), np.float64(6449193.734), np.float64(10.620000000000005))",TP,0.49625537787814356
9,273.0,Fir,28.7,108.0,23.6,0.0,,POINT (546222.535 6449139.439),"(np.float64(546222.535), np.float64(6449139.439))","(np.float64(546223.1731), np.float64(6449140.287), np.float64(22.804000000000002))",TP,1.061261329168806
9,130.0,Spruce,10.95,,,0.0,,POINT (546222.596999999 6449159.183),"(np.float64(546222.596999999), np.float64(6449159.183))",,FN,
9,459.0,Birch,17.0,,,0.0,,POINT (546222.614999999 6449088.506),"(np.float64(546222.614999999), np.float64(6449088.506))",,FN,
9,391.0,Birch,25.3,,,0.0,,POINT (546222.832999999 6449096.661),"(np.float64(546222.832999999), np.float64(6449096.661))","(np.float64(546223.2261), np.float64(6449096.35), np.float64(24.595))",TP,0.5012470559993485
9,389.0,Birch,19.85,,,80.0,,POINT (546222.935999999 6449099.052),"(np.float64(546222.935999999), np.float64(6449099.052))","(np.float64(546222.4571), np.float64(6449101.02), np.float64(8.063999999999993))",TP,2.025430622553914
9,457.0,Fir,18.55,,,0.0,,POINT (546223.359 6449094.19),"(np.float64(546223.359), np.float64(6449094.19))","(np.float64(546225.4661), np.float64(6449094.518), np.float64(11.645999999999987))",TP,2.1324761216575845
9,131.0,Fir,10.75,,,0.0,,POINT (546223.454999999 6449162.497),"(np.float64(546223.454999999), np.float64(6449162.497))",,FN,
9,370.0,Fir,12.05,,,0.0,,POINT (546223.547 6449118.263),"(np.float64(546223.547), np.float64(6449118.263))",,FN,
9,188.0,Birch,15.85,,,0.0,,POINT (546223.579 6449148.251),"(np.float64(546223.579), np.float64(6449148.251))",,FN,
9,193.0,Spruce,31.75,,,0.0,,POINT (546223.748999999 6449144.693),"(np.float64(546223.748999999), np.float64(6449144.693))","(np.float64(546224.6551), np.float64(6449144.953), np.float64(24.650999999999982))",TP,0.9426649519375081
9,388.0,Birch,27.9,,,0.0,,POINT (546223.753 6449098.61699999),"(np.float64(546223.753), np.float64(6449098.61699999))","(np.float64(546225.4451), np.float64(6449097.086), np.float64(10.899999999999977))",TP,2.2819209845836106
9,295.0,Spruce,26.1,86.0,24.9,0.0,,POINT (546223.805 6449123.108),"(np.float64(546223.805), np.float64(6449123.108))","(np.float64(546224.2461), np.float64(6449122.966), np.float64(23.430999999999983))",TP,0.46339314835604656
9,34.0,Fir,24.05,,,0.0,,POINT (546223.905 6449191.949),"(np.float64(546223.905), np.float64(6449191.949))","(np.float64(546222.7611), np.float64(6449192.27), np.float64(12.317000000000007))",TP,1.1880859437578175
9,132.0,Birch,38.65,,,0.0,,POINT (546224.047999999 6449163.046),"(np.float64(546224.047999999), np.float64(6449163.046))","(np.float64(546224.3421), np.float64(6449163.205), np.float64(25.688000000000017))",TP,0.3343288958148998
9,136.0,Spruce,10.85,,,0.0,,POINT (546224.104 6449154.042),"(np.float64(546224.104), np.float64(6449154.042))",,FN,
9,371.0,Spruce,32.85,,,0.0,,POINT (546224.185 6449118.81099999),"(np.float64(546224.185), np.float64(6449118.81099999))","(np.float64(546224.9141), np.float64(6449118.879), np.float64(22.613))",TP,0.7322641676730661
9,276.0,Birch,31.3,105.0,22.8,0.0,Rotten,POINT (546224.293999999 6449136.86699999),"(np.float64(546224.293999999), np.float64(6449136.86699999))","(np.float64(546224.5941), np.float64(6449136.666), np.float64(22.37100000000001))",TP,0.3611938629699829
9,137.0,Birch,22.8,,,0.0,,POINT (546224.393999999 6449154.568),"(np.float64(546224.393999999), np.float64(6449154.568))","(np.float64(546225.8671), np.float64(6449154.853), np.float64(24.316000000000003))",TP,1.5004161466102652
9,275.0,Spruce,15.5,,,0.0,,POINT (546224.454 6449134.393),"(np.float64(546224.454), np.float64(6449134.393))",,FN,
9,294.0,Birch,17.1,,,0.0,,POINT (546224.608 6449124.81599999),"(np.float64(546224.608), np.float64(6449124.81599999))","(np.float64(546225.8841), np.float64(6449123.504), np.float64(12.436000000000007))",TP,1.8302391060709124
9,99.0,Birch,29.45,87.0,24.9,0.0,,POINT (546224.729999999 6449171.86),"(np.float64(546224.729999999), np.float64(6449171.86))","(np.float64(546224.6951), np.float64(6449171.648), np.float64(23.813000000000017))",TP,0.21485346182009094
9,374.0,Birch,25.5,,,0.0,Frost crack,POINT (546225.018999999 6449114.10699999),"(np.float64(546225.018999999), np.float64(6449114.10699999))",,FN,
9,33.0,Spruce,22.2,92.0,22.3,0.0,Rotten,POINT (546225.136999999 6449190.496),"(np.float64(546225.136999999), np.float64(6449190.496))",,FN,
9,32.0,Spruce,37.6,,,0.0,,POINT (546225.14 6449182.842),"(np.float64(546225.14), np.float64(6449182.842))","(np.float64(546224.6171), np.float64(6449181.922), np.float64(27.26600000000002))",TP,1.0582175626230268
9,187.0,Fir,16.1,,,0.0,,POINT (546225.302 6449149.07199999),"(np.float64(546225.302), np.float64(6449149.07199999))",,FN,
9,192.0,Fir,14.25,,,0.0,,POINT (546225.351999999 6449143.727),"(np.float64(546225.351999999), np.float64(6449143.727))",,FN,
9,31.0,Spruce,26.35,,,0.0,,POINT (546225.371999999 6449185.04999999),"(np.float64(546225.371999999), np.float64(6449185.04999999))",,FN,
9,387.0,Spruce,28.55,,,0.0,,POINT (546225.483 6449101.08899999),"(np.float64(546225.483), np.float64(6449101.08899999))","(np.float64(546226.0831), np.float64(6449101.532), np.float64(22.993000000000023))",TP,0.7459014802725158
9,30.0,Fir,11.75,,14.5,0.0,,POINT (546225.491 6449185.417),"(np.float64(546225.491), np.float64(6449185.417))",,FN,
9,133.0,Birch,24.95,,,0.0,,POINT (546225.596 6449157.49),"(np.float64(546225.596), np.float64(6449157.49))","(np.float64(546225.7901), np.float64(6449157.658), np.float64(23.127999999999986))",TP,0.2567076349681356
9,373.0,Spruce,22.55,,,0.0,,POINT (546226.288999999 6449116.27099999),"(np.float64(546226.288999999), np.float64(6449116.27099999))","(np.float64(546226.9461), np.float64(6449115.676), np.float64(23.498999999999995))",TP,0.8864566542827659
9,384.0,Birch,21.4,,,0.0,,POINT (546226.3 6449106.26499999),"(np.float64(546226.3), np.float64(6449106.26499999))","(np.float64(546227.5391), np.float64(6449105.075), np.float64(21.523000000000025))",TP,1.7179839308353524
9,191.0,Spruce,15.25,,,0.0,,POINT (546226.324999999 6449142.172),"(np.float64(546226.324999999), np.float64(6449142.172))",,FN,
9,293.0,Aspen,33.15,,,0.0,Bended,POINT (546226.496 6449125.832),"(np.float64(546226.496), np.float64(6449125.832))","(np.float64(546227.1161), np.float64(6449127.034), np.float64(23.13300000000001))",TP,1.352526527993037
9,277.0,Spruce,21.0,,,0.0,Damaged bark,POINT (546226.677 6449136.83299999),"(np.float64(546226.677), np.float64(6449136.83299999))",,FN,
9,386.0,Birch,24.25,,,80.0,Two tops,POINT (546226.864999999 6449102.297),"(np.float64(546226.864999999), np.float64(6449102.297))",,FN,
9,372.0,Birch,14.15,,,0.0,,POINT (546226.890999999 6449116.85599999),"(np.float64(546226.890999999), np.float64(6449116.85599999))",,FN,
9,377.0,Spruce,13.2,,,0.0,,POINT (546227.047 6449114.36199999),"(np.float64(546227.047), np.float64(6449114.36199999))","(np.float64(546227.6441), np.float64(6449114.071), np.float64(12.090000000000003))",TP,0.6642359551928737
9,51.0,Fir,28.25,,,80.0,,POINT (546227.27 6449180.758),"(np.float64(546227.27), np.float64(6449180.758))","(np.float64(546227.6891), np.float64(6449180.202), np.float64(24.361999999999995))",TP,0.6962620274271804
9,143.0,Fir,17.35,,,0.0,,POINT (546227.446 6449153.836),"(np.float64(546227.446), np.float64(6449153.836))","(np.float64(546226.4771), np.float64(6449154.366), np.float64(13.506))",TP,1.1043854445952397
9,190.0,Fir,24.85,,,0.0,,POINT (546227.685 6449140.91199999),"(np.float64(546227.685), np.float64(6449140.91199999))","(np.float64(546228.3421), np.float64(6449140.966), np.float64(22.034999999999997))",TP,0.6593151075129672
9,189.0,Fir,13.7,,,0.0,,POINT (546227.797 6449139.07899999),"(np.float64(546227.797), np.float64(6449139.07899999))",,FN,
9,376.0,Spruce,30.25,,,0.0,,POINT (546227.829999999 6449110.36199999),"(np.float64(546227.829999999), np.float64(6449110.36199999))","(np.float64(546228.9411), np.float64(6449110.834), np.float64(24.986999999999995))",TP,1.207198086951342
9,29.0,Birch,34.55,,,0.0,Two tops,POINT (546227.846 6449184.852),"(np.float64(546227.846), np.float64(6449184.852))",,FN,
9,292.0,Spruce,37.4,,25.8,0.0,,POINT (546227.898 6449122.894),"(np.float64(546227.898), np.float64(6449122.894))","(np.float64(546228.1041), np.float64(6449122.279), np.float64(25.495000000000005))",TP,0.6486156105546601
9,185.0,Fir,11.55,,,0.0,,POINT (546227.927999999 6449148.597),"(np.float64(546227.927999999), np.float64(6449148.597))",,FN,
9,144.0,Birch,19.35,,,0.0,,POINT (546227.949999999 6449152.82699999),"(np.float64(546227.949999999), np.float64(6449152.82699999))",,FN,
9,385.0,Fir,18.2,,,0.0,,POINT (546228.027 6449103.06599999),"(np.float64(546228.027), np.float64(6449103.06599999))",,FN,
9,279.0,Spruce,26.95,,,0.0,,POINT (546228.072 6449132.194),"(np.float64(546228.072), np.float64(6449132.194))","(np.float64(546228.2941), np.float64(6449132.3), np.float64(22.59699999999998))",TP,0.24609837451336494
9,278.0,Spruce,14.8,,,0.0,,POINT (546228.167999999 6449134.78),"(np.float64(546228.167999999), np.float64(6449134.78))",,FN,
9,186.0,Fir,16.7,,,0.0,,POINT (546228.202 6449152.62299999),"(np.float64(546228.202), np.float64(6449152.62299999))","(np.float64(546228.5161), np.float64(6449152.972), np.float64(14.21799999999999))",TP,0.46953148643181214
9,282.0,Fir,23.0,,,0.0,,POINT (546228.317999999 6449128.81099999),"(np.float64(546228.317999999), np.float64(6449128.81099999))","(np.float64(546228.5731), np.float64(6449129.21), np.float64(22.107))",TP,0.4735789460143762
9,291.0,Aspen,29.6,,,80.0,,POINT (546228.349 6449122.945),"(np.float64(546228.349), np.float64(6449122.945))",,FN,
9,138.0,Birch,28.6,,,0.0,,POINT (546228.814 6449155.711),"(np.float64(546228.814), np.float64(6449155.711))","(np.float64(546229.0291), np.float64(6449155.666), np.float64(24.044999999999987))",TP,0.21975670639676922
9,145.0,Spruce,26.2,81.0,22.8,0.0,,POINT (546228.856999999 6449151.405),"(np.float64(546228.856999999), np.float64(6449151.405))","(np.float64(546229.6851), np.float64(6449151.353), np.float64(22.870000000000005))",TP,0.8297310477663921
9,290.0,Fir,14.6,,,0.0,,POINT (546228.861999999 6449123.21999999),"(np.float64(546228.861999999), np.float64(6449123.21999999))","(np.float64(546228.4301), np.float64(6449124.258), np.float64(10.411000000000001))",TP,1.124269376008854
9,26.0,Spruce,34.2,,,0.0,,POINT (546229.207 6449191.264),"(np.float64(546229.207), np.float64(6449191.264))","(np.float64(546229.3231), np.float64(6449189.22), np.float64(11.313999999999993))",TP,2.0472946082156924
9,19.0,Fir,13.9,,,0.0,,POINT (546229.236999999 6449186.875),"(np.float64(546229.236999999), np.float64(6449186.875))",,FN,
9,28.0,Spruce,35.25,,,0.0,,POINT (546229.466999999 6449186.87999999),"(np.float64(546229.466999999), np.float64(6449186.87999999))",,FN,
9,378.0,Spruce,23.2,,,0.0,,POINT (546229.589 6449115.52799999),"(np.float64(546229.589), np.float64(6449115.52799999))","(np.float64(546230.1641), np.float64(6449115.664), np.float64(21.907999999999987))",TP,0.5909619385283269
9,56.0,Fir,18.85,,,0.0,,POINT (546229.611999999 6449176.211),"(np.float64(546229.611999999), np.float64(6449176.211))",,FN,
9,97.0,Fir,12.0,,,0.0,,POINT (546229.638999999 6449170.974),"(np.float64(546229.638999999), np.float64(6449170.974))",,FN,
9,27.0,Spruce,35.0,,28.8,0.0,,POINT (546229.935 6449188.09999999),"(np.float64(546229.935), np.float64(6449188.09999999))","(np.float64(546230.5911), np.float64(6449188.027), np.float64(28.762))",TP,0.6601486260651326
9,139.0,Fir,12.55,,,0.0,,POINT (546229.939 6449155.943),"(np.float64(546229.939), np.float64(6449155.943))",,FN,
9,383.0,Spruce,22.5,,,0.0,,POINT (546229.957 6449109.791),"(np.float64(546229.957), np.float64(6449109.791))",,FN,
9,184.0,Aspen,11.6,,17.1,0.0,,POINT (546229.959 6449148.963),"(np.float64(546229.959), np.float64(6449148.963))",,FN,
9,96.0,Birch,30.55,,,0.0,,POINT (546229.964 6449162.68099999),"(np.float64(546229.964), np.float64(6449162.68099999))","(np.float64(546230.7751), np.float64(6449162.424), np.float64(24.942999999999984))",TP,0.8508420562815934
9,55.0,Fir,12.85,,,0.0,,POINT (546230.060999999 6449176.54299999),"(np.float64(546230.060999999), np.float64(6449176.54299999))",,FN,
9,95.0,Fir,27.9,,,0.0,,POINT (546230.555 6449163.32),"(np.float64(546230.555), np.float64(6449163.32))",,FN,
9,183.0,Aspen,17.7,,21.4,0.0,,POINT (546230.591 6449147.705),"(np.float64(546230.591), np.float64(6449147.705))","(np.float64(546231.7031), np.float64(6449147.388), np.float64(22.237000000000023))",TP,1.1563976002822296
9,25.0,Fir,25.55,,24.3,0.0,Rotten,POINT (546230.827 6449189.757),"(np.float64(546230.827), np.float64(6449189.757))",,FN,
9,57.0,Spruce,32.25,,22.1,0.0,,POINT (546230.893999999 6449173.60599999),"(np.float64(546230.893999999), np.float64(6449173.60599999))",,FN,
9,94.0,Spruce,25.85,,,0.0,,POINT (546230.895999999 6449165.76599999),"(np.float64(546230.895999999), np.float64(6449165.76599999))","(np.float64(546231.4561), np.float64(6449165.808), np.float64(25.465000000000003))",TP,0.5616725130689492
9,289.0,Aspen,33.0,,,80.0,,POINT (546231.096 6449125.773),"(np.float64(546231.096), np.float64(6449125.773))","(np.float64(546231.5591), np.float64(6449127.094), np.float64(23.567999999999984))",TP,1.3998223489786183
9,281.0,Fir,19.15,,,0.0,,POINT (546231.174 6449132.44199999),"(np.float64(546231.174), np.float64(6449132.44199999))","(np.float64(546230.1461), np.float64(6449131.313), np.float64(9.057999999999993))",TP,1.5268331232382242
9,52.0,Fir,12.0,,,0.0,,POINT (546231.346999999 6449179.98799999),"(np.float64(546231.346999999), np.float64(6449179.98799999))",,FN,
9,382.0,Birch,21.4,,,0.0,,POINT (546231.432999999 6449112.00299999),"(np.float64(546231.432999999), np.float64(6449112.00299999))","(np.float64(546232.5351), np.float64(6449112.05), np.float64(22.50200000000001))",TP,1.103101723773611
9,147.0,Spruce,12.15,,,0.0,,POINT (546231.772 6449153.29399999),"(np.float64(546231.772), np.float64(6449153.29399999))",,FN,
9,98.0,Fir,11.15,,13.4,0.0,,POINT (546231.809 6449170.74199999),"(np.float64(546231.809), np.float64(6449170.74199999))",,FN,
9,288.0,Aspen,32.6,,,80.0,,POINT (546231.917 6449124.38999999),"(np.float64(546231.917), np.float64(6449124.38999999))","(np.float64(546231.3151), np.float64(6449122.795), np.float64(11.98999999999998))",TP,1.7047898930570569
9,148.0,Fir,36.1,,26.1,0.0,,POINT (546231.947999999 6449150.676),"(np.float64(546231.947999999), np.float64(6449150.676))","(np.float64(546232.7701), np.float64(6449150.581), np.float64(25.17999999999998))",TP,0.8275707893985921
9,283.0,Fir,21.75,85.0,21.8,0.0,Rotten,POINT (546232.018 6449130.654),"(np.float64(546232.018), np.float64(6449130.654))",,FN,
9,93.0,Fir,26.35,112.0,23.8,0.0,,POINT (546232.037 6449164.847),"(np.float64(546232.037), np.float64(6449164.847))",,FN,
9,54.0,Fir,18.95,116.0,21.1,0.0,Rotten,POINT (546232.314999999 6449177.701),"(np.float64(546232.314999999), np.float64(6449177.701))",,FN,
9,146.0,Birch,23.1,,,0.0,,POINT (546232.317 6449153.588),"(np.float64(546232.317), np.float64(6449153.588))","(np.float64(546233.6171), np.float64(6449154.151), np.float64(23.28200000000001))",TP,1.4167670976648539
9,53.0,Fir,22.8,,,0.0,,POINT (546232.407 6449178.60099999),"(np.float64(546232.407), np.float64(6449178.60099999))",,FN,
9,280.0,Fir,17.35,,,0.0,,POINT (546232.52 6449134.82799999),"(np.float64(546232.52), np.float64(6449134.82799999))",,FN,
9,381.0,Spruce,11.7,,,0.0,,POINT (546232.817 6449113.91199999),"(np.float64(546232.817), np.float64(6449113.91199999))","(np.float64(546232.0171), np.float64(6449113.972), np.float64(8.71799999999999))",TP,0.8021471256284282
9,18.0,Spruce,22.15,,,0.0,,POINT (546232.824999999 6449184.381),"(np.float64(546232.824999999), np.float64(6449184.381))","(np.float64(546233.2711), np.float64(6449184.272), np.float64(23.30600000000001))",TP,0.4592234869005832
9,177.0,Spruce,26.95,,,0.0,,POINT (546232.929 6449140.61199999),"(np.float64(546232.929), np.float64(6449140.61199999))","(np.float64(546233.7301), np.float64(6449140.926), np.float64(21.641999999999996))",TP,0.8604401292758085
9,58.0,Fir,26.45,,,0.0,Rotten,POINT (546233.109 6449174.501),"(np.float64(546233.109), np.float64(6449174.501))",,FN,
9,176.0,Birch,26.8,,,0.0,Frost crack,POINT (546233.550999999 6449135.894),"(np.float64(546233.550999999), np.float64(6449135.894))",,FN,
9,59.0,Tilia,16.3,,,0.0,,POINT (546233.766999999 6449175.968),"(np.float64(546233.766999999), np.float64(6449175.968))","(np.float64(546234.1581), np.float64(6449175.214), np.float64(11.90700000000001))",TP,0.8493969695110334
9,91.0,Fir,17.05,,,0.0,,POINT (546233.802999999 6449169.052),"(np.float64(546233.802999999), np.float64(6449169.052))",,FN,
9,149.0,Spruce,29.0,,,0.0,,POINT (546233.89 6449150.422),"(np.float64(546233.89), np.float64(6449150.422))",,FN,
9,380.0,Birch,20.3,,22.6,0.0,,POINT (546234.160999999 6449113.85099999),"(np.float64(546234.160999999), np.float64(6449113.85099999))",,FN,
9,62.0,Fir,11.45,,,0.0,,POINT (546234.168999999 6449172.48099999),"(np.float64(546234.168999999), np.float64(6449172.48099999))",,FN,
9,17.0,Fir,23.45,,,0.0,,POINT (546234.199999999 6449181.746),"(np.float64(546234.199999999), np.float64(6449181.746))","(np.float64(546234.1231), np.float64(6449182.144), np.float64(11.438999999999993))",TP,0.405361085811295
9,92.0,Fir,16.3,,,0.0,,POINT (546234.221999999 6449167.83399999),"(np.float64(546234.221999999), np.float64(6449167.83399999))",,FN,
9,175.0,Fir,14.15,,,0.0,,POINT (546234.234 6449135.938),"(np.float64(546234.234), np.float64(6449135.938))","(np.float64(546234.0451), np.float64(6449136.907), np.float64(20.256))",TP,0.9872407047939659
9,20.0,Fir,18.5,,,0.0,,POINT (546234.236999999 6449186.53299999),"(np.float64(546234.236999999), np.float64(6449186.53299999))",,FN,
9,284.0,Birch,34.05,,,80.0,,POINT (546234.711 6449131.2),"(np.float64(546234.711), np.float64(6449131.2))",,FN,
9,21.0,Fir,25.2,,,0.0,,POINT (546235.067999999 6449187.05399999),"(np.float64(546235.067999999), np.float64(6449187.05399999))","(np.float64(546235.5141), np.float64(6449186.867), np.float64(24.41300000000001))",TP,0.48370880431306484
9,140.0,Fir,24.5,,,0.0,,POINT (546235.082 6449159.336),"(np.float64(546235.082), np.float64(6449159.336))","(np.float64(546235.2191), np.float64(6449160.407), np.float64(15.417000000000002))",TP,1.0797395097784448
9,63.0,Fir,24.4,,,0.0,,POINT (546235.136 6449171.366),"(np.float64(546235.136), np.float64(6449171.366))",,FN,
9,142.0,Spruce,22.25,,,0.0,,POINT (546235.221999999 6449158.097),"(np.float64(546235.221999999), np.float64(6449158.097))",,FN,
9,60.0,Spruce,35.1,,24.8,0.0,,POINT (546235.238 6449178.33399999),"(np.float64(546235.238), np.float64(6449178.33399999))",,FN,
9,24.0,Spruce,13.6,,,0.0,,POINT (546235.295 6449190.739),"(np.float64(546235.295), np.float64(6449190.739))",,FN,
9,285.0,Birch,10.7,,,0.0,,POINT (546235.373 6449133.49299999),"(np.float64(546235.373), np.float64(6449133.49299999))",,FN,
9,22.0,Fir,22.0,,,0.0,,POINT (546235.488 6449187.87899999),"(np.float64(546235.488), np.float64(6449187.87899999))",,FN,
9,16.0,Spruce,25.25,,19.8,0.0,Rotten,POINT (546235.804 6449180.048),"(np.float64(546235.804), np.float64(6449180.048))",,FN,
9,179.0,Tilia,15.0,,,0.0,,POINT (546235.819999999 6449142.87),"(np.float64(546235.819999999), np.float64(6449142.87))",,FN,
9,141.0,Birch,23.55,,,0.0,,POINT (546236.037999999 6449159.008),"(np.float64(546236.037999999), np.float64(6449159.008))","(np.float64(546236.7441), np.float64(6449159.207), np.float64(24.950000000000017))",TP,0.7336063054669784
9,379.0,Spruce,21.2,,,0.0,A hollow,POINT (546236.231999999 6449116.16999999),"(np.float64(546236.231999999), np.float64(6449116.16999999))",,FN,
9,174.0,Fir,10.9,,,0.0,,POINT (546236.248999999 6449135.65),"(np.float64(546236.248999999), np.float64(6449135.65))",,FN,
9,287.0,Fir,15.1,,,0.0,,POINT (546236.68 6449127.716),"(np.float64(546236.68), np.float64(6449127.716))","(np.float64(546237.5641), np.float64(6449127.794), np.float64(14.39700000000002))",TP,0.8875341175405261
9,286.0,Birch,20.8,,,0.0,,POINT (546237.196 6449132.483),"(np.float64(546237.196), np.float64(6449132.483))","(np.float64(546236.8931), np.float64(6449132.466), np.float64(25.078000000000003))",TP,0.30337668006228546
9,61.0,Birch,49.4,,31.6,0.0,,POINT (546237.261 6449174.337),"(np.float64(546237.261), np.float64(6449174.337))","(np.float64(546236.8271), np.float64(6449174.406), np.float64(29.036))",TP,0.43935203433257464
9,151.0,Fir,16.0,,,0.0,,POINT (546237.273 6449157.70899999),"(np.float64(546237.273), np.float64(6449157.70899999))",,FN,
9,150.0,Birch,28.3,,,0.0,,POINT (546237.309 6449157.142),"(np.float64(546237.309), np.float64(6449157.142))",,FN,
9,178.0,Tilia,11.65,,,0.0,,POINT (546237.503 6449139.82899999),"(np.float64(546237.503), np.float64(6449139.82899999))",,FN,
9,155.0,Birch,23.4,,,0.0,,POINT (546237.503 6449146.93099999),"(np.float64(546237.503), np.float64(6449146.93099999))",,FN,
9,173.0,Tilia,13.15,,,0.0,,POINT (546237.547 6449137.171),"(np.float64(546237.547), np.float64(6449137.171))",,FN,
9,64.0,Spruce,35.85,,,0.0,,POINT (546237.547 6449171.33899999),"(np.float64(546237.547), np.float64(6449171.33899999))","(np.float64(546238.6271), np.float64(6449169.218), np.float64(7.381999999999977))",TP,2.3801800284342973
9,90.0,Fir,14.6,,17.6,0.0,,POINT (546237.719 6449166.81199999),"(np.float64(546237.719), np.float64(6449166.81199999))",,FN,
9,171.0,Fir,22.5,,,0.0,,POINT (546237.856 6449135.17499999),"(np.float64(546237.856), np.float64(6449135.17499999))",,FN,
9,156.0,Fir,15.4,,,0.0,,POINT (546238.018 6449146.44099999),"(np.float64(546238.018), np.float64(6449146.44099999))",,FN,
9,157.0,Aspen,16.35,,22.4,0.0,,POINT (546238.307 6449146.798),"(np.float64(546238.307), np.float64(6449146.798))",,FN,
9,67.0,Spruce,21.2,,,60.0,,POINT (546238.643999999 6449174.609),"(np.float64(546238.643999999), np.float64(6449174.609))","(np.float64(546238.2591), np.float64(6449174.89), np.float64(8.593999999999994))",TP,0.4765595544704158
9,172.0,Birch,29.25,,,0.0,,POINT (546238.741 6449136.614),"(np.float64(546238.741), np.float64(6449136.614))","(np.float64(546238.9961), np.float64(6449136.769), np.float64(22.628000000000014))",TP,0.2984979230345504
9,65.0,Fir,15.35,,,0.0,,POINT (546239.054 6449171.599),"(np.float64(546239.054), np.float64(6449171.599))",,FN,
9,14.0,Fir,27.25,,,0.0,,POINT (546239.3 6449181.81599999),"(np.float64(546239.3), np.float64(6449181.81599999))","(np.float64(546239.6361), np.float64(6449182.2), np.float64(12.280999999999977))",TP,0.5103128624101286
9,89.0,Spruce,13.5,,,0.0,,POINT (546239.376999999 6449164.943),"(np.float64(546239.376999999), np.float64(6449164.943))",,FN,
9,66.0,Spruce,13.6,,,80.0,,POINT (546239.508 6449172.825),"(np.float64(546239.508), np.float64(6449172.825))",,FN,
9,13.0,Fir,32.0,,26.2,0.0,,POINT (546239.746999999 6449183.997),"(np.float64(546239.746999999), np.float64(6449183.997))","(np.float64(546240.0821), np.float64(6449184.418), np.float64(25.724999999999994))",TP,0.5380827166268274
9,180.0,Fir,22.25,,,0.0,,POINT (546239.88 6449142.26499999),"(np.float64(546239.88), np.float64(6449142.26499999))",,FN,
9,158.0,Fir,16.4,,17.1,0.0,,POINT (546239.883999999 6449145.216),"(np.float64(546239.883999999), np.float64(6449145.216))",,FN,
9,181.0,Fir,22.25,,,0.0,,POINT (546239.917999999 6449141.881),"(np.float64(546239.917999999), np.float64(6449141.881))",,FN,
9,88.0,Aspen,11.6,,18.7,0.0,,POINT (546240.336 6449165.882),"(np.float64(546240.336), np.float64(6449165.882))",,FN,
9,68.0,Fir,12.7,,,0.0,,POINT (546240.368999999 6449171.933),"(np.float64(546240.368999999), np.float64(6449171.933))",,FN,
9,170.0,Fir,19.4,,18.7,0.0,Rotten,POINT (546240.601 6449134.36299999),"(np.float64(546240.601), np.float64(6449134.36299999))",,FN,
9,23.0,Fir,30.0,,25.1,0.0,Frost crack,POINT (546241.037 6449188.194),"(np.float64(546241.037), np.float64(6449188.194))",,FN,
9,182.0,Spruce,30.8,,,0.0,,POINT (546241.057999999 6449143.252),"(np.float64(546241.057999999), np.float64(6449143.252))","(np.float64(546241.9611), np.float64(6449143.285), np.float64(24.572000000000003))",TP,0.9037027230582807
9,159.0,Aspen,20.45,,20.8,0.0,,POINT (546241.327 6449147.76999999),"(np.float64(546241.327), np.float64(6449147.76999999))","(np.float64(546240.1731), np.float64(6449146.367), np.float64(23.281000000000006))",TP,1.816561087262734
9,167.0,Alder,10.95,,,0.0,,POINT (546241.393 6449137.43699999),"(np.float64(546241.393), np.float64(6449137.43699999))",,FN,
9,153.0,Birch,25.3,,,0.0,,POINT (546241.41 6449151.14499999),"(np.float64(546241.41), np.float64(6449151.14499999))",,FN,
9,87.0,Spruce,12.65,,,0.0,,POINT (546241.64 6449167.36),"(np.float64(546241.64), np.float64(6449167.36))",,FN,
9,154.0,Birch,14.25,,,0.0,,POINT (546241.885 6449154.115),"(np.float64(546241.885), np.float64(6449154.115))","(np.float64(546242.6931), np.float64(6449154.258), np.float64(7.992999999999995))",TP,0.8206549884593899
9,152.0,Birch,33.75,98.0,23.6,0.0,,POINT (546241.912999999 6449153.23099999),"(np.float64(546241.912999999), np.float64(6449153.23099999))","(np.float64(546242.9551), np.float64(6449152.816), np.float64(23.97399999999999))",TP,1.121693988753715
9,69.0,Spruce,25.0,,,0.0,,POINT (546242.307 6449176.01499999),"(np.float64(546242.307), np.float64(6449176.01499999))",,FN,
9,12.0,Birch,11.5,,,70.0,,POINT (546242.361999999 6449184.91999999),"(np.float64(546242.361999999), np.float64(6449184.91999999))",,FN,
9,160.0,Fir,11.05,,,0.0,,POINT (546242.439 6449150.81199999),"(np.float64(546242.439), np.float64(6449150.81199999))",,FN,
9,169.0,Aspen,17.85,,,0.0,Bended,POINT (546242.753 6449133.41799999),"(np.float64(546242.753), np.float64(6449133.41799999))",,FN,
9,168.0,Aspen,14.1,,18.9,0.0,,POINT (546243.123 6449134.518),"(np.float64(546243.123), np.float64(6449134.518))",,FN,
9,166.0,Alder,14.4,,,0.0,,POINT (546243.383999999 6449137.12999999),"(np.float64(546243.383999999), np.float64(6449137.12999999))",,FN,
9,86.0,Fir,13.1,,,0.0,,POINT (546243.699 6449166.093),"(np.float64(546243.699), np.float64(6449166.093))","(np.float64(546247.0801), np.float64(6449166.712), np.float64(7.735000000000014))",TP,3.4372951880696276
9,11.0,Spruce,16.75,,,0.0,,POINT (546243.81 6449185.904),"(np.float64(546243.81), np.float64(6449185.904))",,FN,
9,73.0,Birch,48.25,,,0.0,,POINT (546243.846999999 6449169.542),"(np.float64(546243.846999999), np.float64(6449169.542))","(np.float64(546242.9471), np.float64(6449169.704), np.float64(26.759000000000015))",TP,0.9143653581064555
9,161.0,Aspen,16.85,,,80.0,,POINT (546243.954 6449153.347),"(np.float64(546243.954), np.float64(6449153.347))",,FN,
9,15.0,Spruce,15.0,,,0.0,,POINT (546244.023999999 6449179.29399999),"(np.float64(546244.023999999), np.float64(6449179.29399999))",,FN,
9,165.0,Alder,11.2,,,0.0,,POINT (546244.071 6449136.87799999),"(np.float64(546244.071), np.float64(6449136.87799999))","(np.float64(546245.1311), np.float64(6449140.622), np.float64(7.3870000000000005))",TP,3.891188518476814
9,75.0,Birch,10.7,,16.4,0.0,,POINT (546244.150999999 6449167.67999999),"(np.float64(546244.150999999), np.float64(6449167.67999999))",,FN,
9,10.0,Spruce,28.9,,,0.0,,POINT (546244.177999999 6449182.96399999),"(np.float64(546244.177999999), np.float64(6449182.96399999))","(np.float64(546244.3041), np.float64(6449183.698), np.float64(27.477000000000004))",TP,0.7447531296723453
9,74.0,Spruce,24.05,,,0.0,,POINT (546244.522 6449169.02199999),"(np.float64(546244.522), np.float64(6449169.02199999))",,FN,
9,70.0,Spruce,15.5,,,0.0,,POINT (546245.089 6449175.801),"(np.float64(546245.089), np.float64(6449175.801))",,FN,
9,9.0,Spruce,19.35,,22.3,0.0,,POINT (546245.212 6449181.957),"(np.float64(546245.212), np.float64(6449181.957))",,FN,
9,164.0,Willow,13.95,,15.0,0.0,,POINT (546245.935999999 6449141.29999999),"(np.float64(546245.935999999), np.float64(6449141.29999999))","(np.float64(546246.3421), np.float64(6449141.293), np.float64(15.863))",TP,0.4061603262676859
9,72.0,Spruce,29.8,,21.0,0.0,Rotten,POINT (546246.165 6449173.23699999),"(np.float64(546246.165), np.float64(6449173.23699999))",,FN,
9,6.0,Fir,32.55,,,0.0,,POINT (546246.979999999 6449175.911),"(np.float64(546246.979999999), np.float64(6449175.911))","(np.float64(546247.1241), np.float64(6449175.54), np.float64(24.942999999999984))",TP,0.39800227446935416
9,7.0,Birch,26.3,,,0.0,,POINT (546247.076 6449180.176),"(np.float64(546247.076), np.float64(6449180.176))","(np.float64(546247.2371), np.float64(6449179.531), np.float64(25.27200000000002))",TP,0.6648144172864388
9,71.0,Fir,15.35,,,0.0,,POINT (546247.324 6449174.213),"(np.float64(546247.324), np.float64(6449174.213))",,FN,
9,84.0,Fir,21.1,,,0.0,A hollow,POINT (546248.033 6449159.65099999),"(np.float64(546248.033), np.float64(6449159.65099999))",,FN,
9,162.0,Aspen,20.6,,23.5,0.0,,POINT (546248.300999999 6449151.013),"(np.float64(546248.300999999), np.float64(6449151.013))","(np.float64(546248.6781), np.float64(6449150.663), np.float64(22.094000000000023))",TP,0.5144943256488707
9,85.0,Birch,25.95,,,0.0,,POINT (546248.344999999 6449162.37899999),"(np.float64(546248.344999999), np.float64(6449162.37899999))","(np.float64(546248.2661), np.float64(6449161.727), np.float64(9.95399999999998))",TP,0.6567565739311149
9,5.0,Spruce,18.95,,,0.0,,POINT (546249.344 6449177.444),"(np.float64(546249.344), np.float64(6449177.444))",,FN,
9,8.0,Spruce,25.7,92.0,22.4,0.0,,POINT (546249.371 6449180.745),"(np.float64(546249.371), np.float64(6449180.745))",,FN,
9,83.0,Birch,24.7,,24.5,0.0,,POINT (546249.802 6449155.47499999),"(np.float64(546249.802), np.float64(6449155.47499999))","(np.float64(546250.1521), np.float64(6449154.424), np.float64(24.618000000000023))",TP,1.1077775003685904
9,163.0,Aspen,27.55,69.0,24.0,0.0,,POINT (546249.885 6449149.712),"(np.float64(546249.885), np.float64(6449149.712))",,FN,
9,82.0,Birch,36.55,,,80.0,Two tops,POINT (546251.812999999 6449158.041),"(np.float64(546251.812999999), np.float64(6449158.041))","(np.float64(546252.1621), np.float64(6449158.517), np.float64(25.911))",TP,0.5902938339896366
9,80.0,Birch,15.75,,,0.0,,POINT (546251.988999999 6449160.08399999),"(np.float64(546251.988999999), np.float64(6449160.08399999))",,FN,
9,81.0,Fir,12.9,,,0.0,,POINT (546252.682999999 6449159.52099999),"(np.float64(546252.682999999), np.float64(6449159.52099999))",,FN,
9,76.0,Aspen,38.15,,25.9,0.0,,POINT (546254.726 6449165.02699999),"(np.float64(546254.726), np.float64(6449165.02699999))","(np.float64(546255.2741), np.float64(6449165.004), np.float64(25.346000000000004))",TP,0.5485823635422254
9,77.0,Fir,18.05,,,0.0,,POINT (546255.165999999 6449165.92899999),"(np.float64(546255.165999999), np.float64(6449165.92899999))",,FN,
9,4.0,Spruce,14.6,,15.1,0.0,,POINT (546255.435 6449174.399),"(np.float64(546255.435), np.float64(6449174.399))",,FN,
9,78.0,Aspen,36.7,,24.8,0.0,,POINT (546255.782 6449166.109),"(np.float64(546255.782), np.float64(6449166.109))",,FN,
9,3.0,Fir,25.35,,,0.0,,POINT (546256.322999999 6449176.46899999),"(np.float64(546256.322999999), np.float64(6449176.46899999))",,FN,
9,79.0,Spruce,13.55,,,0.0,,POINT (546256.731 6449166.974),"(np.float64(546256.731), np.float64(6449166.974))",,FN,
9,2.0,Spruce,15.65,,14.8,0.0,,POINT (546259.375 6449173.915),"(np.float64(546259.375), np.float64(6449173.915))",,FN,
9,1.0,Birch,40.25,,27.1,0.0,,POINT (546259.424 6449175.28),"(np.float64(546259.424), np.float64(6449175.28))","(np.float64(546259.3071), np.float64(6449175.329), np.float64(25.557000000000016))",TP,0.1267541319681357
9,,,,,,,,,,"(np.float64(546220.2071), np.float64(6449163.303), np.float64(8.856000000000023))",FP,
9,,,,,,,,,,"(np.float64(546233.2621), np.float64(6449184.573), np.float64(9.746999999999986))",FP,
9,,,,,,,,,,"(np.float64(546189.3491), np.float64(6449119.196), np.float64(7.359000000000009))",FP,
9,,,,,,,,,,"(np.float64(546189.3721), np.float64(6449119.197), np.float64(9.63900000000001))",FP,
9,,,,,,,,,,"(np.float64(546198.4961), np.float64(6449113.547), np.float64(12.00800000000001))",FP,
9,,,,,,,,,,"(np.float64(546227.4521), np.float64(6449132.321), np.float64(8.798000000000002))",FP,
9,,,,,,,,,,"(np.float64(546207.6541), np.float64(6449148.103), np.float64(25.726))",FP,
9,,,,,,,,,,"(np.float64(546206.2281), np.float64(6449152.949), np.float64(25.790999999999997))",FP,
9,,,,,,,,,,"(np.float64(546219.9231), np.float64(6449127.202), np.float64(23.58499999999998))",FP,
9,,,,,,,,,,"(np.float64(546211.4941), np.float64(6449147.581), np.float64(14.941000000000003))",FP,
9,,,,,,,,,,"(np.float64(546211.3761), np.float64(6449179.582), np.float64(8.441000000000003))",FP,
9,,,,,,,,,,"(np.float64(546238.8741), np.float64(6449137.662), np.float64(10.34299999999999))",FP,
9,,,,,,,,,,"(np.float64(546223.0751), np.float64(6449193.135), np.float64(7.784999999999997))",FP,
9,,,,,,,,,,"(np.float64(546216.3991), np.float64(6449153.019), np.float64(10.953000000000003))",FP,
9,,,,,,,,,,"(np.float64(546190.0261), np.float64(6449120.731), np.float64(12.370999999999981))",FP,
9,,,,,,,,,,"(np.float64(546184.3991), np.float64(6449106.493), np.float64(8.615999999999985))",FP,
9,,,,,,,,,,"(np.float64(546227.1001), np.float64(6449128.629), np.float64(10.625999999999976))",FP,
9,,,,,,,,,,"(np.float64(546235.1951), np.float64(6449150.728), np.float64(23.965000000000003))",FP,
9,,,,,,,,,,"(np.float64(546247.7911), np.float64(6449161.083), np.float64(22.313999999999993))",FP,
9,,,,,,,,,,"(np.float64(546199.1661), np.float64(6449154.178), np.float64(10.579999999999984))",FP,
9,,,,,,,,,,"(np.float64(546253.9981), np.float64(6449160.087), np.float64(12.343999999999994))",FP,
9,,,,,,,,,,"(np.float64(546229.5141), np.float64(6449154.456), np.float64(11.748999999999995))",FP,
9,,,,,,,,,,"(np.float64(546213.4501), np.float64(6449118.884), np.float64(9.044999999999987))",FP,
9,,,,,,,,,,"(np.float64(546234.4991), np.float64(6449137.39), np.float64(8.728000000000009))",FP,
9,,,,,,,,,,"(np.float64(546245.5461), np.float64(6449182.381), np.float64(7.836999999999989))",FP,
9,,,,,,,,,,"(np.float64(546230.6341), np.float64(6449157.265), np.float64(9.020999999999987))",FP,
9,,,,,,,,,,"(np.float64(546202.3321), np.float64(6449136.809), np.float64(25.084000000000003))",FP,
9,,,,,,,,,,"(np.float64(546245.4701), np.float64(6449153.375), np.float64(23.24799999999999))",FP,
9,,,,,,,,,,"(np.float64(546216.3981), np.float64(6449191.412), np.float64(17.189999999999998))",FP,
9,,,,,,,,,,"(np.float64(546213.2711), np.float64(6449175.094), np.float64(9.506))",FP,
9,,,,,,,,,,"(np.float64(546189.4391), np.float64(6449110.515), np.float64(12.531999999999982))",FP,
9,,,,,,,,,,"(np.float64(546192.0151), np.float64(6449110.53), np.float64(12.078000000000003))",FP,
9,,,,,,,,,,"(np.float64(546206.2581), np.float64(6449114.782), np.float64(10.605999999999995))",FP,
9,,,,,,,,,,"(np.float64(546230.9871), np.float64(6449187.726), np.float64(11.741000000000014))",FP,
9,,,,,,,,,,"(np.float64(546207.1941), np.float64(6449171.518), np.float64(7.848000000000013))",FP,
9,,,,,,,,,,"(np.float64(546248.3801), np.float64(6449157.879), np.float64(7.400999999999982))",FP,
9,,,,,,,,,,"(np.float64(546229.3081), np.float64(6449126.128), np.float64(8.277999999999992))",FP,
9,,,,,,,,,,"(np.float64(546206.5461), np.float64(6449097.201), np.float64(21.584000000000003))",FP,
9,,,,,,,,,,"(np.float64(546223.5821), np.float64(6449174.54), np.float64(9.259999999999991))",FP,
9,,,,,,,,,,"(np.float64(546231.3261), np.float64(6449173.978), np.float64(26.355000000000018))",FP,
9,,,,,,,,,,"(np.float64(546224.1621), np.float64(6449106.015), np.float64(7.5309999999999775))",FP,
9,,,,,,,,,,"(np.float64(546217.5681), np.float64(6449120.15), np.float64(8.040999999999997))",FP,
9,,,,,,,,,,"(np.float64(546244.6431), np.float64(6449151.548), np.float64(8.829000000000008))",FP,
9,,,,,,,,,,"(np.float64(546229.0071), np.float64(6449166.196), np.float64(11.187999999999988))",FP,
9,,,,,,,,,,"(np.float64(546191.4671), np.float64(6449120.764), np.float64(7.552999999999997))",FP,
9,,,,,,,,,,"(np.float64(546254.0191), np.float64(6449164.294), np.float64(9.058999999999997))",FP,
9,,,,,,,,,,"(np.float64(546205.0441), np.float64(6449097.629), np.float64(12.411000000000001))",FP,
9,,,,,,,,,,"(np.float64(546232.4501), np.float64(6449115.939), np.float64(8.554000000000002))",FP,
9,,,,,,,,,,"(np.float64(546226.0341), np.float64(6449163.822), np.float64(8.144000000000005))",FP,
9,,,,,,,,,,"(np.float64(546213.0681), np.float64(6449101.496), np.float64(9.02800000000002))",FP,
9,,,,,,,,,,"(np.float64(546204.7281), np.float64(6449141.802), np.float64(11.944999999999993))",FP,
9,,,,,,,,,,"(np.float64(546233.9381), np.float64(6449112.003), np.float64(11.908999999999992))",FP,
9,,,,,,,,,,"(np.float64(546224.2561), np.float64(6449165.313), np.float64(9.519000000000005))",FP,
9,,,,,,,,,,"(np.float64(546236.4791), np.float64(6449173.842), np.float64(10.303000000000026))",FP,
9,,,,,,,,,,"(np.float64(546235.7571), np.float64(6449174.656), np.float64(7.8799999999999955))",FP,
9,,,,,,,,,,"(np.float64(546206.7741), np.float64(6449172.126), np.float64(13.52000000000001))",FP,
9,,,,,,,,,,"(np.float64(546246.9211), np.float64(6449169.423), np.float64(7.608000000000004))",FP,
9,,,,,,,,,,"(np.float64(546204.1511), np.float64(6449134.189), np.float64(9.75399999999999))",FP,
9,,,,,,,,,,"(np.float64(546244.6861), np.float64(6449173.338), np.float64(13.313999999999993))",FP,
9,,,,,,,,,,"(np.float64(546217.2031), np.float64(6449170.595), np.float64(10.248999999999995))",FP,
9,,,,,,,,,,"(np.float64(546237.0441), np.float64(6449176.692), np.float64(12.603999999999985))",FP,
9,,,,,,,,,,"(np.float64(546225.8221), np.float64(6449161.088), np.float64(15.12700000000001))",FP,
9,,,,,,,,,,"(np.float64(546239.7251), np.float64(6449184.691), np.float64(11.884999999999991))",FP,
9,,,,,,,,,,"(np.float64(546200.6611), np.float64(6449130.98), np.float64(8.240000000000009))",FP,
9,,,,,,,,,,"(np.float64(546202.2071), np.float64(6449098.1), np.float64(23.89699999999999))",FP,
9,,,,,,,,,,"(np.float64(546219.3051), np.float64(6449181.929), np.float64(13.739000000000004))",FP,
9,,,,,,,,,,"(np.float64(546205.5971), np.float64(6449154.963), np.float64(11.51400000000001))",FP,
9,,,,,,,,,,"(np.float64(546210.4971), np.float64(6449150.958), np.float64(8.813999999999993))",FP,
9,,,,,,,,,,"(np.float64(546229.9971), np.float64(6449118.537), np.float64(7.180000000000007))",FP,
9,,,,,,,,,,"(np.float64(546204.9271), np.float64(6449160.22), np.float64(7.078000000000003))",FP,
9,,,,,,,,,,"(np.float64(546245.4911), np.float64(6449149.664), np.float64(8.357))",FP,
9,,,,,,,,,,"(np.float64(546231.4791), np.float64(6449118.201), np.float64(8.608000000000004))",FP,
9,,,,,,,,,,"(np.float64(546237.3231), np.float64(6449179.103), np.float64(12.856000000000023))",FP,
9,,,,,,,,,,"(np.float64(546247.6751), np.float64(6449165.773), np.float64(13.507999999999981))",FP,
9,,,,,,,,,,"(np.float64(546250.6981), np.float64(6449154.648), np.float64(16.324000000000012))",FP,
9,,,,,,,,,,"(np.float64(546221.1991), np.float64(6449167.337), np.float64(8.066000000000003))",FP,
9,,,,,,,,,,"(np.float64(546219.6981), np.float64(6449166.874), np.float64(10.277999999999992))",FP,
9,,,,,,,,,,"(np.float64(546213.6481), np.float64(6449109.966), np.float64(11.749000000000024))",FP,
9,,,,,,,,,,"(np.float64(546214.7821), np.float64(6449189.496), np.float64(10.475999999999999))",FP,
9,,,,,,,,,,"(np.float64(546232.2621), np.float64(6449146.853), np.float64(9.505000000000024))",FP,
9,,,,,,,,,,"(np.float64(546210.8551), np.float64(6449112.041), np.float64(10.331999999999994))",FP,
9,,,,,,,,,,"(np.float64(546219.8861), np.float64(6449167.513), np.float64(25.13499999999999))",FP,
9,,,,,,,,,,"(np.float64(546210.8941), np.float64(6449157.945), np.float64(8.429000000000002))",FP,
9,,,,,,,,,,"(np.float64(546253.5071), np.float64(6449170.338), np.float64(9.36699999999999))",FP,
9,,,,,,,,,,"(np.float64(546226.2551), np.float64(6449167.749), np.float64(19.239000000000004))",FP,
10,9.0,Fir,12.05,40.0,11.6,0.0,,POINT (546553.214 6449101.034),"(np.float64(546553.214), np.float64(6449101.034))",,FN,
10,1.0,Aspen,9.05,,15.1,0.0,,POINT (546553.696 6449093.29),"(np.float64(546553.696), np.float64(6449093.29))",,FN,
10,10.0,Aspen,19.25,46.0,21.8,0.0,,POINT (546554.069999999 6449102.944),"(np.float64(546554.069999999), np.float64(6449102.944))","(np.float64(546554.3417), np.float64(6449102.4407), np.float64(19.817999999999984))",TP,0.5719543517715815
10,11.0,Fir,11.25,37.0,10.5,0.0,,POINT (546554.736 6449104.86),"(np.float64(546554.736), np.float64(6449104.86))",,FN,
10,12.0,Spruce,32.0,79.0,20.7,0.0,,POINT (546556.106999999 6449105.53199999),"(np.float64(546556.106999999), np.float64(6449105.53199999))","(np.float64(546556.0977), np.float64(6449105.2837), np.float64(20.47200000000001))",TP,0.248474094027569
10,5.0,Tilia,8.45,,,0.0,,POINT (546556.761 6449099.53299999),"(np.float64(546556.761), np.float64(6449099.53299999))",,FN,
10,4.0,Tilia,8.9,28.0,12.0,0.0,,POINT (546557.069999999 6449099.784),"(np.float64(546557.069999999), np.float64(6449099.784))",,FN,
10,3.0,Fir,31.65,50.0,22.3,0.0,,POINT (546557.096999999 6449098.222),"(np.float64(546557.096999999), np.float64(6449098.222))","(np.float64(546556.6377), np.float64(6449098.1827), np.float64(21.94199999999998))",TP,0.460978284907635
10,13.0,Fir,22.8,75.0,20.4,0.0,,POINT (546557.483 6449105.87999999),"(np.float64(546557.483), np.float64(6449105.87999999))",,FN,
10,7.0,Tilia,11.8,,,0.0,Single trunk,POINT (546557.522 6449100.76499999),"(np.float64(546557.522), np.float64(6449100.76499999))",,FN,
10,6.0,Tilia,11.3,,,0.0,Single trunk,POINT (546557.655999999 6449100.506),"(np.float64(546557.655999999), np.float64(6449100.506))",,FN,
10,8.0,Tilia,9.5,,,0.0,,POINT (546558.111999999 6449101.058),"(np.float64(546558.111999999), np.float64(6449101.058))",,FN,
10,20.0,Spruce,24.2,,,0.0,,POINT (546558.564 6449115.074),"(np.float64(546558.564), np.float64(6449115.074))",,FN,
10,2.0,Tilia,14.6,30.0,12.4,0.0,,POINT (546558.689999999 6449096.91299999),"(np.float64(546558.689999999), np.float64(6449096.91299999))",,FN,
10,21.0,Willow,21.25,,15.0,0.0,,POINT (546560.055 6449112.745),"(np.float64(546560.055), np.float64(6449112.745))",,FN,
10,181.0,Tilia,10.75,,,0.0,,POINT (546560.079999999 6449098.063),"(np.float64(546560.079999999), np.float64(6449098.063))","(np.float64(546558.6867), np.float64(6449098.9477), np.float64(5.8300000000000125))",TP,1.65044811427082
10,14.0,Spruce,31.9,,,0.0,,POINT (546560.623999999 6449102.25399999),"(np.float64(546560.623999999), np.float64(6449102.25399999))",,FN,
10,15.0,Tilia,11.9,,,50.0,,POINT (546560.76 6449101.53899999),"(np.float64(546560.76), np.float64(6449101.53899999))",,FN,
10,180.0,Tilia,11.75,,,0.0,,POINT (546561.153 6449098.621),"(np.float64(546561.153), np.float64(6449098.621))",,FN,
10,182.0,Tilia,10.15,,,0.0,,POINT (546561.192 6449092.17499999),"(np.float64(546561.192), np.float64(6449092.17499999))",,FN,
10,22.0,Fir,11.25,,,0.0,,POINT (546561.998999999 6449112.91299999),"(np.float64(546561.998999999), np.float64(6449112.91299999))",,FN,
10,179.0,Fir,28.3,,,0.0,,POINT (546562.028 6449100.57899999),"(np.float64(546562.028), np.float64(6449100.57899999))","(np.float64(546561.8317), np.float64(6449100.5237), np.float64(21.664999999999992))",TP,0.20394062593709977
10,183.0,Tilia,20.1,,,0.0,,POINT (546562.163999999 6449092.615),"(np.float64(546562.163999999), np.float64(6449092.615))",,FN,
10,184.0,Tilia,23.5,,,0.0,,POINT (546562.907 6449090.49299999),"(np.float64(546562.907), np.float64(6449090.49299999))",,FN,
10,189.0,Tilia,24.4,,,0.0,,POINT (546563.006 6449096.08899999),"(np.float64(546563.006), np.float64(6449096.08899999))",,FN,
10,177.0,Fir,12.0,,13.9,0.0,,POINT (546563.243 6449099.428),"(np.float64(546563.243), np.float64(6449099.428))",,FN,
10,178.0,Fir,14.25,,,0.0,,POINT (546563.283 6449100.25499999),"(np.float64(546563.283), np.float64(6449100.25499999))",,FN,
10,16.0,Aspen,19.05,44.0,21.9,0.0,,POINT (546563.285999999 6449103.262),"(np.float64(546563.285999999), np.float64(6449103.262))","(np.float64(546562.9037), np.float64(6449102.6657), np.float64(20.26599999999999))",TP,0.7083268875518514
10,27.0,Tilia,15.0,,,0.0,,POINT (546563.797 6449114.84499999),"(np.float64(546563.797), np.float64(6449114.84499999))",,FN,
10,19.0,Willow,12.4,,15.0,80.0,,POINT (546563.821 6449107.74399999),"(np.float64(546563.821), np.float64(6449107.74399999))",,FN,
10,188.0,Tilia,15.5,,,0.0,,POINT (546563.829 6449096.559),"(np.float64(546563.829), np.float64(6449096.559))",,FN,
10,18.0,Willow,17.0,,15.0,0.0,Two tops,POINT (546563.996 6449107.57299999),"(np.float64(546563.996), np.float64(6449107.57299999))",,FN,
10,24.0,Fir,11.7,71.0,9.8,0.0,,POINT (546564.018999999 6449114.565),"(np.float64(546564.018999999), np.float64(6449114.565))",,FN,
10,26.0,Tilia,23.25,45.0,17.2,0.0,,POINT (546564.045 6449115.31199999),"(np.float64(546564.045), np.float64(6449115.31199999))",,FN,
10,35.0,Tilia,19.1,58.0,17.9,0.0,,POINT (546564.096 6449120.074),"(np.float64(546564.096), np.float64(6449120.074))",,FN,
10,25.0,Tilia,16.6,,,0.0,,POINT (546564.261999999 6449114.80999999),"(np.float64(546564.261999999), np.float64(6449114.80999999))",,FN,
10,185.0,Tilia,13.15,,,0.0,,POINT (546564.28 6449092.67899999),"(np.float64(546564.28), np.float64(6449092.67899999))",,FN,
10,38.0,Fir,12.0,,,0.0,,POINT (546564.871 6449127.455),"(np.float64(546564.871), np.float64(6449127.455))",,FN,
10,176.0,Tilia,16.65,,,0.0,,POINT (546565.153 6449099.23799999),"(np.float64(546565.153), np.float64(6449099.23799999))",,FN,
10,23.0,Willow,11.65,,15.0,80.0,,POINT (546565.201 6449111.991),"(np.float64(546565.201), np.float64(6449111.991))",,FN,
10,174.0,Tilia,10.15,,,0.0,,POINT (546565.388999999 6449101.01599999),"(np.float64(546565.388999999), np.float64(6449101.01599999))",,FN,
10,28.0,Tilia,17.2,66.0,18.0,0.0,,POINT (546565.511999999 6449118.052),"(np.float64(546565.511999999), np.float64(6449118.052))",,FN,
10,175.0,Aspen,28.55,63.0,22.9,0.0,,POINT (546565.611999999 6449098.23699999),"(np.float64(546565.611999999), np.float64(6449098.23699999))","(np.float64(546566.6917), np.float64(6449098.0757), np.float64(21.288999999999987))",TP,1.0916820869408923
10,186.0,Tilia,20.25,,,0.0,Bended & a hollow,POINT (546565.626 6449089.671),"(np.float64(546565.626), np.float64(6449089.671))",,FN,
10,29.0,Tilia,17.8,,,0.0,,POINT (546565.699 6449118.40299999),"(np.float64(546565.699), np.float64(6449118.40299999))","(np.float64(546565.4047), np.float64(6449118.5457), np.float64(18.143))",TP,0.32707152564455005
10,163.0,Tilia,18.55,,,0.0,,POINT (546565.949 6449113.11799999),"(np.float64(546565.949), np.float64(6449113.11799999))",,FN,
10,30.0,Tilia,13.6,,18.0,0.0,,POINT (546566.042999999 6449118.95899999),"(np.float64(546566.042999999), np.float64(6449118.95899999))",,FN,
10,34.0,Tilia,10.85,,,0.0,,POINT (546566.148 6449120.36199999),"(np.float64(546566.148), np.float64(6449120.36199999))",,FN,
10,164.0,Spruce,16.1,,,0.0,,POINT (546566.239999999 6449112.551),"(np.float64(546566.239999999), np.float64(6449112.551))","(np.float64(546565.3957), np.float64(6449110.7797), np.float64(20.488))",TP,1.9622298995573106
10,36.0,Fir,27.6,70.0,20.1,0.0,,POINT (546566.273 6449125.36699999),"(np.float64(546566.273), np.float64(6449125.36699999))",,FN,
10,44.0,Tilia,23.95,,,0.0,Single trunk,POINT (546566.430999999 6449132.91),"(np.float64(546566.430999999), np.float64(6449132.91))",,FN,
10,37.0,Fir,29.25,,,0.0,,POINT (546566.437 6449126.13999999),"(np.float64(546566.437), np.float64(6449126.13999999))","(np.float64(546566.1717), np.float64(6449126.1827), np.float64(21.759000000000015))",TP,0.2687143108402863
10,45.0,Tilia,10.55,,,0.0,Single trunk,POINT (546566.564999999 6449133.364),"(np.float64(546566.564999999), np.float64(6449133.364))","(np.float64(546567.0517), np.float64(6449135.0717), np.float64(19.587999999999994))",TP,1.7757016025809504
10,187.0,Spruce,26.0,,,0.0,,POINT (546566.888999999 6449090.41),"(np.float64(546566.888999999), np.float64(6449090.41))","(np.float64(546566.7017), np.float64(6449090.3037), np.float64(21.39500000000001))",TP,0.21536243792525744
10,172.0,Aspen,21.4,,19.3,0.0,Rotten,POINT (546566.920999999 6449102.63999999),"(np.float64(546566.920999999), np.float64(6449102.63999999))",,FN,
10,31.0,Tilia,12.45,,17.6,0.0,,POINT (546567.239999999 6449118.68699999),"(np.float64(546567.239999999), np.float64(6449118.68699999))",,FN,
10,171.0,Willow,11.6,,15.0,0.0,,POINT (546567.253999999 6449103.438),"(np.float64(546567.253999999), np.float64(6449103.438))",,FN,
10,165.0,Aspen,20.35,,,80.0,,POINT (546567.415 6449111.654),"(np.float64(546567.415), np.float64(6449111.654))",,FN,
10,32.0,Fir,14.45,,,0.0,,POINT (546567.520999999 6449118.29299999),"(np.float64(546567.520999999), np.float64(6449118.29299999))","(np.float64(546569.1187), np.float64(6449117.9277), np.float64(7.338999999999999))",TP,1.6389293383478105
10,201.0,Spruce,34.2,,20.6,0.0,Rotten,POINT (546567.988999999 6449095.79299999),"(np.float64(546567.988999999), np.float64(6449095.79299999))",,FN,
10,162.0,Tilia,19.65,,,0.0,,POINT (546568.015 6449114.83),"(np.float64(546568.015), np.float64(6449114.83))",,FN,
10,33.0,Fir,21.95,,,0.0,Bended,POINT (546568.109999999 6449120.90799999),"(np.float64(546568.109999999), np.float64(6449120.90799999))",,FN,
10,161.0,Tilia,16.15,,,0.0,Two tops,POINT (546568.189 6449115.025),"(np.float64(546568.189), np.float64(6449115.025))",,FN,
10,197.0,Spruce,10.35,,,0.0,,POINT (546568.278 6449090.71),"(np.float64(546568.278), np.float64(6449090.71))",,FN,
10,200.0,Fir,12.0,,,0.0,,POINT (546568.412999999 6449092.552),"(np.float64(546568.412999999), np.float64(6449092.552))",,FN,
10,198.0,Spruce,31.2,,,0.0,Two tops,POINT (546568.518 6449092.24899999),"(np.float64(546568.518), np.float64(6449092.24899999))","(np.float64(546568.3527), np.float64(6449092.1847), np.float64(20.238))",TP,0.17736566366243506
10,160.0,Tilia,13.15,,,70.0,,POINT (546568.594999999 6449114.53699999),"(np.float64(546568.594999999), np.float64(6449114.53699999))",,FN,
10,167.0,Tilia,14.3,,15.5,0.0,,POINT (546568.792999999 6449105.95899999),"(np.float64(546568.792999999), np.float64(6449105.95899999))",,FN,
10,52.0,Fir,11.4,,,0.0,,POINT (546568.917999999 6449142.23699999),"(np.float64(546568.917999999), np.float64(6449142.23699999))","(np.float64(546570.2337), np.float64(6449142.4987), np.float64(23.580000000000013))",TP,1.3414743336121533
10,51.0,Birch,52.0,,,0.0,Multiple tops,POINT (546568.951 6449141.43099999),"(np.float64(546568.951), np.float64(6449141.43099999))","(np.float64(546568.3817), np.float64(6449140.1297), np.float64(22.94799999999998))",TP,1.420381692335946
10,168.0,Aspen,36.2,77.0,23.1,0.0,,POINT (546569.138 6449102.393),"(np.float64(546569.138), np.float64(6449102.393))","(np.float64(546569.0187), np.float64(6449103.6437), np.float64(21.688999999999993))",TP,1.2563769256715949
10,47.0,Tilia,22.55,68.0,17.5,0.0,,POINT (546569.351999999 6449139.87399999),"(np.float64(546569.351999999), np.float64(6449139.87399999))",,FN,
10,199.0,Fir,13.35,,,0.0,,POINT (546569.415 6449091.514),"(np.float64(546569.415), np.float64(6449091.514))",,FN,
10,190.0,Spruce,18.15,,,0.0,,POINT (546569.454 6449088.90799999),"(np.float64(546569.454), np.float64(6449088.90799999))","(np.float64(546569.0307), np.float64(6449088.5757), np.float64(17.339))",TP,0.5381506974263915
10,46.0,Tilia,15.4,,,80.0,,POINT (546569.62 6449138.90099999),"(np.float64(546569.62), np.float64(6449138.90099999))",,FN,
10,159.0,Tilia,20.9,,,0.0,Two tops,POINT (546569.741 6449114.61699999),"(np.float64(546569.741), np.float64(6449114.61699999))","(np.float64(546569.4517), np.float64(6449114.9887), np.float64(10.40100000000001))",TP,0.47101527254722986
10,191.0,Tilia,16.0,,,0.0,,POINT (546569.819 6449088.529),"(np.float64(546569.819), np.float64(6449088.529))",,FN,
10,158.0,Tilia,19.2,,,0.0,,POINT (546570.287999999 6449115.518),"(np.float64(546570.287999999), np.float64(6449115.518))","(np.float64(546570.0367), np.float64(6449115.8667), np.float64(7.38300000000001))",TP,0.42981784450680954
10,170.0,Tilia,10.8,,,0.0,,POINT (546570.346 6449098.14099999),"(np.float64(546570.346), np.float64(6449098.14099999))",,FN,
10,169.0,Tilia,12.9,,,0.0,Two tops,POINT (546570.503 6449100.684),"(np.float64(546570.503), np.float64(6449100.684))","(np.float64(546570.4927), np.float64(6449101.7477), np.float64(10.326999999999998))",TP,1.0637498670399992
10,42.0,Tilia,19.2,,,0.0,,POINT (546570.523 6449130.56099999),"(np.float64(546570.523), np.float64(6449130.56099999))",,FN,
10,53.0,Tilia,11.6,,10.6,0.0,,POINT (546570.535999999 6449145.86199999),"(np.float64(546570.535999999), np.float64(6449145.86199999))",,FN,
10,156.0,Fir,30.2,106.0,21.5,0.0,,POINT (546570.623999999 6449120.19099999),"(np.float64(546570.623999999), np.float64(6449120.19099999))","(np.float64(546570.2337), np.float64(6449119.9987), np.float64(20.552999999999997))",TP,0.4351015690585721
10,39.0,Fir,13.0,,,0.0,,POINT (546570.876999999 6449127.688),"(np.float64(546570.876999999), np.float64(6449127.688))",,FN,
10,166.0,Aspen,34.15,62.0,23.8,0.0,,POINT (546570.878999999 6449111.19799999),"(np.float64(546570.878999999), np.float64(6449111.19799999))","(np.float64(546570.2147), np.float64(6449110.9297), np.float64(22.273000000000025))",TP,0.7164351840912769
10,192.0,Spruce,12.65,,,0.0,Single trunk,POINT (546571.006 6449087.78799999),"(np.float64(546571.006), np.float64(6449087.78799999))",,FN,
10,196.0,Fir,14.55,,,0.0,,POINT (546571.147 6449092.87799999),"(np.float64(546571.147), np.float64(6449092.87799999))",,FN,
10,193.0,Spruce,10.6,,,0.0,Single trunk,POINT (546571.239999999 6449087.614),"(np.float64(546571.239999999), np.float64(6449087.614))",,FN,
10,202.0,Spruce,13.3,,14.2,0.0,,POINT (546572.118999999 6449095.648),"(np.float64(546572.118999999), np.float64(6449095.648))",,FN,
10,43.0,Tilia,17.7,,,0.0,,POINT (546572.398 6449133.02099999),"(np.float64(546572.398), np.float64(6449133.02099999))","(np.float64(546574.7507), np.float64(6449134.3227), np.float64(6.026999999999987))",TP,2.6887953074961923
10,41.0,Tilia,17.25,,,0.0,,POINT (546572.851999999 6449130.65),"(np.float64(546572.851999999), np.float64(6449130.65))","(np.float64(546573.5687), np.float64(6449128.7957), np.float64(7.639999999999986))",TP,1.987985760495898
10,194.0,Spruce,30.0,82.0,19.2,0.0,,POINT (546573.003 6449090.171),"(np.float64(546573.003), np.float64(6449090.171))","(np.float64(546572.4257), np.float64(6449089.8307), np.float64(19.113))",TP,0.6701338524434914
10,40.0,Tilia,19.35,,,0.0,,POINT (546573.3 6449130.814),"(np.float64(546573.3), np.float64(6449130.814))",,FN,
10,219.0,Fir,23.05,65.0,21.2,0.0,,POINT (546573.484 6449103.946),"(np.float64(546573.484), np.float64(6449103.946))","(np.float64(546573.4797), np.float64(6449103.9697), np.float64(21.18100000000001))",TP,0.024086925709903142
10,141.0,Birch,33.55,,21.9,0.0,Roten & a hollow,POINT (546573.667999999 6449127.48599999),"(np.float64(546573.667999999), np.float64(6449127.48599999))","(np.float64(546573.0927), np.float64(6449127.5647), np.float64(20.908999999999992))",TP,0.5806580580309775
10,195.0,Tilia,11.6,,,80.0,,POINT (546573.724 6449091.99399999),"(np.float64(546573.724), np.float64(6449091.99399999))",,FN,
10,157.0,Tilia,16.6,,,0.0,,POINT (546573.738 6449115.024),"(np.float64(546573.738), np.float64(6449115.024))",,FN,
10,142.0,Fir,14.0,,,0.0,,POINT (546573.81 6449126.00399999),"(np.float64(546573.81), np.float64(6449126.00399999))","(np.float64(546572.4887), np.float64(6449125.8337), np.float64(4.978999999999985))",TP,1.3322296261570648
10,54.0,Tilia,24.95,,,0.0,,POINT (546573.886 6449146.43499999),"(np.float64(546573.886), np.float64(6449146.43499999))","(np.float64(546573.8877), np.float64(6449146.4077), np.float64(16.664000000000016))",TP,0.02735286915010386
10,143.0,Spruce,10.1,,,0.0,,POINT (546573.905999999 6449125.70399999),"(np.float64(546573.905999999), np.float64(6449125.70399999))",,FN,
10,217.0,Spruce,15.0,,17.2,0.0,,POINT (546574.221999999 6449101.40199999),"(np.float64(546574.221999999), np.float64(6449101.40199999))",,FN,
10,155.0,Birch,25.3,,,0.0,Two tops & a hollow,POINT (546574.275 6449121.228),"(np.float64(546574.275), np.float64(6449121.228))","(np.float64(546574.0207), np.float64(6449120.3497), np.float64(12.962999999999994))",TP,0.9143737638316468
10,218.0,Spruce,13.05,,,0.0,,POINT (546574.589 6449102.309),"(np.float64(546574.589), np.float64(6449102.309))",,FN,
10,220.0,Tilia,11.75,,,0.0,,POINT (546574.672999999 6449105.60599999),"(np.float64(546574.672999999), np.float64(6449105.60599999))",,FN,
10,55.0,Spruce,12.75,,15.0,0.0,,POINT (546574.805999999 6449147.842),"(np.float64(546574.805999999), np.float64(6449147.842))",,FN,
10,144.0,Spruce,19.15,62.0,21.6,0.0,,POINT (546574.944 6449125.03799999),"(np.float64(546574.944), np.float64(6449125.03799999))",,FN,
10,154.0,Birch,30.9,,,80.0,,POINT (546574.974 6449117.36899999),"(np.float64(546574.974), np.float64(6449117.36899999))",,FN,
10,203.0,Tilia,11.0,,,0.0,,POINT (546575.040999999 6449095.876),"(np.float64(546575.040999999), np.float64(6449095.876))",,FN,
10,225.0,Aspen,27.5,56.0,24.2,0.0,,POINT (546575.145 6449113.75),"(np.float64(546575.145), np.float64(6449113.75))",,FN,
10,204.0,Tilia,15.9,,,80.0,,POINT (546575.231999999 6449094.20899999),"(np.float64(546575.231999999), np.float64(6449094.20899999))","(np.float64(546575.4237), np.float64(6449093.6377), np.float64(17.822000000000003))",TP,0.6026048196198031
10,422.0,Tilia,10.2,,,0.0,,POINT (546575.449 6449085.88999999),"(np.float64(546575.449), np.float64(6449085.88999999))",,FN,
10,205.0,Tilia,31.0,,17.3,0.0,Frost crack,POINT (546575.598 6449094.49299999),"(np.float64(546575.598), np.float64(6449094.49299999))",,FN,
10,421.0,Fir,16.4,,,0.0,,POINT (546575.662999999 6449087.883),"(np.float64(546575.662999999), np.float64(6449087.883))",,FN,
10,223.0,Tilia,10.3,,,0.0,,POINT (546575.677999999 6449109.848),"(np.float64(546575.677999999), np.float64(6449109.848))","(np.float64(546574.7757), np.float64(6449110.6717), np.float64(11.173000000000002))",TP,1.2217311396479498
10,420.0,Spruce,11.1,,,0.0,,POINT (546576.04 6449089.911),"(np.float64(546576.04), np.float64(6449089.911))",,FN,
10,49.0,Tilia,15.95,,,0.0,Two tops,POINT (546576.042999999 6449138.695),"(np.float64(546576.042999999), np.float64(6449138.695))",,FN,
10,145.0,Tilia,23.15,,,0.0,,POINT (546576.047999999 6449124.21),"(np.float64(546576.047999999), np.float64(6449124.21))",,FN,
10,50.0,Spruce,17.1,,,0.0,,POINT (546576.194 6449142.582),"(np.float64(546576.194), np.float64(6449142.582))",,FN,
10,524.0,Fir,23.75,,,0.0,,POINT (546576.236999999 6449102.08999999),"(np.float64(546576.236999999), np.float64(6449102.08999999))","(np.float64(546575.4067), np.float64(6449101.9437), np.float64(19.84899999999999))",TP,0.8430906092193456
10,206.0,Tilia,27.05,65.0,18.4,0.0,Rotten,POINT (546576.359999999 6449094.29499999),"(np.float64(546576.359999999), np.float64(6449094.29499999))",,FN,
10,153.0,Fir,26.35,,21.1,0.0,Rotten,POINT (546576.381999999 6449118.08899999),"(np.float64(546576.381999999), np.float64(6449118.08899999))","(np.float64(546575.9667), np.float64(6449118.0657), np.float64(20.539999999999992))",TP,0.4159530968332999
10,226.0,Spruce,15.45,,,0.0,,POINT (546576.383999999 6449112.29399999),"(np.float64(546576.383999999), np.float64(6449112.29399999))","(np.float64(546575.1677), np.float64(6449112.3577), np.float64(22.536))",TP,1.217966903831087
10,221.0,Fir,17.65,,,0.0,,POINT (546576.484 6449104.727),"(np.float64(546576.484), np.float64(6449104.727))",,FN,
10,59.0,Tilia,17.2,,,0.0,,POINT (546576.709 6449150.068),"(np.float64(546576.709), np.float64(6449150.068))",,FN,
10,60.0,Tilia,26.45,76.0,20.2,0.0,,POINT (546576.724 6449150.944),"(np.float64(546576.724), np.float64(6449150.944))","(np.float64(546576.2597), np.float64(6449150.8947), np.float64(19.093999999999994))",TP,0.46691003416071586
10,419.0,Spruce,28.1,77.0,18.8,0.0,,POINT (546576.748 6449089.069),"(np.float64(546576.748), np.float64(6449089.069))","(np.float64(546576.6227), np.float64(6449089.0087), np.float64(18.85300000000001))",TP,0.13905459366592446
10,48.0,Birch,29.5,,,0.0,Two tops,POINT (546576.807999999 6449137.08999999),"(np.float64(546576.807999999), np.float64(6449137.08999999))","(np.float64(546576.0997), np.float64(6449136.7187), np.float64(19.744))",TP,0.7997203078668549
10,150.0,Tilia,24.15,78.0,19.3,0.0,,POINT (546576.819 6449120.297),"(np.float64(546576.819), np.float64(6449120.297))",,FN,
10,207.0,Tilia,12.75,,,70.0,,POINT (546576.822 6449094.393),"(np.float64(546576.822), np.float64(6449094.393))",,FN,
10,146.0,Birch,22.8,,,0.0,Bended,POINT (546577.082 6449126.95199999),"(np.float64(546577.082), np.float64(6449126.95199999))",,FN,
10,224.0,Willow,22.5,,15.0,0.0,Multiple tops,POINT (546577.128 6449109.32299999),"(np.float64(546577.128), np.float64(6449109.32299999))",,FN,
10,57.0,Fir,9.55,,,0.0,,POINT (546577.201 6449146.42399999),"(np.float64(546577.201), np.float64(6449146.42399999))",,FN,
10,61.0,Tilia,10.75,,,0.0,,POINT (546577.204999999 6449151.18499999),"(np.float64(546577.204999999), np.float64(6449151.18499999))",,FN,
10,151.0,Fir,12.95,,,0.0,,POINT (546577.341 6449119.876),"(np.float64(546577.341), np.float64(6449119.876))",,FN,
10,58.0,Fir,13.95,,,0.0,,POINT (546577.366 6449149.96499999),"(np.float64(546577.366), np.float64(6449149.96499999))",,FN,
10,63.0,Tilia,12.65,,,0.0,,POINT (546578.037999999 6449158.472),"(np.float64(546578.037999999), np.float64(6449158.472))","(np.float64(546577.8167), np.float64(6449158.3877), np.float64(13.300999999999988))",TP,0.2368125410829829
10,64.0,Tilia,12.1,,,0.0,,POINT (546578.096999999 6449157.87999999),"(np.float64(546578.096999999), np.float64(6449157.87999999))",,FN,
10,133.0,Tilia,12.0,,,80.0,,POINT (546578.356 6449136.69799999),"(np.float64(546578.356), np.float64(6449136.69799999))",,FN,
10,132.0,Tilia,13.0,,,0.0,,POINT (546578.550999999 6449136.491),"(np.float64(546578.550999999), np.float64(6449136.491))","(np.float64(546578.5267), np.float64(6449135.2037), np.float64(19.50200000000001))",TP,1.2875293316530783
10,65.0,Tilia,10.55,,,0.0,,POINT (546578.652 6449157.99399999),"(np.float64(546578.652), np.float64(6449157.99399999))",,FN,
10,148.0,Fir,10.7,,,0.0,,POINT (546578.679 6449122.154),"(np.float64(546578.679), np.float64(6449122.154))",,FN,
10,152.0,Tilia,10.15,,,0.0,,POINT (546578.712999999 6449119.474),"(np.float64(546578.712999999), np.float64(6449119.474))",,FN,
10,227.0,Aspen,29.05,53.0,25.4,0.0,,POINT (546578.763 6449115.996),"(np.float64(546578.763), np.float64(6449115.996))","(np.float64(546578.4817), np.float64(6449114.6667), np.float64(23.120000000000005))",TP,1.3587377160074536
10,147.0,Spruce,22.35,71.0,22.1,0.0,,POINT (546578.763 6449125.69699999),"(np.float64(546578.763), np.float64(6449125.69699999))","(np.float64(546578.6417), np.float64(6449125.7027), np.float64(21.668000000000006))",TP,0.12143385076783147
10,125.0,Tilia,14.25,,,0.0,,POINT (546578.868 6449142.673),"(np.float64(546578.868), np.float64(6449142.673))","(np.float64(546578.6657), np.float64(6449143.2447), np.float64(20.040999999999997))",TP,0.6064372837898037
10,56.0,Fir,14.0,,13.9,0.0,,POINT (546578.890999999 6449144.85099999),"(np.float64(546578.890999999), np.float64(6449144.85099999))",,FN,
10,418.0,Fir,20.25,,,0.0,,POINT (546579.003 6449089.44099999),"(np.float64(546579.003), np.float64(6449089.44099999))",,FN,
10,215.0,Tilia,21.6,,,0.0,A hollow,POINT (546579.245 6449101.06699999),"(np.float64(546579.245), np.float64(6449101.06699999))","(np.float64(546578.1147), np.float64(6449100.4717), np.float64(19.27199999999999))",TP,1.2774819638279054
10,124.0,Birch,24.75,71.0,20.2,0.0,,POINT (546579.266999999 6449143.70899999),"(np.float64(546579.266999999), np.float64(6449143.70899999))",,FN,
10,416.0,Spruce,27.55,,,0.0,,POINT (546579.339999999 6449084.108),"(np.float64(546579.339999999), np.float64(6449084.108))",,FN,
10,62.0,Birch,30.05,74.0,23.9,0.0,,POINT (546579.454999999 6449152.308),"(np.float64(546579.454999999), np.float64(6449152.308))","(np.float64(546579.4697), np.float64(6449151.9357), np.float64(22.412999999999982))",TP,0.37259009645579094
10,131.0,Tilia,13.0,,,0.0,,POINT (546579.479999999 6449136.599),"(np.float64(546579.479999999), np.float64(6449136.599))",,FN,
10,211.0,Fir,28.7,74.0,22.7,0.0,,POINT (546579.579 6449097.955),"(np.float64(546579.579), np.float64(6449097.955))","(np.float64(546579.3757), np.float64(6449097.7287), np.float64(21.960000000000008))",TP,0.30420811974300277
10,127.0,Fir,28.0,97.0,19.5,0.0,,POINT (546579.586 6449140.301),"(np.float64(546579.586), np.float64(6449140.301))","(np.float64(546579.9777), np.float64(6449139.6467), np.float64(20.40100000000001))",TP,0.7625859817020371
10,134.0,Willow,19.6,,15.0,0.0,,POINT (546579.692999999 6449133.762),"(np.float64(546579.692999999), np.float64(6449133.762))",,FN,
10,149.0,Aspen,30.5,64.0,24.2,0.0,,POINT (546579.797 6449122.161),"(np.float64(546579.797), np.float64(6449122.161))","(np.float64(546580.7307), np.float64(6449121.1967), np.float64(23.257000000000005))",TP,1.342263081549268
10,417.0,Tilia,12.15,,,0.0,,POINT (546579.898999999 6449086.764),"(np.float64(546579.898999999), np.float64(6449086.764))",,FN,
10,123.0,Tilia,27.25,,,0.0,Frost crack,POINT (546579.974 6449146.56099999),"(np.float64(546579.974), np.float64(6449146.56099999))","(np.float64(546579.6907), np.float64(6449146.7767), np.float64(20.52199999999999))",TP,0.35606935314584853
10,135.0,Tilia,11.1,,,0.0,,POINT (546580.087999999 6449132.09499999),"(np.float64(546580.087999999), np.float64(6449132.09499999))",,FN,
10,128.0,Tilia,21.25,,,0.0,,POINT (546580.170999999 6449141.01599999),"(np.float64(546580.170999999), np.float64(6449141.01599999))",,FN,
10,212.0,Fir,24.0,56.0,20.5,0.0,,POINT (546580.516999999 6449099.78),"(np.float64(546580.516999999), np.float64(6449099.78))",,FN,
10,213.0,Tilia,11.5,,,0.0,,POINT (546580.734999999 6449102.13999999),"(np.float64(546580.734999999), np.float64(6449102.13999999))",,FN,
10,237.0,Tilia,11.6,,,0.0,,POINT (546580.780999999 6449116.64599999),"(np.float64(546580.780999999), np.float64(6449116.64599999))","(np.float64(546580.5497), np.float64(6449116.8427), np.float64(12.293000000000006))",TP,0.3036290225033253
10,66.0,Willow,15.5,,15.0,0.0,Two tops,POINT (546580.817 6449159.92499999),"(np.float64(546580.817), np.float64(6449159.92499999))",,FN,
10,214.0,Tilia,21.5,58.0,20.3,0.0,,POINT (546580.966999999 6449102.108),"(np.float64(546580.966999999), np.float64(6449102.108))",,FN,
10,208.0,Tilia,12.4,,,0.0,,POINT (546581.245 6449096.456),"(np.float64(546581.245), np.float64(6449096.456))",,FN,
10,238.0,Aspen,18.95,,,80.0,,POINT (546581.265 6449117.637),"(np.float64(546581.265), np.float64(6449117.637))",,FN,
10,236.0,Aspen,32.7,54.0,26.9,0.0,,POINT (546581.272 6449115.79399999),"(np.float64(546581.272), np.float64(6449115.79399999))",,FN,
10,413.0,Tilia,18.6,,,0.0,Two tops,POINT (546581.395 6449090.956),"(np.float64(546581.395), np.float64(6449090.956))",,FN,
10,222.0,Tilia,21.55,,,0.0,Two tops,POINT (546581.508 6449103.69199999),"(np.float64(546581.508), np.float64(6449103.69199999))","(np.float64(546581.0957), np.float64(6449103.8877), np.float64(16.423000000000002))",TP,0.45638775629329403
10,209.0,Tilia,11.95,,,0.0,,POINT (546581.555999999 6449096.44799999),"(np.float64(546581.555999999), np.float64(6449096.44799999))",,FN,
10,228.0,Aspen,14.7,,,80.0,,POINT (546581.611 6449112.099),"(np.float64(546581.611), np.float64(6449112.099))","(np.float64(546581.0377), np.float64(6449111.6437), np.float64(10.49199999999999))",TP,0.7321003896366226
10,136.0,Spruce,23.8,62.0,19.2,0.0,,POINT (546581.925 6449132.172),"(np.float64(546581.925), np.float64(6449132.172))","(np.float64(546581.6396999999), np.float64(6449132.7577), np.float64(18.95399999999998))",TP,0.6514910434643979
10,113.0,Tilia,19.65,53.0,16.4,0.0,,POINT (546582.14 6449151.12399999),"(np.float64(546582.14), np.float64(6449151.12399999))",,FN,
10,130.0,Tilia,12.1,,,0.0,,POINT (546582.143999999 6449137.478),"(np.float64(546582.143999999), np.float64(6449137.478))",,FN,
10,120.0,Birch,19.5,53.0,21.9,0.0,,POINT (546582.153999999 6449144.72599999),"(np.float64(546582.153999999), np.float64(6449144.72599999))",,FN,
10,122.0,Spruce,16.55,,17.5,0.0,,POINT (546582.574 6449141.97599999),"(np.float64(546582.574), np.float64(6449141.97599999))",,FN,
10,74.0,Willow,20.5,,15.0,0.0,Two tops,POINT (546582.577 6449166.643),"(np.float64(546582.577), np.float64(6449166.643))",,FN,
10,121.0,Fir,32.0,,22.2,0.0,,POINT (546582.586 6449143.35599999),"(np.float64(546582.586), np.float64(6449143.35599999))","(np.float64(546582.9467), np.float64(6449143.3947), np.float64(21.33699999999999))",TP,0.36277014860983436
10,210.0,Fir,24.3,67.0,19.8,0.0,Rotten,POINT (546582.594999999 6449098.73),"(np.float64(546582.594999999), np.float64(6449098.73))",,FN,
10,140.0,Willow,25.05,,15.0,0.0,Multiple tops,POINT (546582.685 6449126.9),"(np.float64(546582.685), np.float64(6449126.9))","(np.float64(546583.3617), np.float64(6449125.7987), np.float64(16.287000000000006))",TP,1.2925883259589317
10,119.0,Spruce,11.25,,,0.0,,POINT (546582.890999999 6449146.496),"(np.float64(546582.890999999), np.float64(6449146.496))","(np.float64(546582.3287), np.float64(6449145.7677), np.float64(21.242999999999995))",TP,0.9201098737269611
10,129.0,Tilia,25.0,,,0.0,Frost crack,POINT (546583.207 6449138.69699999),"(np.float64(546583.207), np.float64(6449138.69699999))","(np.float64(546584.2157), np.float64(6449139.2437), np.float64(17.40700000000001))",TP,1.1473258433392284
10,412.0,Spruce,27.55,,,0.0,,POINT (546583.339 6449089.91999999),"(np.float64(546583.339), np.float64(6449089.91999999))","(np.float64(546582.9637), np.float64(6449090.0357), np.float64(17.227000000000004))",TP,0.3927296556373659
10,414.0,Aspen,13.25,,16.9,0.0,,POINT (546583.415 6449086.603),"(np.float64(546583.415), np.float64(6449086.603))","(np.float64(546582.9707), np.float64(6449086.4367), np.float64(16.60899999999998))",TP,0.47440297214237315
10,67.0,Fir,31.35,,,0.0,A hollow,POINT (546583.449 6449159.93499999),"(np.float64(546583.449), np.float64(6449159.93499999))","(np.float64(546583.5127), np.float64(6449159.9897), np.float64(20.26599999999999))",TP,0.08396297418770814
10,230.0,Tilia,17.75,,,0.0,Single trunk,POINT (546583.719999999 6449112.069),"(np.float64(546583.719999999), np.float64(6449112.069))",,FN,
10,70.0,Tilia,13.15,,,0.0,,POINT (546583.814999999 6449164.78299999),"(np.float64(546583.814999999), np.float64(6449164.78299999))","(np.float64(546585.0287), np.float64(6449165.2427), np.float64(17.574000000000012))",TP,1.2978412045811676
10,229.0,Tilia,20.0,,,0.0,Single trunk,POINT (546583.893 6449112.30399999),"(np.float64(546583.893), np.float64(6449112.30399999))",,FN,
10,69.0,Tilia,24.65,57.0,17.0,0.0,Rotten,POINT (546583.932 6449164.16299999),"(np.float64(546583.932), np.float64(6449164.16299999))",,FN,
10,139.0,Birch,10.6,,,0.0,,POINT (546584.071 6449130.12899999),"(np.float64(546584.071), np.float64(6449130.12899999))","(np.float64(546582.6547), np.float64(6449129.9467), np.float64(8.655999999999977))",TP,1.4279842353979275
10,415.0,Tilia,13.55,,,0.0,Multiple tops,POINT (546584.209999999 6449085.96999999),"(np.float64(546584.209999999), np.float64(6449085.96999999))",,FN,
10,138.0,Birch,13.55,,19.6,0.0,,POINT (546584.430999999 6449129.99899999),"(np.float64(546584.430999999), np.float64(6449129.99899999))",,FN,
10,239.0,Tilia,11.0,,,0.0,Two tops,POINT (546584.535999999 6449115.968),"(np.float64(546584.535999999), np.float64(6449115.968))","(np.float64(546583.5427), np.float64(6449114.6467), np.float64(9.497000000000014))",TP,1.6530210458339
10,118.0,Spruce,11.05,,,0.0,,POINT (546584.687 6449144.973),"(np.float64(546584.687), np.float64(6449144.973))",,FN,
10,411.0,Tilia,10.6,,,0.0,,POINT (546584.785999999 6449089.677),"(np.float64(546584.785999999), np.float64(6449089.677))",,FN,
10,137.0,Tilia,12.85,,,0.0,,POINT (546584.842999999 6449132.04999999),"(np.float64(546584.842999999), np.float64(6449132.04999999))",,FN,
10,117.0,Tilia,27.75,,,0.0,Two tops,POINT (546584.89 6449145.876),"(np.float64(546584.89), np.float64(6449145.876))","(np.float64(546584.0927), np.float64(6449146.7797), np.float64(7.820999999999998))",TP,1.2051394024657274
10,410.0,Tilia,11.4,,,0.0,,POINT (546585.143 6449089.56099999),"(np.float64(546585.143), np.float64(6449089.56099999))",,FN,
10,231.0,Willow,26.55,,15.0,0.0,Bended,POINT (546585.349 6449109.99),"(np.float64(546585.349), np.float64(6449109.99))","(np.float64(546584.1277), np.float64(6449107.8847), np.float64(15.455999999999989))",TP,2.4338984736346823
10,82.0,Tilia,10.45,,,0.0,,POINT (546585.501999999 6449176.56099999),"(np.float64(546585.501999999), np.float64(6449176.56099999))",,FN,
10,247.0,Tilia,10.9,,,0.0,,POINT (546585.538999999 6449128.966),"(np.float64(546585.538999999), np.float64(6449128.966))","(np.float64(546585.2157), np.float64(6449128.9927), np.float64(17.66300000000001))",TP,0.32440064637420823
10,248.0,Tilia,12.35,,,0.0,,POINT (546585.589 6449129.127),"(np.float64(546585.589), np.float64(6449129.127))",,FN,
10,244.0,Birch,10.25,,,0.0,,POINT (546585.712999999 6449124.115),"(np.float64(546585.712999999), np.float64(6449124.115))",,FN,
10,423.0,Aspen,12.35,,16.5,0.0,,POINT (546585.726 6449084.74799999),"(np.float64(546585.726), np.float64(6449084.74799999))","(np.float64(546584.9017), np.float64(6449084.3527), np.float64(16.540999999999997))",TP,0.9141841021267628
10,112.0,Fir,34.0,,,0.0,Frost crack,POINT (546585.969999999 6449151.716),"(np.float64(546585.969999999), np.float64(6449151.716))","(np.float64(546585.6307), np.float64(6449151.6317), np.float64(23.07899999999998))",TP,0.34961547362781975
10,261.0,Spruce,20.35,,,0.0,,POINT (546586.106 6449132.308),"(np.float64(546586.106), np.float64(6449132.308))","(np.float64(546585.8667), np.float64(6449132.2887), np.float64(18.56899999999999))",TP,0.2400770293055615
10,404.0,Spruce,39.05,,,0.0,,POINT (546586.157 6449100.667),"(np.float64(546586.157), np.float64(6449100.667))","(np.float64(546585.0767), np.float64(6449101.0517), np.float64(23.113))",TP,1.1467528851367972
10,116.0,Tilia,19.3,,,80.0,,POINT (546586.158999999 6449145.97499999),"(np.float64(546586.158999999), np.float64(6449145.97499999))","(np.float64(546586.2457), np.float64(6449146.4697), np.float64(10.765999999999991))",TP,0.5022399725113855
10,111.0,Tilia,13.6,,,0.0,,POINT (546586.248 6449150.55999999),"(np.float64(546586.248), np.float64(6449150.55999999))",,FN,
10,75.0,Tilia,28.5,55.0,16.5,0.0,Rotten,POINT (546586.471999999 6449171.73199999),"(np.float64(546586.471999999), np.float64(6449171.73199999))","(np.float64(546586.3207), np.float64(6449171.7237), np.float64(15.20999999999998))",TP,0.15152748766761578
10,235.0,Tilia,28.75,,,0.0,,POINT (546586.643999999 6449112.383),"(np.float64(546586.643999999), np.float64(6449112.383))","(np.float64(546585.8937), np.float64(6449111.8807), np.float64(20.15299999999999))",TP,0.9029149346917845
10,84.0,Fir,21.95,,,0.0,,POINT (546586.652 6449180.82199999),"(np.float64(546586.652), np.float64(6449180.82199999))","(np.float64(546587.0277), np.float64(6449180.6047), np.float64(16.171999999999997))",TP,0.4340158704355746
10,72.0,Fir,11.5,,,0.0,,POINT (546586.697 6449167.569),"(np.float64(546586.697), np.float64(6449167.569))","(np.float64(546586.7687), np.float64(6449167.7627), np.float64(17.37100000000001))",TP,0.20654437751842414
10,73.0,Tilia,24.35,,,0.0,,POINT (546586.743999999 6449168.03199999),"(np.float64(546586.743999999), np.float64(6449168.03199999))",,FN,
10,407.0,Tilia,10.35,,,0.0,,POINT (546586.753 6449095.24299999),"(np.float64(546586.753), np.float64(6449095.24299999))",,FN,
10,405.0,Spruce,18.5,,,0.0,,POINT (546586.77 6449098.56599999),"(np.float64(546586.77), np.float64(6449098.56599999))","(np.float64(546584.5937), np.float64(6449098.6887), np.float64(9.705999999999989))",TP,2.179756175022373
10,409.0,Tilia,11.1,,,0.0,Two tops,POINT (546586.883 6449092.57299999),"(np.float64(546586.883), np.float64(6449092.57299999))","(np.float64(546588.0717), np.float64(6449093.4727), np.float64(10.897999999999996))",TP,1.4907943514127948
10,408.0,Fir,30.25,,22.4,0.0,,POINT (546586.905999999 6449096.064),"(np.float64(546586.905999999), np.float64(6449096.064))","(np.float64(546584.4127), np.float64(6449096.8217), np.float64(22.194999999999993))",TP,2.605888365827867
10,110.0,Birch,33.6,80.0,24.3,0.0,Rotten,POINT (546586.979 6449151.025),"(np.float64(546586.979), np.float64(6449151.025))",,FN,
10,83.0,Birch,10.5,,,0.0,,POINT (546587.084 6449178.74399999),"(np.float64(546587.084), np.float64(6449178.74399999))","(np.float64(546587.2897), np.float64(6449178.8837), np.float64(13.429000000000002))",TP,0.24865353985722508
10,240.0,Tilia,11.1,,,0.0,,POINT (546587.398 6449117.06599999),"(np.float64(546587.398), np.float64(6449117.06599999))",,FN,
10,115.0,Tilia,24.15,,,0.0,Two tops,POINT (546587.417 6449146.865),"(np.float64(546587.417), np.float64(6449146.865))","(np.float64(546587.6977), np.float64(6449146.5587), np.float64(19.52000000000001))",TP,0.41546622026086816
10,245.0,Tilia,10.95,,,0.0,,POINT (546587.457 6449125.98699999),"(np.float64(546587.457), np.float64(6449125.98699999))",,FN,
10,424.0,Fir,13.7,,,0.0,,POINT (546587.476999999 6449083.683),"(np.float64(546587.476999999), np.float64(6449083.683))",,FN,
10,242.0,Tilia,11.0,,,0.0,,POINT (546587.513999999 6449118.347),"(np.float64(546587.513999999), np.float64(6449118.347))",,FN,
10,241.0,Birch,12.9,,15.9,0.0,,POINT (546587.618 6449117.574),"(np.float64(546587.618), np.float64(6449117.574))","(np.float64(546588.1287), np.float64(6449117.5297), np.float64(15.17100000000002))",TP,0.5126177718341981
10,249.0,Tilia,10.45,,,0.0,,POINT (546587.679 6449128.115),"(np.float64(546587.679), np.float64(6449128.115))",,FN,
10,243.0,Tilia,10.65,,,0.0,Two tops,POINT (546587.777 6449120.66799999),"(np.float64(546587.777), np.float64(6449120.66799999))",,FN,
10,232.0,Fir,20.9,76.0,17.7,0.0,,POINT (546587.819 6449108.671),"(np.float64(546587.819), np.float64(6449108.671))",,FN,
10,246.0,Tilia,10.1,,,0.0,,POINT (546587.935 6449125.81199999),"(np.float64(546587.935), np.float64(6449125.81199999))",,FN,
10,425.0,Spruce,31.85,,,0.0,A hollow,POINT (546588.125 6449083.50399999),"(np.float64(546588.125), np.float64(6449083.50399999))","(np.float64(546587.9297), np.float64(6449083.3247), np.float64(21.192999999999984))",TP,0.26512370066469687
10,86.0,Tilia,20.5,,,0.0,,POINT (546588.180999999 6449186.49399999),"(np.float64(546588.180999999), np.float64(6449186.49399999))",,FN,
10,233.0,Tilia,28.25,,,0.0,Two tops,POINT (546588.190999999 6449110.014),"(np.float64(546588.190999999), np.float64(6449110.014))",,FN,
10,106.0,Birch,15.1,,,0.0,,POINT (546588.275 6449160.415),"(np.float64(546588.275), np.float64(6449160.415))","(np.float64(546588.2147), np.float64(6449160.5557), np.float64(17.322000000000003))",TP,0.1530770397434671
10,426.0,Spruce,27.15,,,0.0,,POINT (546588.28 6449081.77799999),"(np.float64(546588.28), np.float64(6449081.77799999))","(np.float64(546588.8337), np.float64(6449082.2547), np.float64(5.933000000000021))",TP,0.7306343751386806
10,262.0,Fir,14.9,,12.9,0.0,,POINT (546588.495 6449135.068),"(np.float64(546588.495), np.float64(6449135.068))",,FN,
10,85.0,Tilia,24.6,,,70.0,Two tops,POINT (546588.545 6449185.68099999),"(np.float64(546588.545), np.float64(6449185.68099999))",,FN,
10,114.0,Tilia,22.5,,,0.0,Two tops,POINT (546588.621 6449145.724),"(np.float64(546588.621), np.float64(6449145.724))",,FN,
10,81.0,Birch,12.55,,16.3,0.0,,POINT (546588.633999999 6449176.24799999),"(np.float64(546588.633999999), np.float64(6449176.24799999))","(np.float64(546588.3987), np.float64(6449176.2757), np.float64(14.489000000000004))",TP,0.2369248405611565
10,406.0,Tilia,19.0,,,0.0,,POINT (546588.715593 6449096.99362),"(np.float64(546588.715593), np.float64(6449096.99362))","(np.float64(546590.5337), np.float64(6449095.8577), np.float64(9.947000000000003))",TP,2.1437880750577625
10,258.0,Tilia,12.05,,,0.0,,POINT (546589.216 6449130.853),"(np.float64(546589.216), np.float64(6449130.853))","(np.float64(546588.9367), np.float64(6449130.6027), np.float64(14.222000000000008))",TP,0.3750447709816175
10,403.0,Tilia,18.8,,,0.0,,POINT (546589.39 6449098.83399999),"(np.float64(546589.39), np.float64(6449098.83399999))",,FN,
10,109.0,Fir,14.05,,,0.0,,POINT (546589.476999999 6449149.74799999),"(np.float64(546589.476999999), np.float64(6449149.74799999))",,FN,
10,234.0,Fir,20.15,60.0,19.4,0.0,,POINT (546589.643 6449110.036),"(np.float64(546589.643), np.float64(6449110.036))",,FN,
10,402.0,Tilia,31.95,,,80.0,,POINT (546589.667 6449099.35099999),"(np.float64(546589.667), np.float64(6449099.35099999))","(np.float64(546589.8157), np.float64(6449099.4967), np.float64(18.42500000000001))",TP,0.20818305180089655
10,263.0,Fir,11.4,,,0.0,,POINT (546589.783999999 6449137.264),"(np.float64(546589.783999999), np.float64(6449137.264))","(np.float64(546588.9377), np.float64(6449137.0407), np.float64(20.38300000000001))",TP,0.8752637195004861
10,259.0,Tilia,11.7,,,0.0,,POINT (546589.871999999 6449131.451),"(np.float64(546589.871999999), np.float64(6449131.451))",,FN,
10,260.0,Tilia,11.05,,,0.0,,POINT (546590.077999999 6449131.614),"(np.float64(546590.077999999), np.float64(6449131.614))",,FN,
10,250.0,Spruce,13.6,,,0.0,,POINT (546590.407 6449123.32199999),"(np.float64(546590.407), np.float64(6449123.32199999))",,FN,
10,264.0,Birch,29.7,70.0,20.3,0.0,Rotten,POINT (546590.506999999 6449136.792),"(np.float64(546590.506999999), np.float64(6449136.792))",,FN,
10,108.0,Fir,13.2,,,0.0,,POINT (546590.550999999 6449152.17499999),"(np.float64(546590.550999999), np.float64(6449152.17499999))",,FN,
10,265.0,Tilia,10.9,,,0.0,,POINT (546590.783 6449138.41999999),"(np.float64(546590.783), np.float64(6449138.41999999))",,FN,
10,105.0,Birch,16.8,,18.8,0.0,,POINT (546590.827 6449158.649),"(np.float64(546590.827), np.float64(6449158.649))","(np.float64(546591.5837), np.float64(6449159.0417), np.float64(17.864000000000004))",TP,0.8525304567325753
10,266.0,Tilia,14.45,,,0.0,,POINT (546590.922999999 6449139.03299999),"(np.float64(546590.922999999), np.float64(6449139.03299999))",,FN,
10,76.0,Fir,23.1,,,0.0,,POINT (546591.211 6449171.707),"(np.float64(546591.211), np.float64(6449171.707))","(np.float64(546590.9137), np.float64(6449171.8817), np.float64(15.257999999999981))",TP,0.34482949376992295
10,100.0,Fir,17.55,,,0.0,,POINT (546591.327999999 6449167.781),"(np.float64(546591.327999999), np.float64(6449167.781))",,FN,
10,427.0,Aspen,34.85,,,0.0,Two tops,POINT (546591.402 6449093.859),"(np.float64(546591.402), np.float64(6449093.859))","(np.float64(546590.5047), np.float64(6449092.0417), np.float64(20.78))",TP,2.0267527182033684
10,102.0,Birch,23.0,67.0,20.4,0.0,,POINT (546591.432 6449164.074),"(np.float64(546591.432), np.float64(6449164.074))","(np.float64(546591.8067), np.float64(6449164.6397), np.float64(19.685000000000002))",TP,0.6785400357515129
10,99.0,Tilia,23.3,,,0.0,Two tops,POINT (546591.461 6449168.148),"(np.float64(546591.461), np.float64(6449168.148))",,FN,
10,78.0,Tilia,11.15,,,0.0,,POINT (546591.677999999 6449175.372),"(np.float64(546591.677999999), np.float64(6449175.372))",,FN,
10,107.0,Tilia,39.0,,,0.0,Two tops,POINT (546591.731999999 6449152.70399999),"(np.float64(546591.731999999), np.float64(6449152.70399999))","(np.float64(546591.4377), np.float64(6449151.8277), np.float64(19.912000000000006))",TP,0.924399351396451
10,77.0,Tilia,12.95,,13.1,0.0,,POINT (546591.868999999 6449175.035),"(np.float64(546591.868999999), np.float64(6449175.035))",,FN,
10,397.0,Fir,13.95,,,0.0,,POINT (546591.908 6449109.796),"(np.float64(546591.908), np.float64(6449109.796))",,FN,
10,80.0,Tilia,11.25,,,0.0,,POINT (546591.993 6449175.74199999),"(np.float64(546591.993), np.float64(6449175.74199999))","(np.float64(546593.2847), np.float64(6449178.9507), np.float64(14.754999999999995))",TP,3.4589369236226153
10,396.0,Fir,12.15,,,0.0,,POINT (546592.094999999 6449111.102),"(np.float64(546592.094999999), np.float64(6449111.102))",,FN,
10,79.0,Tilia,11.8,,,0.0,,POINT (546592.116 6449175.474),"(np.float64(546592.116), np.float64(6449175.474))",,FN,
10,277.0,Tilia,25.45,,,0.0,,POINT (546592.359999999 6449146.73099999),"(np.float64(546592.359999999), np.float64(6449146.73099999))",,FN,
10,98.0,Fir,18.8,,,0.0,,POINT (546592.375 6449168.582),"(np.float64(546592.375), np.float64(6449168.582))","(np.float64(546592.6267), np.float64(6449168.2697), np.float64(17.291000000000025))",TP,0.40110370258020717
10,398.0,Spruce,38.95,,,0.0,,POINT (546592.498 6449109.605),"(np.float64(546592.498), np.float64(6449109.605))","(np.float64(546592.4177), np.float64(6449109.6817), np.float64(24.468999999999994))",TP,0.11104494529789828
10,104.0,Fir,13.35,,13.8,0.0,,POINT (546592.591 6449158.298),"(np.float64(546592.591), np.float64(6449158.298))",,FN,
10,251.0,Fir,18.6,73.0,13.9,0.0,Rotten,POINT (546592.609999999 6449122.79999999),"(np.float64(546592.609999999), np.float64(6449122.79999999))",,FN,
10,268.0,Tilia,26.25,,,0.0,,POINT (546592.940999999 6449143.13999999),"(np.float64(546592.940999999), np.float64(6449143.13999999))","(np.float64(546592.2167), np.float64(6449143.2997), np.float64(18.504999999999995))",TP,0.7416970956325004
10,252.0,Fir,13.9,,,0.0,,POINT (546592.996999999 6449121.87999999),"(np.float64(546592.996999999), np.float64(6449121.87999999))","(np.float64(546592.1667), np.float64(6449121.1217), np.float64(20.156000000000006))",TP,1.1244629663847
10,101.0,Birch,17.8,,19.3,0.0,,POINT (546593.038999999 6449162.341),"(np.float64(546593.038999999), np.float64(6449162.341))","(np.float64(546593.1257), np.float64(6449162.0627), np.float64(19.342000000000013))",TP,0.29149233330659496
10,267.0,Birch,10.95,,,0.0,,POINT (546593.204 6449140.001),"(np.float64(546593.204), np.float64(6449140.001))",,FN,
10,255.0,Fir,12.95,,,0.0,,POINT (546593.39 6449125.415),"(np.float64(546593.39), np.float64(6449125.415))",,FN,
10,399.0,Spruce,27.0,,,0.0,,POINT (546593.417999999 6449109.143),"(np.float64(546593.417999999), np.float64(6449109.143))",,FN,
10,401.0,Alder,13.05,,,70.0,,POINT (546593.523 6449102.48799999),"(np.float64(546593.523), np.float64(6449102.48799999))","(np.float64(546594.4537), np.float64(6449103.6087), np.float64(4.610000000000014))",TP,1.4567673123965292
10,256.0,Birch,10.55,,,0.0,,POINT (546593.611999999 6449126.864),"(np.float64(546593.611999999), np.float64(6449126.864))",,FN,
10,253.0,Birch,33.1,85.0,20.2,0.0,Rotten,POINT (546593.751 6449122.92399999),"(np.float64(546593.751), np.float64(6449122.92399999))",,FN,
10,87.0,Spruce,13.0,,14.2,0.0,,POINT (546593.799 6449182.54499999),"(np.float64(546593.799), np.float64(6449182.54499999))","(np.float64(546593.7657), np.float64(6449182.8367), np.float64(13.524000000000001))",TP,0.2935945945420399
10,257.0,Tilia,18.55,,,80.0,,POINT (546594.206 6449127.717),"(np.float64(546594.206), np.float64(6449127.717))",,FN,
10,519.0,Birch,31.55,,,80.0,Two tops,POINT (546594.449999999 6449085.33399999),"(np.float64(546594.449999999), np.float64(6449085.33399999))","(np.float64(546593.3927), np.float64(6449084.1447), np.float64(19.326999999999998))",TP,1.5913257846857292
10,523.0,Tilia,20.3,,,0.0,Two tops,POINT (546594.680999999 6449079.40199999),"(np.float64(546594.680999999), np.float64(6449079.40199999))",,FN,
10,103.0,Willow,13.0,,15.0,0.0,Two tops,POINT (546594.687999999 6449160.11299999),"(np.float64(546594.687999999), np.float64(6449160.11299999))",,FN,
10,395.0,Tilia,11.25,,,0.0,,POINT (546595.084 6449114.17999999),"(np.float64(546595.084), np.float64(6449114.17999999))",,FN,
10,97.0,Spruce,19.75,52.0,16.4,0.0,,POINT (546595.233 6449167.348),"(np.float64(546595.233), np.float64(6449167.348))",,FN,
10,254.0,Spruce,12.3,,,0.0,,POINT (546595.295 6449123.006),"(np.float64(546595.295), np.float64(6449123.006))",,FN,
10,512.0,Fir,23.55,,,0.0,,POINT (546595.378999999 6449090.593),"(np.float64(546595.378999999), np.float64(6449090.593))",,FN,
10,269.0,Tilia,10.25,,,0.0,,POINT (546595.408999999 6449137.741),"(np.float64(546595.408999999), np.float64(6449137.741))",,FN,
10,275.0,Fir,11.2,,,0.0,,POINT (546595.579999999 6449145.638),"(np.float64(546595.579999999), np.float64(6449145.638))","(np.float64(546595.0737), np.float64(6449145.9417), np.float64(22.310000000000002))",TP,0.5904010324298262
10,385.0,Fir,14.65,,,0.0,,POINT (546595.594 6449128.745),"(np.float64(546595.594), np.float64(6449128.745))",,FN,
10,400.0,Tilia,33.5,,,0.0,Two tops & a hollow,POINT (546595.628 6449110.48799999),"(np.float64(546595.628), np.float64(6449110.48799999))",,FN,
10,392.0,Spruce,10.45,,,0.0,,POINT (546595.680999999 6449120.632),"(np.float64(546595.680999999), np.float64(6449120.632))",,FN,
10,270.0,Tilia,24.85,,,0.0,,POINT (546595.685999999 6449137.864),"(np.float64(546595.685999999), np.float64(6449137.864))",,FN,
10,391.0,Willow,12.15,,15.0,0.0,,POINT (546595.741999999 6449120.046),"(np.float64(546595.741999999), np.float64(6449120.046))",,FN,
10,94.0,Tilia,10.65,,,0.0,,POINT (546595.763 6449174.139),"(np.float64(546595.763), np.float64(6449174.139))","(np.float64(546594.6297), np.float64(6449172.9997), np.float64(10.082000000000022))",TP,1.6069764721101478
10,520.0,Tilia,11.35,,,0.0,,POINT (546595.785 6449083.258),"(np.float64(546595.785), np.float64(6449083.258))",,FN,
10,274.0,Tilia,17.25,,,0.0,,POINT (546595.795 6449143.655),"(np.float64(546595.795), np.float64(6449143.655))","(np.float64(546595.4837), np.float64(6449141.3067), np.float64(6.213999999999999))",TP,2.3688437228112638
10,276.0,Birch,27.85,84.0,22.4,0.0,,POINT (546595.902 6449145.002),"(np.float64(546595.902), np.float64(6449145.002))",,FN,
10,514.0,Tilia,18.5,,,0.0,,POINT (546595.959 6449089.66999999),"(np.float64(546595.959), np.float64(6449089.66999999))",,FN,
10,515.0,Tilia,24.95,,,0.0,,POINT (546595.966999999 6449088.95399999),"(np.float64(546595.966999999), np.float64(6449088.95399999))",,FN,
10,394.0,Tilia,26.6,,,0.0,,POINT (546595.971 6449113.854),"(np.float64(546595.971), np.float64(6449113.854))","(np.float64(546596.1137), np.float64(6449114.2457), np.float64(7.72999999999999))",TP,0.41688389229442696
10,383.0,Spruce,24.4,,,0.0,,POINT (546595.974999999 6449130.568),"(np.float64(546595.974999999), np.float64(6449130.568))","(np.float64(546595.4057), np.float64(6449130.7597), np.float64(19.17999999999998))",TP,0.6007090635497442
10,513.0,Tilia,16.3,,,0.0,,POINT (546596.101 6449089.977),"(np.float64(546596.101), np.float64(6449089.977))",,FN,
10,297.0,Fir,19.0,42.0,17.0,0.0,,POINT (546596.106 6449159.803),"(np.float64(546596.106), np.float64(6449159.803))","(np.float64(546595.8847), np.float64(6449159.7717), np.float64(16.420999999999992))",TP,0.22350252791385433
10,384.0,Fir,13.3,,,0.0,,POINT (546596.506 6449128.52599999),"(np.float64(546596.506), np.float64(6449128.52599999))",,FN,
10,393.0,Tilia,14.05,,,0.0,,POINT (546596.628 6449115.07699999),"(np.float64(546596.628), np.float64(6449115.07699999))",,FN,
10,518.0,Fir,20.3,,,0.0,,POINT (546596.932 6449086.735),"(np.float64(546596.932), np.float64(6449086.735))",,FN,
10,278.0,Fir,14.6,,,0.0,Damaged bark,POINT (546597.116999999 6449147.477),"(np.float64(546597.116999999), np.float64(6449147.477))",,FN,
10,96.0,Spruce,14.7,,,0.0,,POINT (546597.12 6449168.826),"(np.float64(546597.12), np.float64(6449168.826))",,FN,
10,271.0,Spruce,13.75,,,0.0,,POINT (546597.128 6449136.733),"(np.float64(546597.128), np.float64(6449136.733))",,FN,
10,387.0,Tilia,29.05,,,0.0,,POINT (546597.179 6449122.547),"(np.float64(546597.179), np.float64(6449122.547))","(np.float64(546597.1127), np.float64(6449122.4797), np.float64(18.637))",TP,0.09447211241285348
10,428.0,Birch,19.35,,,70.0,,POINT (546597.278 6449099.735),"(np.float64(546597.278), np.float64(6449099.735))","(np.float64(546596.8837), np.float64(6449100.5487), np.float64(16.473000000000013))",TP,0.9042014044161953
10,386.0,Fir,12.25,,,0.0,,POINT (546597.336 6449124.014),"(np.float64(546597.336), np.float64(6449124.014))",,FN,
10,285.0,Spruce,20.95,,,0.0,,POINT (546597.567999999 6449156.24299999),"(np.float64(546597.567999999), np.float64(6449156.24299999))",,FN,
10,272.0,Birch,26.7,,,0.0,Frost crack,POINT (546597.883999999 6449137.275),"(np.float64(546597.883999999), np.float64(6449137.275))","(np.float64(546597.7277), np.float64(6449136.7977), np.float64(21.446000000000026))",TP,0.502239962609708
10,521.0,Fir,19.2,,,0.0,,POINT (546597.959 6449084.25999999),"(np.float64(546597.959), np.float64(6449084.25999999))",,FN,
10,90.0,Tilia,15.65,,,0.0,,POINT (546597.962 6449177.335),"(np.float64(546597.962), np.float64(6449177.335))",,FN,
10,93.0,Fir,15.6,,12.5,0.0,,POINT (546598.040999999 6449170.53799999),"(np.float64(546598.040999999), np.float64(6449170.53799999))",,FN,
10,517.0,Tilia,29.3,,,0.0,Two tops,POINT (546598.071 6449087.258),"(np.float64(546598.071), np.float64(6449087.258))",,FN,
10,95.0,Birch,27.5,72.0,23.5,0.0,,POINT (546598.082 6449168.962),"(np.float64(546598.082), np.float64(6449168.962))","(np.float64(546598.5527), np.float64(6449168.5317), np.float64(22.72199999999998))",TP,0.6377433496765289
10,381.0,Fir,12.25,,,0.0,,POINT (546598.341 6449127.166),"(np.float64(546598.341), np.float64(6449127.166))",,FN,
10,511.0,Birch,25.4,,,0.0,,POINT (546598.381 6449089.54999999),"(np.float64(546598.381), np.float64(6449089.54999999))","(np.float64(546598.2577), np.float64(6449089.5287), np.float64(20.632000000000005))",TP,0.1251262546096383
10,295.0,Fir,13.05,,,0.0,,POINT (546598.481999999 6449161.03799999),"(np.float64(546598.481999999), np.float64(6449161.03799999))","(np.float64(546599.1747), np.float64(6449159.6097), np.float64(8.044999999999987))",TP,1.5874111484182485
10,296.0,Spruce,11.5,,,0.0,,POINT (546598.547 6449157.814),"(np.float64(546598.547), np.float64(6449157.814))",,FN,
10,522.0,Fir,9.65,,,0.0,,POINT (546598.562999999 6449083.92499999),"(np.float64(546598.562999999), np.float64(6449083.92499999))",,FN,
10,89.0,Birch,24.3,,,0.0,,POINT (546598.626999999 6449178.355),"(np.float64(546598.626999999), np.float64(6449178.355))","(np.float64(546598.9477), np.float64(6449179.0477), np.float64(18.726))",TP,0.7633359548702265
10,390.0,Tilia,22.7,,,0.0,,POINT (546598.797999999 6449119.798),"(np.float64(546598.797999999), np.float64(6449119.798))",,FN,
10,510.0,Birch,19.75,,,0.0,,POINT (546598.849999999 6449090.064),"(np.float64(546598.849999999), np.float64(6449090.064))","(np.float64(546599.1277), np.float64(6449090.5767), np.float64(6.322000000000003))",TP,0.5830768219943648
10,516.0,Tilia,19.95,,,0.0,,POINT (546598.905 6449087.32899999),"(np.float64(546598.905), np.float64(6449087.32899999))",,FN,
10,286.0,Fir,11.05,,,0.0,,POINT (546599.424 6449155.132),"(np.float64(546599.424), np.float64(6449155.132))",,FN,
10,382.0,Spruce,18.25,,,0.0,,POINT (546599.569 6449128.848),"(np.float64(546599.569), np.float64(6449128.848))","(np.float64(546598.4867), np.float64(6449128.7107), np.float64(17.912000000000006))",TP,1.090974142756921
10,380.0,Fir,18.4,,,0.0,,POINT (546599.647 6449125.53299999),"(np.float64(546599.647), np.float64(6449125.53299999))","(np.float64(546599.2017), np.float64(6449125.3397), np.float64(17.442999999999984))",TP,0.48544513165735664
10,432.0,Tilia,21.75,,,0.0,,POINT (546599.751999999 6449112.773),"(np.float64(546599.751999999), np.float64(6449112.773))","(np.float64(546599.1527), np.float64(6449111.9887), np.float64(19.129999999999995))",TP,0.9870597649199542
10,430.0,Tilia,38.75,,,0.0,Two tops,POINT (546599.785999999 6449106.95399999),"(np.float64(546599.785999999), np.float64(6449106.95399999))",,FN,
10,429.0,Spruce,28.5,,,0.0,,POINT (546599.886999999 6449104.303),"(np.float64(546599.886999999), np.float64(6449104.303))","(np.float64(546600.0037), np.float64(6449104.1757), np.float64(21.91900000000001))",TP,0.17269678749556197
10,92.0,Tilia,11.6,,,0.0,,POINT (546599.891999999 6449173.36199999),"(np.float64(546599.891999999), np.float64(6449173.36199999))",,FN,
10,284.0,Fir,24.55,,20.4,0.0,,POINT (546599.935 6449151.53199999),"(np.float64(546599.935), np.float64(6449151.53199999))","(np.float64(546599.5647), np.float64(6449152.1147), np.float64(19.192000000000007))",TP,0.6904066852749143
10,433.0,Tilia,23.7,,,0.0,,POINT (546599.947999999 6449113.161),"(np.float64(546599.947999999), np.float64(6449113.161))",,FN,
10,507.0,Tilia,13.4,,,0.0,,POINT (546599.966 6449098.745),"(np.float64(546599.966), np.float64(6449098.745))","(np.float64(546600.3997), np.float64(6449098.8887), np.float64(10.889999999999986))",TP,0.45688661603870573
10,389.0,Tilia,29.2,,,0.0,Two tops,POINT (546599.981999999 6449119.307),"(np.float64(546599.981999999), np.float64(6449119.307))","(np.float64(546600.2337), np.float64(6449118.7227), np.float64(19.693000000000012))",TP,0.6362070266335426
10,280.0,Birch,22.5,80.0,21.4,0.0,Rotten,POINT (546600.040999999 6449143.108),"(np.float64(546600.040999999), np.float64(6449143.108))","(np.float64(546599.5207), np.float64(6449143.4727), np.float64(21.851))",TP,0.635388211143352
10,279.0,Birch,17.5,,,0.0,,POINT (546600.077 6449148.53699999),"(np.float64(546600.077), np.float64(6449148.53699999))","(np.float64(546600.2757), np.float64(6449147.8047), np.float64(19.686000000000007))",TP,0.7587786010190286
10,431.0,Tilia,12.25,,,0.0,,POINT (546600.209999999 6449106.86),"(np.float64(546600.209999999), np.float64(6449106.86))","(np.float64(546600.0167), np.float64(6449106.6757), np.float64(21.589000000000027))",TP,0.2670793513147284
10,434.0,Tilia,16.55,,,0.0,,POINT (546600.285999999 6449113.233),"(np.float64(546600.285999999), np.float64(6449113.233))",,FN,
10,273.0,Tilia,19.45,,,0.0,Two tops,POINT (546600.288999999 6449136.59499999),"(np.float64(546600.288999999), np.float64(6449136.59499999))","(np.float64(546600.1157), np.float64(6449138.0737), np.float64(12.068000000000012))",TP,1.4888205421669454
10,372.0,Fir,27.6,,,0.0,,POINT (546600.647 6449133.26599999),"(np.float64(546600.647), np.float64(6449133.26599999))","(np.float64(546599.7897), np.float64(6449132.9657), np.float64(21.463000000000022))",TP,0.9083740276142306
10,525.0,Birch,23.2,,,0.0,,POINT (546600.707 6449170.21999999),"(np.float64(546600.707), np.float64(6449170.21999999))",,FN,
10,435.0,Tilia,10.75,,,0.0,,POINT (546600.942999999 6449113.91199999),"(np.float64(546600.942999999), np.float64(6449113.91199999))",,FN,
10,282.0,Birch,21.0,,,0.0,Bended,POINT (546600.966999999 6449146.75499999),"(np.float64(546600.966999999), np.float64(6449146.75499999))",,FN,
10,509.0,Fir,22.0,,,0.0,,POINT (546601.12 6449095.83899999),"(np.float64(546601.12), np.float64(6449095.83899999))","(np.float64(546600.9407), np.float64(6449095.7757), np.float64(18.610000000000014))",TP,0.1901456777115271
10,292.0,Spruce,32.0,89.0,24.2,0.0,,POINT (546601.153999999 6449157.376),"(np.float64(546601.153999999), np.float64(6449157.376))","(np.float64(546600.6687), np.float64(6449157.3267), np.float64(23.208))",TP,0.48779768249437755
10,436.0,Tilia,10.6,,,0.0,,POINT (546601.255 6449114.07799999),"(np.float64(546601.255), np.float64(6449114.07799999))",,FN,
10,287.0,Spruce,13.5,,,0.0,,POINT (546601.270999999 6449154.103),"(np.float64(546601.270999999), np.float64(6449154.103))",,FN,
10,283.0,Spruce,30.7,91.0,22.2,0.0,,POINT (546601.41 6449150.43099999),"(np.float64(546601.41), np.float64(6449150.43099999))","(np.float64(546601.3467), np.float64(6449150.6177), np.float64(21.230999999999995))",TP,0.19713899662373877
10,293.0,Tilia,32.05,,19.2,0.0,,POINT (546601.839999999 6449158.324),"(np.float64(546601.839999999), np.float64(6449158.324))",,FN,
10,388.0,Fir,20.25,,,0.0,,POINT (546601.947999999 6449120.996),"(np.float64(546601.947999999), np.float64(6449120.996))",,FN,
10,506.0,Fir,21.5,,,0.0,,POINT (546602.013999999 6449104.07699999),"(np.float64(546602.013999999), np.float64(6449104.07699999))",,FN,
10,374.0,Tilia,30.25,,18.8,0.0,,POINT (546602.147 6449128.802),"(np.float64(546602.147), np.float64(6449128.802))","(np.float64(546601.7457), np.float64(6449128.6147), np.float64(18.293999999999983))",TP,0.44285774256390326
10,371.0,Spruce,26.65,,,0.0,,POINT (546602.182999999 6449134.82199999),"(np.float64(546602.182999999), np.float64(6449134.82199999))","(np.float64(546601.8137), np.float64(6449135.0567), np.float64(20.84899999999999))",TP,0.4375689472211162
10,281.0,Birch,26.5,84.0,23.8,0.0,,POINT (546602.197 6449143.927),"(np.float64(546602.197), np.float64(6449143.927))","(np.float64(546601.4227), np.float64(6449144.3057), np.float64(22.954000000000008))",TP,0.8619478988035766
10,375.0,Tilia,22.3,,,0.0,,POINT (546602.221 6449128.377),"(np.float64(546602.221), np.float64(6449128.377))",,FN,
10,526.0,Fir,17.85,,,0.0,,POINT (546602.317999999 6449170.102),"(np.float64(546602.317999999), np.float64(6449170.102))",,FN,
10,363.0,Tilia,17.75,,,0.0,,POINT (546602.363 6449140.404),"(np.float64(546602.363), np.float64(6449140.404))","(np.float64(546602.2337), np.float64(6449140.4337), np.float64(22.248999999999995))",TP,0.13266717754629184
10,364.0,Tilia,13.2,,,0.0,,POINT (546602.432 6449137.21),"(np.float64(546602.432), np.float64(6449137.21))","(np.float64(546602.8377), np.float64(6449138.4677), np.float64(22.00400000000002))",TP,1.3215149563654085
10,379.0,Fir,21.0,,,0.0,Single trunk,POINT (546602.628999999 6449124.35099999),"(np.float64(546602.628999999), np.float64(6449124.35099999))","(np.float64(546602.5047), np.float64(6449124.5207), np.float64(18.97999999999999))",TP,0.21035347244677172
10,288.0,Spruce,14.4,,,0.0,,POINT (546602.736 6449155.019),"(np.float64(546602.736), np.float64(6449155.019))",,FN,
10,378.0,Fir,14.0,,,0.0,Single trunk,POINT (546602.773 6449124.284),"(np.float64(546602.773), np.float64(6449124.284))",,FN,
10,91.0,Birch,10.75,,,0.0,,POINT (546602.773 6449176.52799999),"(np.float64(546602.773), np.float64(6449176.52799999))",,FN,
10,358.0,Tilia,11.0,,,0.0,,POINT (546602.893 6449141.97099999),"(np.float64(546602.893), np.float64(6449141.97099999))","(np.float64(546603.4177), np.float64(6449142.0957), np.float64(7.111999999999995))",TP,0.5393145488770784
10,362.0,Birch,25.15,88.0,22.8,0.0,Rotten,POINT (546602.915999999 6449140.54399999),"(np.float64(546602.915999999), np.float64(6449140.54399999))",,FN,
10,373.0,Spruce,10.95,,,0.0,,POINT (546602.962 6449129.723),"(np.float64(546602.962), np.float64(6449129.723))",,FN,
10,294.0,Spruce,30.45,104.0,21.3,0.0,,POINT (546602.989999999 6449160.507),"(np.float64(546602.989999999), np.float64(6449160.507))","(np.float64(546602.8657), np.float64(6449160.8097), np.float64(21.089))",TP,0.32722741278103856
10,361.0,Birch,26.25,,21.8,0.0,Rotten,POINT (546603.202999999 6449139.756),"(np.float64(546603.202999999), np.float64(6449139.756))",,FN,
10,377.0,Tilia,19.55,,,0.0,,POINT (546603.332 6449123.585),"(np.float64(546603.332), np.float64(6449123.585))",,FN,
10,508.0,Birch,22.45,,,0.0,,POINT (546603.395999999 6449097.644),"(np.float64(546603.395999999), np.float64(6449097.644))","(np.float64(546602.5407), np.float64(6449098.1937), np.float64(18.778999999999996))",TP,1.016714403178898
10,290.0,Spruce,11.55,,,0.0,,POINT (546603.584999999 6449155.644),"(np.float64(546603.584999999), np.float64(6449155.644))","(np.float64(546604.1967), np.float64(6449155.2007), np.float64(5.991000000000014))",TP,0.7554414480933128
10,359.0,Birch,16.65,,,80.0,,POINT (546603.729999999 6449141.501),"(np.float64(546603.729999999), np.float64(6449141.501))",,FN,
10,289.0,Spruce,13.8,,,0.0,,POINT (546603.930999999 6449153.996),"(np.float64(546603.930999999), np.float64(6449153.996))","(np.float64(546603.6977), np.float64(6449154.5997), np.float64(17.15900000000002))",TP,0.6472113869371334
10,505.0,Tilia,17.4,,,0.0,,POINT (546604.011 6449105.906),"(np.float64(546604.011), np.float64(6449105.906))",,FN,
10,291.0,Spruce,16.85,,,0.0,,POINT (546604.158999999 6449156.747),"(np.float64(546604.158999999), np.float64(6449156.747))",,FN,
10,365.0,Tilia,17.35,,,0.0,,POINT (546604.310999999 6449135.349),"(np.float64(546604.310999999), np.float64(6449135.349))",,FN,
10,360.0,Birch,26.35,,,0.0,,POINT (546604.43 6449141.286),"(np.float64(546604.43), np.float64(6449141.286))","(np.float64(546604.3907), np.float64(6449141.6397), np.float64(22.671999999999997))",TP,0.3558766357979375
10,303.0,Fir,20.9,,,0.0,,POINT (546604.839999999 6449172.906),"(np.float64(546604.839999999), np.float64(6449172.906))","(np.float64(546604.3887), np.float64(6449173.0687), np.float64(16.885999999999996))",TP,0.47973219496796077
10,437.0,Tilia,19.55,,,0.0,,POINT (546604.957 6449117.47499999),"(np.float64(546604.957), np.float64(6449117.47499999))",,FN,
10,298.0,Fir,16.7,,,0.0,,POINT (546605.049 6449163.104),"(np.float64(546605.049), np.float64(6449163.104))",,FN,
10,299.0,Tilia,26.0,,,80.0,A hollow,POINT (546605.062 6449166.102),"(np.float64(546605.062), np.float64(6449166.102))","(np.float64(546604.1057), np.float64(6449166.6497), np.float64(16.55600000000001))",TP,1.1020367417397534
10,339.0,Spruce,19.75,,,0.0,,POINT (546605.076 6449151.7),"(np.float64(546605.076), np.float64(6449151.7))","(np.float64(546604.8867), np.float64(6449152.3487), np.float64(18.016999999999996))",TP,0.6757560060493989
10,376.0,Tilia,18.25,,,0.0,,POINT (546605.125 6449124.39599999),"(np.float64(546605.125), np.float64(6449124.39599999))",,FN,
10,442.0,Tilia,22.55,,,0.0,,POINT (546605.233 6449120.29999999),"(np.float64(546605.233), np.float64(6449120.29999999))","(np.float64(546605.2037), np.float64(6449119.9957), np.float64(18.673000000000002))",TP,0.30570733348053986
10,438.0,Tilia,18.35,,,80.0,,POINT (546605.788999999 6449117.269),"(np.float64(546605.788999999), np.float64(6449117.269))",,FN,
10,340.0,Fir,29.5,,,0.0,,POINT (546605.824999999 6449149.604),"(np.float64(546605.824999999), np.float64(6449149.604))","(np.float64(546605.4337), np.float64(6449149.1797), np.float64(21.309000000000026))",TP,0.5771881662460167
10,311.0,Aspen,10.75,,16.3,0.0,,POINT (546605.827999999 6449179.90199999),"(np.float64(546605.827999999), np.float64(6449179.90199999))","(np.float64(546604.3757), np.float64(6449178.9927), np.float64(14.966000000000008))",TP,1.7134765126540075
10,439.0,Tilia,18.6,,,0.0,,POINT (546606.209999999 6449117.51999999),"(np.float64(546606.209999999), np.float64(6449117.51999999))",,FN,
10,302.0,Spruce,11.95,,,0.0,,POINT (546606.309 6449170.36899999),"(np.float64(546606.309), np.float64(6449170.36899999))",,FN,
10,301.0,Spruce,14.95,,,0.0,,POINT (546606.351999999 6449168.90099999),"(np.float64(546606.351999999), np.float64(6449168.90099999))",,FN,
10,440.0,Tilia,18.0,,,80.0,,POINT (546606.361999999 6449117.52199999),"(np.float64(546606.361999999), np.float64(6449117.52199999))",,FN,
10,337.0,Fir,12.25,,,0.0,,POINT (546606.395999999 6449159.854),"(np.float64(546606.395999999), np.float64(6449159.854))",,FN,
10,300.0,Spruce,18.8,,,0.0,,POINT (546606.496 6449168.103),"(np.float64(546606.496), np.float64(6449168.103))",,FN,
10,357.0,Tilia,12.75,,,0.0,,POINT (546606.598 6449143.428),"(np.float64(546606.598), np.float64(6449143.428))",,FN,
10,441.0,Fir,24.5,,,0.0,,POINT (546606.935999999 6449117.347),"(np.float64(546606.935999999), np.float64(6449117.347))","(np.float64(546606.8607), np.float64(6449117.2927), np.float64(18.891999999999996))",TP,0.09283630679466225
10,370.0,Spruce,25.5,,,0.0,,POINT (546606.937999999 6449131.04399999),"(np.float64(546606.937999999), np.float64(6449131.04399999))","(np.float64(546606.5687), np.float64(6449131.1897), np.float64(19.45599999999999))",TP,0.39700249634857
10,341.0,Tilia,17.95,,,0.0,,POINT (546606.942999999 6449146.865),"(np.float64(546606.942999999), np.float64(6449146.865))",,FN,
10,368.0,Spruce,12.5,,,0.0,,POINT (546607.113999999 6449135.27799999),"(np.float64(546607.113999999), np.float64(6449135.27799999))",,FN,
10,356.0,Fir,16.7,,,0.0,,POINT (546607.116 6449143.513),"(np.float64(546607.116), np.float64(6449143.513))","(np.float64(546607.1037), np.float64(6449143.9407), np.float64(6.7809999999999775))",TP,0.4278768279564369
10,355.0,Fir,15.75,,,0.0,A hollow,POINT (546607.238999999 6449143.15799999),"(np.float64(546607.238999999), np.float64(6449143.15799999))",,FN,
10,369.0,Tilia,31.5,,,0.0,Two tops,POINT (546607.446 6449130.11099999),"(np.float64(546607.446), np.float64(6449130.11099999))",,FN,
10,336.0,Spruce,25.3,,,0.0,,POINT (546607.63 6449159.443),"(np.float64(546607.63), np.float64(6449159.443))","(np.float64(546607.4177), np.float64(6449159.5927), np.float64(19.692000000000007))",TP,0.25977178443997695
10,443.0,Spruce,21.75,,,0.0,,POINT (546607.658 6449124.933),"(np.float64(546607.658), np.float64(6449124.933))","(np.float64(546607.5727), np.float64(6449125.0647), np.float64(19.727000000000004))",TP,0.1569107388034397
10,307.0,Fir,25.2,,,0.0,,POINT (546607.697 6449174.17499999),"(np.float64(546607.697), np.float64(6449174.17499999))","(np.float64(546606.9067), np.float64(6449174.2377), np.float64(18.963000000000022))",TP,0.7927833129854912
10,308.0,Fir,10.2,,,0.0,,POINT (546608.180999999 6449176.809),"(np.float64(546608.180999999), np.float64(6449176.809))",,FN,
10,306.0,Fir,18.0,,,0.0,,POINT (546608.457 6449171.341),"(np.float64(546608.457), np.float64(6449171.341))",,FN,
10,367.0,Spruce,27.75,,,0.0,,POINT (546608.479 6449136.086),"(np.float64(546608.479), np.float64(6449136.086))","(np.float64(546607.9827), np.float64(6449136.1497), np.float64(21.42100000000002))",TP,0.5003712421557514
10,354.0,Spruce,10.1,,,0.0,,POINT (546608.748999999 6449141.29499999),"(np.float64(546608.748999999), np.float64(6449141.29499999))",,FN,
10,333.0,Tilia,27.1,,,0.0,,POINT (546609.072 6449166.76499999),"(np.float64(546609.072), np.float64(6449166.76499999))","(np.float64(546608.8857), np.float64(6449166.5947), np.float64(19.632000000000005))",TP,0.2524079567903943
10,335.0,Spruce,13.7,,,0.0,,POINT (546609.086 6449159.052),"(np.float64(546609.086), np.float64(6449159.052))",,FN,
10,304.0,Fir,22.7,,,0.0,Damaged bark,POINT (546609.136999999 6449169.286),"(np.float64(546609.136999999), np.float64(6449169.286))",,FN,
10,504.0,Fir,33.05,,,0.0,Two tops,POINT (546609.15 6449120.95199999),"(np.float64(546609.15), np.float64(6449120.95199999))","(np.float64(546609.2977), np.float64(6449120.7247), np.float64(20.29400000000001))",TP,0.27107300770459236
10,305.0,Fir,16.0,,,0.0,,POINT (546609.233 6449169.762),"(np.float64(546609.233), np.float64(6449169.762))",,FN,
10,366.0,Tilia,10.75,,,0.0,,POINT (546609.234 6449137.627),"(np.float64(546609.234), np.float64(6449137.627))","(np.float64(546609.9487), np.float64(6449136.9147), np.float64(4.47999999999999))",TP,1.0090428042776702
10,334.0,Spruce,10.75,,,0.0,,POINT (546609.329 6449167.114),"(np.float64(546609.329), np.float64(6449167.114))",,FN,
10,309.0,Fir,13.5,,,0.0,Single trunk,POINT (546609.535999999 6449177.194),"(np.float64(546609.535999999), np.float64(6449177.194))","(np.float64(546609.2187), np.float64(6449177.4827), np.float64(17.700000000000017))",TP,0.4289836583009716
10,310.0,Fir,18.5,,,0.0,Single trunk,POINT (546609.631999999 6449177.337),"(np.float64(546609.631999999), np.float64(6449177.337))",,FN,
10,444.0,Spruce,10.95,,,0.0,,POINT (546609.770999999 6449128.31099999),"(np.float64(546609.770999999), np.float64(6449128.31099999))",,FN,
10,353.0,Spruce,29.15,,,0.0,,POINT (546609.915 6449139.837),"(np.float64(546609.915), np.float64(6449139.837))","(np.float64(546609.5487), np.float64(6449139.7787), np.float64(21.68599999999998))",TP,0.3709104744645634
10,338.0,Tilia,25.0,,,0.0,,POINT (546609.984 6449150.582),"(np.float64(546609.984), np.float64(6449150.582))",,FN,
10,448.0,Tilia,15.05,,,0.0,,POINT (546610.42 6449135.91399999),"(np.float64(546610.42), np.float64(6449135.91399999))",,FN,
10,446.0,Spruce,11.0,,,0.0,,POINT (546610.452 6449132.99199999),"(np.float64(546610.452), np.float64(6449132.99199999))",,FN,
10,352.0,Tilia,17.1,,,0.0,,POINT (546610.572 6449140.95899999),"(np.float64(546610.572), np.float64(6449140.95899999))",,FN,
10,342.0,Tilia,12.8,,,0.0,,POINT (546610.783999999 6449147.31199999),"(np.float64(546610.783999999), np.float64(6449147.31199999))",,FN,
10,503.0,Birch,22.95,,,0.0,,POINT (546610.785 6449118.267),"(np.float64(546610.785), np.float64(6449118.267))","(np.float64(546610.5146999999), np.float64(6449116.9547), np.float64(20.54000000000002))",TP,1.3398482678799635
10,351.0,Tilia,12.5,,,0.0,,POINT (546610.805999999 6449140.904),"(np.float64(546610.805999999), np.float64(6449140.904))",,FN,
10,498.0,Fir,25.35,,,0.0,,POINT (546611.189 6449122.46499999),"(np.float64(546611.189), np.float64(6449122.46499999))","(np.float64(546610.8957), np.float64(6449122.9437), np.float64(21.810000000000002))",TP,0.5614076858102467
10,326.0,Spruce,15.25,,,0.0,,POINT (546611.327999999 6449174.196),"(np.float64(546611.327999999), np.float64(6449174.196))",,FN,
10,332.0,Spruce,21.8,,,0.0,,POINT (546611.493999999 6449164.45399999),"(np.float64(546611.493999999), np.float64(6449164.45399999))",,FN,
10,350.0,Fir,16.45,,,0.0,,POINT (546611.53 6449139.042),"(np.float64(546611.53), np.float64(6449139.042))",,FN,
10,343.0,Birch,23.55,82.0,22.2,0.0,Rotten,POINT (546611.598 6449147.87299999),"(np.float64(546611.598), np.float64(6449147.87299999))","(np.float64(546611.1967), np.float64(6449148.5667), np.float64(20.90100000000001))",TP,0.801412124837033
10,344.0,Fir,10.75,,,0.0,,POINT (546612.116999999 6449148.03799999),"(np.float64(546612.116999999), np.float64(6449148.03799999))",,FN,
10,499.0,Fir,11.15,,,0.0,,POINT (546612.231 6449121.205),"(np.float64(546612.231), np.float64(6449121.205))",,FN,
10,325.0,Fir,26.45,,,0.0,,POINT (546612.287 6449173.08999999),"(np.float64(546612.287), np.float64(6449173.08999999))",,FN,
10,493.0,Tilia,24.0,,,0.0,,POINT (546612.300999999 6449126.11099999),"(np.float64(546612.300999999), np.float64(6449126.11099999))",,FN,
10,445.0,Spruce,10.45,,,0.0,,POINT (546612.305999999 6449132.75899999),"(np.float64(546612.305999999), np.float64(6449132.75899999))",,FN,
10,349.0,Fir,12.9,,,0.0,,POINT (546612.469999999 6449143.756),"(np.float64(546612.469999999), np.float64(6449143.756))",,FN,
10,500.0,Tilia,11.5,,,0.0,,POINT (546612.741 6449120.33999999),"(np.float64(546612.741), np.float64(6449120.33999999))",,FN,
10,492.0,Fir,29.15,,,0.0,,POINT (546612.746 6449126.63999999),"(np.float64(546612.746), np.float64(6449126.63999999))","(np.float64(546612.9747), np.float64(6449127.4017), np.float64(21.756))",TP,0.7952927732054953
10,348.0,Spruce,28.75,,,0.0,,POINT (546612.788999999 6449144.917),"(np.float64(546612.788999999), np.float64(6449144.917))","(np.float64(546612.5387), np.float64(6449145.1457), np.float64(24.144000000000005))",TP,0.3390483437359781
10,501.0,Spruce,26.5,89.0,21.2,0.0,,POINT (546612.913999999 6449120.648),"(np.float64(546612.913999999), np.float64(6449120.648))","(np.float64(546612.6937), np.float64(6449120.7737), np.float64(20.976))",TP,0.2536386790163766
10,447.0,Birch,22.4,,,0.0,,POINT (546612.988 6449134.342),"(np.float64(546612.988), np.float64(6449134.342))","(np.float64(546612.4927), np.float64(6449134.3327), np.float64(20.543999999999983))",TP,0.4953873030950636
10,494.0,Fir,17.75,,,0.0,,POINT (546613.177 6449125.63399999),"(np.float64(546613.177), np.float64(6449125.63399999))",,FN,
10,331.0,Spruce,16.15,,,0.0,,POINT (546613.295 6449163.592),"(np.float64(546613.295), np.float64(6449163.592))",,FN,
10,330.0,Tilia,14.9,,,0.0,,POINT (546613.4 6449163.24899999),"(np.float64(546613.4), np.float64(6449163.24899999))",,FN,
10,502.0,Birch,22.0,,,0.0,,POINT (546613.513999999 6449120.655),"(np.float64(546613.513999999), np.float64(6449120.655))",,FN,
10,491.0,Spruce,11.05,,,0.0,,POINT (546613.554 6449130.957),"(np.float64(546613.554), np.float64(6449130.957))",,FN,
10,460.0,Spruce,23.35,,,0.0,,POINT (546613.591 6449161.013),"(np.float64(546613.591), np.float64(6449161.013))",,FN,
10,347.0,Spruce,27.65,,,0.0,,POINT (546613.674 6449144.24),"(np.float64(546613.674), np.float64(6449144.24))",,FN,
10,324.0,Fir,23.85,,,0.0,,POINT (546613.782 6449172.13599999),"(np.float64(546613.782), np.float64(6449172.13599999))",,FN,
10,490.0,Birch,10.6,,,0.0,,POINT (546613.79 6449131.017),"(np.float64(546613.79), np.float64(6449131.017))",,FN,
10,496.0,Birch,19.2,,,0.0,Single trunk,POINT (546613.821 6449124.33399999),"(np.float64(546613.821), np.float64(6449124.33399999))",,FN,
10,497.0,Birch,17.2,,,80.0,Single trunk,POINT (546613.957999999 6449124.51999999),"(np.float64(546613.957999999), np.float64(6449124.51999999))",,FN,
10,312.0,Tilia,13.0,,,0.0,,POINT (546614.082 6449175.085),"(np.float64(546614.082), np.float64(6449175.085))",,FN,
10,323.0,Spruce,15.15,,,0.0,,POINT (546614.231999999 6449169.46499999),"(np.float64(546614.231999999), np.float64(6449169.46499999))","(np.float64(546613.8417), np.float64(6449169.4177), np.float64(23.413999999999987))",TP,0.3931556666973279
10,322.0,Aspen,35.2,70.0,26.2,0.0,,POINT (546614.344 6449169.68699999),"(np.float64(546614.344), np.float64(6449169.68699999))",,FN,
10,495.0,Spruce,11.5,,,0.0,,POINT (546614.567 6449124.24199999),"(np.float64(546614.567), np.float64(6449124.24199999))","(np.float64(546614.4557), np.float64(6449124.1237), np.float64(19.84899999999999))",TP,0.16242714558370946
10,346.0,Spruce,40.5,,26.3,0.0,,POINT (546614.577999999 6449145.821),"(np.float64(546614.577999999), np.float64(6449145.821))",,FN,
10,461.0,Spruce,11.0,,,0.0,,POINT (546614.837 6449162.07699999),"(np.float64(546614.837), np.float64(6449162.07699999))",,FN,
10,345.0,Fir,13.5,,,0.0,,POINT (546614.858 6449146.03799999),"(np.float64(546614.858), np.float64(6449146.03799999))","(np.float64(546615.2547), np.float64(6449146.0737), np.float64(24.682000000000016))",TP,0.3983031266383149
10,487.0,Birch,14.0,,,0.0,,POINT (546615.263999999 6449138.15),"(np.float64(546615.263999999), np.float64(6449138.15))","(np.float64(546615.1337), np.float64(6449138.2557), np.float64(17.25399999999999))",TP,0.16778134458329994
10,489.0,Tilia,10.9,,,0.0,,POINT (546615.349999999 6449133.30999999),"(np.float64(546615.349999999), np.float64(6449133.30999999))",,FN,
10,459.0,Birch,31.0,77.0,24.7,0.0,,POINT (546615.922999999 6449160.245),"(np.float64(546615.922999999), np.float64(6449160.245))","(np.float64(546615.7537), np.float64(6449160.6827), np.float64(24.65299999999999))",TP,0.4693013737146565
10,329.0,Spruce,27.3,,25.6,0.0,,POINT (546616.486 6449166.048),"(np.float64(546616.486), np.float64(6449166.048))","(np.float64(546616.4027), np.float64(6449167.0187), np.float64(24.670999999999992))",TP,0.974267611594833
10,328.0,Spruce,38.25,,25.2,0.0,,POINT (546616.836 6449164.89099999),"(np.float64(546616.836), np.float64(6449164.89099999))",,FN,
10,449.0,Tilia,10.1,,,0.0,,POINT (546617.466 6449144.82799999),"(np.float64(546617.466), np.float64(6449144.82799999))",,FN,
10,455.0,Spruce,18.6,,,0.0,,POINT (546617.466999999 6449152.375),"(np.float64(546617.466999999), np.float64(6449152.375))","(np.float64(546617.2537), np.float64(6449152.7727), np.float64(17.687000000000012))",TP,0.4512894628498567
10,314.0,Birch,21.8,,,0.0,Two tops,POINT (546617.528999999 6449173.95199999),"(np.float64(546617.528999999), np.float64(6449173.95199999))",,FN,
10,313.0,Fir,10.45,,,0.0,,POINT (546617.562 6449174.83399999),"(np.float64(546617.562), np.float64(6449174.83399999))","(np.float64(546617.6967), np.float64(6449174.6537), np.float64(7.581000000000017))",TP,0.22506038374934836
10,462.0,Birch,25.2,,,0.0,,POINT (546617.949 6449160.989),"(np.float64(546617.949), np.float64(6449160.989))","(np.float64(546619.1367), np.float64(6449161.1807), np.float64(23.095))",TP,1.2030711450881377
10,320.0,Fir,21.25,,,0.0,,POINT (546618.234 6449171.565),"(np.float64(546618.234), np.float64(6449171.565))",,FN,
10,454.0,Spruce,14.85,,,0.0,,POINT (546618.440999999 6449152.767),"(np.float64(546618.440999999), np.float64(6449152.767))",,FN,
10,486.0,Tilia,15.65,,,0.0,,POINT (546618.530999999 6449140.286),"(np.float64(546618.530999999), np.float64(6449140.286))",,FN,
10,327.0,Birch,17.95,,21.5,0.0,,POINT (546618.863 6449167.54),"(np.float64(546618.863), np.float64(6449167.54))",,FN,
10,488.0,Fir,13.95,,,0.0,,POINT (546619.055 6449136.73599999),"(np.float64(546619.055), np.float64(6449136.73599999))",,FN,
10,319.0,Tilia,12.2,,,0.0,,POINT (546619.079 6449171.13499999),"(np.float64(546619.079), np.float64(6449171.13499999))",,FN,
10,485.0,Birch,12.5,,,80.0,,POINT (546619.141999999 6449140.974),"(np.float64(546619.141999999), np.float64(6449140.974))","(np.float64(546621.7817), np.float64(6449140.2147), np.float64(7.806999999999988))",TP,2.7467348954511976
10,466.0,Spruce,30.6,,,0.0,,POINT (546619.158 6449165.814),"(np.float64(546619.158), np.float64(6449165.814))","(np.float64(546621.0427), np.float64(6449167.9167), np.float64(11.007000000000005))",TP,2.823728276320135
10,318.0,Tilia,13.1,,,0.0,,POINT (546619.174 6449171.41999999),"(np.float64(546619.174), np.float64(6449171.41999999))",,FN,
10,450.0,Fir,16.35,,,0.0,,POINT (546619.341 6449148.28299999),"(np.float64(546619.341), np.float64(6449148.28299999))",,FN,
10,457.0,Spruce,35.6,,25.2,0.0,,POINT (546619.481 6449155.76099999),"(np.float64(546619.481), np.float64(6449155.76099999))","(np.float64(546619.7387), np.float64(6449156.5267), np.float64(24.284999999999997))",TP,0.807902095668159
10,321.0,Birch,40.05,,,80.0,,POINT (546619.5 6449170.985),"(np.float64(546619.5), np.float64(6449170.985))","(np.float64(546619.7957), np.float64(6449171.4477), np.float64(24.658000000000015))",TP,0.5491172734856928
10,463.0,Birch,21.75,81.0,23.8,0.0,,POINT (546619.893999999 6449159.728),"(np.float64(546619.893999999), np.float64(6449159.728))",,FN,
10,452.0,Tilia,27.3,,,0.0,,POINT (546620.077 6449149.89699999),"(np.float64(546620.077), np.float64(6449149.89699999))","(np.float64(546619.9097), np.float64(6449149.9277), np.float64(19.22399999999999))",TP,0.1700934468424342
10,451.0,Fir,12.5,,,0.0,,POINT (546620.143 6449148.087),"(np.float64(546620.143), np.float64(6449148.087))",,FN,
10,453.0,Tilia,15.5,,,0.0,,POINT (546620.430999999 6449150.13499999),"(np.float64(546620.430999999), np.float64(6449150.13499999))",,FN,
10,456.0,Tilia,16.8,,,0.0,,POINT (546620.601999999 6449155.359),"(np.float64(546620.601999999), np.float64(6449155.359))",,FN,
10,467.0,Willow,18.9,,15.0,80.0,A hollow,POINT (546621.043999999 6449165.92399999),"(np.float64(546621.043999999), np.float64(6449165.92399999))",,FN,
10,458.0,Birch,12.55,,,0.0,,POINT (546621.082999999 6449156.682),"(np.float64(546621.082999999), np.float64(6449156.682))",,FN,
10,464.0,Fir,10.85,,,0.0,,POINT (546621.716999999 6449160.796),"(np.float64(546621.716999999), np.float64(6449160.796))","(np.float64(546622.0227), np.float64(6449162.7377), np.float64(6.0730000000000075))",TP,1.9656173029896364
10,315.0,Birch,12.6,,,0.0,,POINT (546621.824999999 6449172.02099999),"(np.float64(546621.824999999), np.float64(6449172.02099999))",,FN,
10,465.0,Fir,15.1,,16.7,0.0,,POINT (546621.888 6449161.81099999),"(np.float64(546621.888), np.float64(6449161.81099999))",,FN,
10,481.0,Spruce,14.7,,,0.0,,POINT (546621.927 6449151.53199999),"(np.float64(546621.927), np.float64(6449151.53199999))",,FN,
10,316.0,Birch,20.05,,,0.0,,POINT (546622.087999999 6449171.31199999),"(np.float64(546622.087999999), np.float64(6449171.31199999))",,FN,
10,317.0,Spruce,18.95,,,0.0,,POINT (546622.175 6449171.86699999),"(np.float64(546622.175), np.float64(6449171.86699999))",,FN,
10,480.0,Tilia,34.95,,21.3,0.0,,POINT (546622.386999999 6449152.69799999),"(np.float64(546622.386999999), np.float64(6449152.69799999))","(np.float64(546622.4097), np.float64(6449152.4097), np.float64(20.502999999999986))",TP,0.28919227895921645
10,482.0,Fir,16.7,,,0.0,,POINT (546623.39 6449151.31099999),"(np.float64(546623.39), np.float64(6449151.31099999))",,FN,
10,484.0,Spruce,16.95,,,0.0,,POINT (546623.498999999 6449146.88399999),"(np.float64(546623.498999999), np.float64(6449146.88399999))","(np.float64(546623.4697), np.float64(6449147.2527), np.float64(17.83699999999999))",TP,0.3698623894729097
10,478.0,Spruce,27.85,62.0,22.9,0.0,,POINT (546624.008 6449156.575),"(np.float64(546624.008), np.float64(6449156.575))",,FN,
10,479.0,Birch,16.1,,,80.0,,POINT (546624.248 6449157.11199999),"(np.float64(546624.248), np.float64(6449157.11199999))","(np.float64(546624.0197), np.float64(6449157.0667), np.float64(22.337000000000018))",TP,0.2327508950308454
10,468.0,Fir,30.5,,,0.0,,POINT (546625.586 6449165.22499999),"(np.float64(546625.586), np.float64(6449165.22499999))","(np.float64(546625.3857), np.float64(6449166.0257), np.float64(23.619))",TP,0.8253730039835824
10,483.0,Birch,17.3,,,0.0,,POINT (546625.655 6449149.979),"(np.float64(546625.655), np.float64(6449149.979))","(np.float64(546624.3727), np.float64(6449148.9267), np.float64(5.1229999999999905))",TP,1.6588033582640191
10,477.0,Spruce,34.6,,,0.0,,POINT (546626.626 6449152.967),"(np.float64(546626.626), np.float64(6449152.967))","(np.float64(546625.8187), np.float64(6449153.8257), np.float64(22.165999999999997))",TP,1.1786004326043558
10,474.0,Tilia,28.15,,,0.0,,POINT (546627.677999999 6449160.637),"(np.float64(546627.677999999), np.float64(6449160.637))","(np.float64(546627.4217), np.float64(6449161.0787), np.float64(20.133999999999986))",TP,0.5106746320367551
10,476.0,Birch,20.95,78.0,20.2,0.0,,POINT (546628.054 6449157.774),"(np.float64(546628.054), np.float64(6449157.774))",,FN,
10,475.0,Spruce,14.65,,,0.0,,POINT (546628.995 6449157.36299999),"(np.float64(546628.995), np.float64(6449157.36299999))","(np.float64(546628.9777), np.float64(6449158.1497), np.float64(19.13300000000001))",TP,0.7868902059396482
10,473.0,Fir,12.25,,,0.0,,POINT (546629.890999999 6449159.14099999),"(np.float64(546629.890999999), np.float64(6449159.14099999))",,FN,
10,469.0,Tilia,12.45,,,0.0,,POINT (546630.385 6449166.598),"(np.float64(546630.385), np.float64(6449166.598))","(np.float64(546629.6147), np.float64(6449166.6637), np.float64(12.49600000000001))",TP,0.7730967468441096
10,470.0,Tilia,11.0,,,0.0,,POINT (546632.476999999 6449167.92499999),"(np.float64(546632.476999999), np.float64(6449167.92499999))",,FN,
10,471.0,Fir,10.25,,,0.0,,POINT (546632.777 6449167.013),"(np.float64(546632.777), np.float64(6449167.013))",,FN,
10,,,,,,,,,,"(np.float64(546592.4047), np.float64(6449110.1647), np.float64(6.5589999999999975))",FP,
10,,,,,,,,,,"(np.float64(546619.3827), np.float64(6449170.4087), np.float64(8.046999999999997))",FP,
10,,,,,,,,,,"(np.float64(546619.8587), np.float64(6449171.6837), np.float64(13.808999999999997))",FP,
10,,,,,,,,,,"(np.float64(546594.8267), np.float64(6449146.0917), np.float64(10.239000000000004))",FP,
10,,,,,,,,,,"(np.float64(546624.4957), np.float64(6449158.0117), np.float64(7.341000000000008))",FP,
10,,,,,,,,,,"(np.float64(546578.8896999999), np.float64(6449146.6587), np.float64(9.027999999999992))",FP,
10,,,,,,,,,,"(np.float64(546573.3537), np.float64(6449122.0657), np.float64(8.346000000000004))",FP,
10,,,,,,,,,,"(np.float64(546580.1847), np.float64(6449147.8067), np.float64(10.59899999999999))",FP,
10,,,,,,,,,,"(np.float64(546599.1267), np.float64(6449147.6567), np.float64(4.7520000000000095))",FP,
10,,,,,,,,,,"(np.float64(546599.6037), np.float64(6449177.4567), np.float64(13.540999999999997))",FP,
10,,,,,,,,,,"(np.float64(546617.9987), np.float64(6449162.4317), np.float64(13.159999999999997))",FP,
10,,,,,,,,,,"(np.float64(546580.9707), np.float64(6449113.4567), np.float64(11.525999999999982))",FP,
10,,,,,,,,,,"(np.float64(546614.2847), np.float64(6449139.2957), np.float64(6.481999999999999))",FP,
10,,,,,,,,,,"(np.float64(546574.9167), np.float64(6449118.9337), np.float64(5.631))",FP,
10,,,,,,,,,,"(np.float64(546609.3537), np.float64(6449147.9557), np.float64(7.545999999999992))",FP,
10,,,,,,,,,,"(np.float64(546618.4787), np.float64(6449159.5117), np.float64(8.034999999999997))",FP,
10,,,,,,,,,,"(np.float64(546617.7607), np.float64(6449170.0337), np.float64(13.274000000000001))",FP,
10,,,,,,,,,,"(np.float64(546615.9737), np.float64(6449175.2367), np.float64(19.62700000000001))",FP,
10,,,,,,,,,,"(np.float64(546623.5717), np.float64(6449155.6067), np.float64(7.622000000000014))",FP,
10,,,,,,,,,,"(np.float64(546575.9657), np.float64(6449121.0717), np.float64(8.887))",FP,
10,,,,,,,,,,"(np.float64(546573.3507), np.float64(6449119.7537), np.float64(18.448999999999984))",FP,
10,,,,,,,,,,"(np.float64(546580.3447), np.float64(6449158.5367), np.float64(6.260999999999996))",FP,
10,,,,,,,,,,"(np.float64(546572.9217), np.float64(6449101.6187), np.float64(11.591999999999985))",FP,
10,,,,,,,,,,"(np.float64(546599.8557), np.float64(6449145.3027), np.float64(7.283999999999992))",FP,
10,,,,,,,,,,"(np.float64(546581.9627), np.float64(6449115.1107), np.float64(23.113))",FP,
10,,,,,,,,,,"(np.float64(546569.8357), np.float64(6449112.6177), np.float64(13.140999999999991))",FP,
10,,,,,,,,,,"(np.float64(546580.6396999999), np.float64(6449110.3357), np.float64(4.800000000000011))",FP,
10,,,,,,,,,,"(np.float64(546589.4857), np.float64(6449093.1637), np.float64(4.871000000000009))",FP,
10,,,,,,,,,,"(np.float64(546620.4887), np.float64(6449158.6507), np.float64(9.00399999999999))",FP,
10,,,,,,,,,,"(np.float64(546564.3337), np.float64(6449125.4487), np.float64(4.347000000000008))",FP,
10,,,,,,,,,,"(np.float64(546608.8457), np.float64(6449148.2197), np.float64(10.816000000000003))",FP,
10,,,,,,,,,,"(np.float64(546580.5617), np.float64(6449110.1457), np.float64(17.954000000000008))",FP,
10,,,,,,,,,,"(np.float64(546577.0677), np.float64(6449116.5627), np.float64(7.075999999999993))",FP,
10,,,,,,,,,,"(np.float64(546602.4837), np.float64(6449144.2607), np.float64(6.38300000000001))",FP,
10,,,,,,,,,,"(np.float64(546573.9097), np.float64(6449137.6077), np.float64(5.705999999999989))",FP,
10,,,,,,,,,,"(np.float64(546591.5747), np.float64(6449100.8637), np.float64(6.284999999999997))",FP,
10,,,,,,,,,,"(np.float64(546623.0967), np.float64(6449164.9757), np.float64(8.227000000000004))",FP,
10,,,,,,,,,,"(np.float64(546567.0857), np.float64(6449097.4897), np.float64(8.943999999999988))",FP,
10,,,,,,,,,,"(np.float64(546590.2477), np.float64(6449143.3337), np.float64(10.563000000000017))",FP,
10,,,,,,,,,,"(np.float64(546596.3687), np.float64(6449117.8027), np.float64(6.655000000000001))",FP,
10,,,,,,,,,,"(np.float64(546596.7567), np.float64(6449140.4107), np.float64(10.103000000000009))",FP,
10,,,,,,,,,,"(np.float64(546595.7977), np.float64(6449104.3187), np.float64(12.485000000000014))",FP,
10,,,,,,,,,,"(np.float64(546564.5857), np.float64(6449122.9017), np.float64(4.759999999999991))",FP,
10,,,,,,,,,,"(np.float64(546590.4657), np.float64(6449090.9827), np.float64(12.852000000000004))",FP,
10,,,,,,,,,,"(np.float64(546580.4587), np.float64(6449149.7197), np.float64(7.89500000000001))",FP,
10,,,,,,,,,,"(np.float64(546575.5787), np.float64(6449134.2147), np.float64(8.287999999999982))",FP,
10,,,,,,,,,,"(np.float64(546564.2387), np.float64(6449123.2037), np.float64(6.77000000000001))",FP,
10,,,,,,,,,,"(np.float64(546571.1977), np.float64(6449111.4137), np.float64(9.649000000000001))",FP,
10,,,,,,,,,,"(np.float64(546583.9247), np.float64(6449108.5047), np.float64(4.947000000000003))",FP,
10,,,,,,,,,,"(np.float64(546616.4247), np.float64(6449127.3207), np.float64(21.893))",FP,
10,,,,,,,,,,"(np.float64(546613.0397), np.float64(6449157.2147), np.float64(13.956000000000017))",FP,
10,,,,,,,,,,"(np.float64(546562.5597), np.float64(6449124.2827), np.float64(6.322999999999979))",FP,
10,,,,,,,,,,"(np.float64(546571.2357), np.float64(6449110.5037), np.float64(5.201999999999998))",FP,
10,,,,,,,,,,"(np.float64(546579.6767), np.float64(6449107.8837), np.float64(5.078000000000003))",FP,
10,,,,,,,,,,"(np.float64(546614.0067), np.float64(6449155.5557), np.float64(11.753000000000014))",FP,
